# Blender 5.0.1
# www.blender.org
mtllib pez.mtl
g pasted__polySurface3_pasted__lambert12_0_Malla
v -0.022681 0.669815 -0.159204
v 0.066677 0.683115 -0.263461
v 0.003500 0.586872 -0.267543
v -0.093467 0.571966 -0.163824
v 0.195401 0.666212 -0.348317
v 0.110002 0.584648 -0.374332
v 0.037112 0.547699 -0.366600
v -0.056424 0.529984 -0.284378
v -0.171680 0.494482 -0.161913
v 0.195401 0.666212 -0.348317
v 0.229731 0.697913 -0.252821
v 0.265251 0.598152 -0.324814
v 0.243691 0.578954 -0.430340
v 0.208556 0.691885 -0.112447
v 0.270944 0.599368 -0.217517
v 0.304634 0.544007 -0.297314
v 0.304858 0.528858 -0.397560
v 0.278187 0.517602 -0.504023
v 0.037112 0.547699 -0.366600
v 0.110002 0.584648 -0.374332
v 0.166542 0.555060 -0.465731
v 0.053060 0.527614 -0.434855
v 0.243691 0.578954 -0.430340
v 0.278187 0.517602 -0.504023
v 0.194044 0.509477 -0.539564
v 0.071143 0.496626 -0.509554
v -0.171680 0.494482 -0.161913
v -0.056424 0.529984 -0.284378
v -0.077496 0.497761 -0.341583
v -0.192482 0.463766 -0.244493
v 0.037112 0.547699 -0.366600
v 0.053060 0.527614 -0.434855
v 0.071143 0.496626 -0.509554
v -0.071799 0.471196 -0.419364
v -0.197472 0.436070 -0.328326
v 0.304634 0.544007 -0.297314
v 0.270944 0.599368 -0.217517
v 0.300491 0.569318 -0.176816
v 0.336266 0.506398 -0.287265
v 0.259712 0.620173 -0.096558
v 0.293310 0.574995 -0.100116
v 0.332747 0.531672 -0.156162
v 0.389435 0.457805 -0.261472
v 0.278187 0.517602 -0.504023
v 0.304858 0.528858 -0.397560
v 0.340817 0.474960 -0.431911
v 0.303441 0.463187 -0.553219
v 0.304634 0.544007 -0.297314
v 0.336266 0.506398 -0.287265
v 0.389435 0.457805 -0.261472
v 0.375609 0.427361 -0.445075
v 0.326010 0.410546 -0.585954
v 0.071143 0.496626 -0.509554
v 0.194044 0.509477 -0.539564
v 0.213431 0.459263 -0.593655
v 0.089055 0.452268 -0.569722
v 0.278187 0.517602 -0.504023
v 0.303441 0.463187 -0.553219
v 0.326010 0.410546 -0.585954
v 0.229048 0.404869 -0.633245
v 0.102813 0.399167 -0.616194
v -0.197472 0.436070 -0.328326
v -0.071799 0.471196 -0.419364
v -0.051421 0.431282 -0.497922
v -0.172904 0.398161 -0.428971
v 0.071143 0.496626 -0.509554
v 0.089055 0.452268 -0.569722
v 0.102813 0.399167 -0.616194
v -0.034607 0.382279 -0.564047
v -0.129460 0.367960 -0.506791
v 0.208556 0.691885 -0.112447
v 0.079568 0.706524 -0.111550
v 0.072096 0.642998 -0.070384
v 0.175599 0.645796 -0.053954
v -0.022681 0.669815 -0.159204
v -0.037767 0.610095 -0.082652
v -0.033122 0.572981 -0.019628
v 0.065990 0.602957 -0.017458
v 0.160464 0.607759 -0.010338
v -0.093467 0.571966 -0.163824
v -0.121401 0.550160 -0.081638
v -0.037767 0.610095 -0.082652
v -0.171680 0.494482 -0.161913
v -0.184100 0.485417 -0.067347
v -0.182642 0.467337 0.001216
v -0.116463 0.522304 -0.015092
v -0.033122 0.572981 -0.019628
v 0.293310 0.574995 -0.100116
v 0.259712 0.620173 -0.096558
v 0.240149 0.615416 -0.042483
v 0.289291 0.565601 -0.054619
v 0.175599 0.645796 -0.053954
v 0.160464 0.607759 -0.010338
v 0.229894 0.582912 -0.000021
v 0.288101 0.541023 -0.006914
v 0.389435 0.457805 -0.261472
v 0.332747 0.531672 -0.156162
v 0.346567 0.510097 -0.109007
v 0.403780 0.454110 -0.161033
v 0.293310 0.574995 -0.100116
v 0.289291 0.565601 -0.054619
v 0.288101 0.541023 -0.006914
v 0.348907 0.494699 -0.051428
v 0.406977 0.445294 -0.092584
v 0.160464 0.607759 -0.010338
v 0.065990 0.602957 -0.017458
v 0.057322 0.557682 0.037325
v 0.144770 0.565727 0.041136
v -0.033122 0.572981 -0.019628
v -0.033232 0.530740 0.036628
v -0.037534 0.485147 0.088755
v 0.050790 0.509295 0.091205
v 0.136867 0.519744 0.094072
v -0.033122 0.572981 -0.019628
v -0.116463 0.522304 -0.015092
v -0.114817 0.489248 0.041706
v -0.033232 0.530740 0.036628
v -0.182642 0.467337 0.001216
v -0.181557 0.443853 0.059032
v -0.171114 0.428931 0.096046
v -0.120160 0.452015 0.092958
v -0.037534 0.485147 0.088755
v 0.288101 0.541023 -0.006914
v 0.229894 0.582912 -0.000021
v 0.217041 0.550526 0.045402
v 0.281803 0.518377 0.036422
v 0.160464 0.607759 -0.010338
v 0.144770 0.565727 0.041136
v 0.136867 0.519744 0.094072
v 0.212749 0.511778 0.091122
v 0.283279 0.486596 0.076824
v 0.406977 0.445294 -0.092584
v 0.348907 0.494699 -0.051428
v 0.346727 0.475580 0.000497
v 0.407105 0.426605 -0.029603
v 0.288101 0.541023 -0.006914
v 0.281803 0.518377 0.036422
v 0.283279 0.486596 0.076824
v 0.353298 0.445399 0.045642
v 0.401208 0.413139 0.016629
v -0.192482 0.463766 -0.244493
v -0.259254 0.423897 -0.202163
v -0.238185 0.439924 -0.120811
v -0.197472 0.436070 -0.328326
v -0.268562 0.394134 -0.295775
v -0.308097 0.347813 -0.298718
v -0.299431 0.379386 -0.193827
v -0.277277 0.397019 -0.103162
v 0.326010 0.410546 -0.585954
v 0.375609 0.427361 -0.445075
v 0.411710 0.376963 -0.454263
v 0.352449 0.354514 -0.610250
v 0.389435 0.457805 -0.261472
v 0.439608 0.398327 -0.278558
v 0.477734 0.352395 -0.271207
v 0.446064 0.326671 -0.462072
v 0.379892 0.298969 -0.631418
v 0.102813 0.399167 -0.616194
v 0.229048 0.404869 -0.633245
v 0.245237 0.346742 -0.663573
v 0.108433 0.341951 -0.649807
v 0.326010 0.410546 -0.585954
v 0.352449 0.354514 -0.610250
v 0.379892 0.298969 -0.631418
v 0.261883 0.289229 -0.690190
v 0.111427 0.284917 -0.677813
v -0.172904 0.398161 -0.428971
v -0.240303 0.354760 -0.413582
v -0.268562 0.394134 -0.295775
v -0.129460 0.367960 -0.506791
v -0.166607 0.326091 -0.526271
v -0.192948 0.274082 -0.552737
v -0.275444 0.305783 -0.429713
v -0.308097 0.347813 -0.298718
v -0.129460 0.367960 -0.506791
v -0.034607 0.382279 -0.564047
v -0.039605 0.328444 -0.604526
v -0.166607 0.326091 -0.526271
v 0.102813 0.399167 -0.616194
v 0.108433 0.341951 -0.649807
v 0.111427 0.284917 -0.677813
v -0.052087 0.273497 -0.633717
v -0.192948 0.274082 -0.552737
v -0.182642 0.467337 0.001216
v -0.184100 0.485417 -0.067347
v -0.231162 0.438093 -0.039785
v -0.230265 0.424489 0.034363
v -0.238185 0.439924 -0.120811
v -0.277277 0.397019 -0.103162
v -0.269469 0.397229 -0.014845
v -0.267305 0.385230 0.066796
v 0.403780 0.454110 -0.161033
v 0.452731 0.402845 -0.166081
v 0.439608 0.398327 -0.278558
v 0.406977 0.445294 -0.092584
v 0.456974 0.394163 -0.089406
v 0.495719 0.344911 -0.061535
v 0.492236 0.356199 -0.147883
v 0.477734 0.352395 -0.271207
v 0.136867 0.519744 0.094072
v 0.050790 0.509295 0.091205
v 0.051091 0.459919 0.141419
v 0.145103 0.469854 0.142071
v -0.037534 0.485147 0.088755
v -0.045468 0.437978 0.139394
v -0.051551 0.397352 0.184208
v 0.054250 0.417596 0.184744
v 0.155481 0.425076 0.182867
v -0.171114 0.428931 0.096046
v -0.181557 0.443853 0.059032
v -0.227574 0.405203 0.095079
v -0.202933 0.395746 0.134025
v -0.230265 0.424489 0.034363
v -0.267305 0.385230 0.066796
v -0.262080 0.366237 0.137435
v -0.230880 0.359570 0.176709
v -0.037534 0.485147 0.088755
v -0.120160 0.452015 0.092958
v -0.136187 0.411629 0.142863
v -0.045468 0.437978 0.139394
v -0.171114 0.428931 0.096046
v -0.202933 0.395746 0.134025
v -0.230880 0.359570 0.176709
v -0.153649 0.373976 0.186915
v -0.051551 0.397352 0.184208
v 0.283279 0.486596 0.076824
v 0.212749 0.511778 0.091122
v 0.228181 0.460186 0.134480
v 0.305415 0.434609 0.115725
v 0.136867 0.519744 0.094072
v 0.145103 0.469854 0.142071
v 0.155481 0.425076 0.182867
v 0.243869 0.410159 0.172921
v 0.326060 0.380966 0.152654
v 0.407105 0.426605 -0.029603
v 0.458230 0.375925 -0.021108
v 0.456974 0.394163 -0.089406
v 0.401208 0.413139 0.016629
v 0.439027 0.369639 0.036944
v 0.471535 0.321333 0.074895
v 0.494332 0.325357 0.018400
v 0.495719 0.344911 -0.061535
v 0.401208 0.413139 0.016629
v 0.353298 0.445399 0.045642
v 0.381893 0.396813 0.082884
v 0.439027 0.369639 0.036944
v 0.283279 0.486596 0.076824
v 0.305415 0.434609 0.115725
v 0.326060 0.380966 0.152654
v 0.408696 0.345613 0.119812
v 0.471535 0.321333 0.074895
v -0.277277 0.397019 -0.103162
v -0.299431 0.379386 -0.193827
v -0.334632 0.331466 -0.198720
v -0.314358 0.349619 -0.099853
v -0.308097 0.347813 -0.298718
v -0.339106 0.299531 -0.314162
v -0.361170 0.249415 -0.338675
v -0.364451 0.281679 -0.215793
v -0.350329 0.300253 -0.111114
v 0.379892 0.298969 -0.631418
v 0.446064 0.326671 -0.462072
v 0.475610 0.279390 -0.471097
v 0.405471 0.247788 -0.654766
v 0.477734 0.352395 -0.271207
v 0.507939 0.308983 -0.264082
v 0.531964 0.263000 -0.271585
v 0.500256 0.232139 -0.484423
v 0.427777 0.199086 -0.674371
v 0.111427 0.284917 -0.677813
v 0.261883 0.289229 -0.690190
v 0.278872 0.236676 -0.718644
v 0.117308 0.232363 -0.707468
v 0.379892 0.298969 -0.631418
v 0.405471 0.247788 -0.654766
v 0.427777 0.199086 -0.674371
v 0.294299 0.186202 -0.745233
v 0.123725 0.180384 -0.740196
v -0.308097 0.347813 -0.298718
v -0.275444 0.305783 -0.429713
v -0.300154 0.255934 -0.455319
v -0.339106 0.299531 -0.314162
v -0.192948 0.274082 -0.552737
v -0.209214 0.222525 -0.584990
v -0.219263 0.170130 -0.621562
v -0.316207 0.204662 -0.487118
v -0.361170 0.249415 -0.338675
v -0.192948 0.274082 -0.552737
v -0.052087 0.273497 -0.633717
v -0.057724 0.221157 -0.665979
v -0.209214 0.222525 -0.584990
v 0.111427 0.284917 -0.677813
v 0.117308 0.232363 -0.707468
v 0.123725 0.180384 -0.740196
v -0.060041 0.168532 -0.702447
v -0.219263 0.170130 -0.621562
v -0.267305 0.385230 0.066796
v -0.269469 0.397229 -0.014845
v -0.305908 0.351871 -0.008421
v -0.301735 0.341027 0.080963
v -0.277277 0.397019 -0.103162
v -0.314358 0.349619 -0.099853
v -0.350329 0.300253 -0.111114
v -0.343084 0.303938 -0.017279
v -0.335162 0.297723 0.075095
v 0.477734 0.352395 -0.271207
v 0.492236 0.356199 -0.147883
v 0.521107 0.314067 -0.130170
v 0.507939 0.308983 -0.264082
v 0.495719 0.344911 -0.061535
v 0.520034 0.301145 -0.028612
v 0.538821 0.260048 -0.027068
v 0.543132 0.269308 -0.132051
v 0.531964 0.263000 -0.271585
v -0.230880 0.359570 0.176709
v -0.262080 0.366237 0.137435
v -0.294290 0.319893 0.173687
v -0.254142 0.323591 0.209959
v -0.267305 0.385230 0.066796
v -0.301735 0.341027 0.080963
v -0.335162 0.297723 0.075095
v -0.319006 0.286599 0.175393
v -0.311187 0.281424 0.223069
v -0.301842 0.288761 0.236576
v -0.265889 0.297973 0.241409
v 0.495719 0.344911 -0.061535
v 0.494332 0.325357 0.018400
v 0.509638 0.276720 0.081342
v 0.520034 0.301145 -0.028612
v 0.471535 0.321333 0.074895
v 0.479269 0.280369 0.130196
v 0.472295 0.252907 0.187535
v 0.500032 0.243640 0.172408
v 0.509697 0.237537 0.149193
v 0.524095 0.244205 0.082116
v 0.538821 0.260048 -0.027068
v -0.350329 0.300253 -0.111114
v -0.364451 0.281679 -0.215793
v -0.388480 0.231568 -0.243996
v -0.386092 0.251453 -0.137173
v -0.361170 0.249415 -0.338675
v -0.373872 0.197590 -0.368823
v -0.379887 0.141496 -0.389951
v -0.404330 0.177361 -0.265729
v -0.412837 0.198562 -0.158675
v 0.427777 0.199086 -0.674371
v 0.500256 0.232139 -0.484423
v 0.519907 0.181938 -0.505137
v 0.445403 0.150980 -0.684307
v 0.531964 0.263000 -0.271585
v 0.551547 0.209354 -0.308120
v 0.564657 0.149091 -0.343633
v 0.533124 0.124064 -0.523122
v 0.457393 0.094699 -0.689835
v 0.123725 0.180384 -0.740196
v 0.294299 0.186202 -0.745233
v 0.306263 0.134926 -0.766253
v 0.128328 0.125077 -0.777421
v 0.427777 0.199086 -0.674371
v 0.445403 0.150980 -0.684307
v 0.457393 0.094699 -0.689835
v 0.314288 0.077052 -0.781153
v 0.131187 0.065110 -0.806562
v -0.361170 0.249415 -0.338675
v -0.316207 0.204662 -0.487118
v -0.325375 0.151413 -0.521830
v -0.373872 0.197590 -0.368823
v -0.219263 0.170130 -0.621562
v -0.226951 0.115604 -0.660985
v -0.231831 0.056914 -0.688388
v -0.329669 0.093904 -0.545346
v -0.379887 0.141496 -0.389951
v -0.219263 0.170130 -0.621562
v -0.060041 0.168532 -0.702447
v -0.062563 0.112731 -0.744257
v -0.226951 0.115604 -0.660985
v 0.123725 0.180384 -0.740196
v 0.128328 0.125077 -0.777421
v 0.131187 0.065110 -0.806562
v -0.064533 0.052857 -0.775550
v -0.231831 0.056914 -0.688388
v -0.335162 0.297723 0.075095
v -0.343084 0.303938 -0.017279
v -0.383605 0.255351 -0.038182
v -0.371352 0.251283 0.066252
v -0.350329 0.300253 -0.111114
v -0.386092 0.251453 -0.137173
v -0.412837 0.198562 -0.158675
v -0.415249 0.202163 -0.054783
v -0.402971 0.196004 0.052880
v 0.531964 0.263000 -0.271585
v 0.543132 0.269308 -0.132051
v 0.562094 0.214782 -0.172632
v 0.551547 0.209354 -0.308120
v 0.538821 0.260048 -0.027068
v 0.556776 0.208013 -0.062564
v 0.573839 0.145410 -0.113629
v 0.575168 0.153722 -0.213988
v 0.564657 0.149091 -0.343633
v 0.538821 0.260048 -0.027068
v 0.524095 0.244205 0.082116
v 0.540823 0.198840 0.058195
v 0.556776 0.208013 -0.062564
v 0.509697 0.237537 0.149193
v 0.509409 0.223415 0.167788
v 0.514838 0.208954 0.166823
v 0.535007 0.181474 0.116454
v 0.561496 0.122099 0.058497
v 0.569850 0.131610 -0.021997
v 0.573839 0.145410 -0.113629
v -0.412837 0.198562 -0.158675
v -0.404330 0.177361 -0.265729
v -0.409613 0.115286 -0.263393
v -0.421751 0.136926 -0.156262
v -0.379887 0.141496 -0.389951
v -0.381892 0.078572 -0.387402
v -0.377087 0.016321 -0.374990
v -0.404526 0.054427 -0.251335
v -0.416542 0.077607 -0.145378
v 0.457393 0.094699 -0.689835
v 0.533124 0.124064 -0.523122
v 0.538467 0.053795 -0.528263
v 0.462796 0.021474 -0.696216
v 0.564657 0.149091 -0.343633
v 0.569261 0.083255 -0.348072
v 0.565567 0.017131 -0.337294
v 0.534849 -0.016702 -0.525895
v 0.460294 -0.073301 -0.741777
v 0.131187 0.065110 -0.806562
v 0.314288 0.077052 -0.781153
v 0.317901 0.006783 -0.789380
v 0.132375 -0.000848 -0.815037
v 0.457393 0.094699 -0.689835
v 0.462796 0.021474 -0.696216
v 0.460294 -0.073301 -0.741777
v 0.306512 -0.074260 -0.826969
v 0.132639 -0.076642 -0.845069
v -0.379887 0.141496 -0.389951
v -0.329669 0.093904 -0.545346
v -0.331100 0.029849 -0.543560
v -0.381892 0.078572 -0.387402
v -0.231831 0.056914 -0.688388
v -0.233458 -0.007974 -0.688904
v -0.229944 -0.091191 -0.715272
v -0.326810 -0.032330 -0.532547
v -0.377087 0.016321 -0.374990
v -0.231831 0.056914 -0.688388
v -0.064533 0.052857 -0.775550
v -0.065189 -0.011987 -0.780471
v -0.233458 -0.007974 -0.688904
v 0.131187 0.065110 -0.806562
v 0.132375 -0.000848 -0.815037
v 0.132639 -0.076642 -0.845069
v -0.052745 -0.085472 -0.810448
v -0.229944 -0.091191 -0.715272
v -0.402971 0.196004 0.052880
v -0.415249 0.202163 -0.054783
v -0.425797 0.140428 -0.050737
v -0.414227 0.132784 0.053356
v -0.412837 0.198562 -0.158675
v -0.421751 0.136926 -0.156262
v -0.416542 0.077607 -0.145378
v -0.420547 0.081476 -0.040912
v -0.409991 0.072745 0.057031
v 0.564657 0.149091 -0.343633
v 0.575168 0.153722 -0.213988
v 0.579526 0.089363 -0.218193
v 0.569261 0.083255 -0.348072
v 0.573839 0.145410 -0.113629
v 0.579526 0.080537 -0.121070
v 0.577016 0.018666 -0.109764
v 0.576559 0.025854 -0.205564
v 0.565567 0.017131 -0.337294
v -0.325698 0.183954 0.291825
v -0.367405 0.187927 0.171248
v -0.379517 0.120987 0.156190
v -0.340239 0.111565 0.244646
v -0.402971 0.196004 0.052880
v -0.414227 0.132784 0.053356
v -0.409991 0.072745 0.057031
v -0.378325 0.058123 0.143421
v -0.339357 0.050199 0.222724
v 0.573839 0.145410 -0.113629
v 0.569850 0.131610 -0.021997
v 0.579526 0.065194 -0.039147
v 0.579526 0.080537 -0.121070
v 0.561496 0.122099 0.058497
v 0.570326 0.059768 0.051407
v 0.565859 0.002269 0.064277
v 0.576131 0.004763 -0.028952
v 0.577016 0.018666 -0.109764
v -0.416542 0.077607 -0.145378
v -0.404526 0.054427 -0.251335
v -0.389267 0.003868 -0.243902
v -0.400913 0.031667 -0.141465
v -0.377087 0.016321 -0.374990
v -0.362672 -0.037757 -0.366528
v -0.339416 -0.096050 -0.355074
v -0.365634 -0.052594 -0.235386
v -0.377668 -0.019594 -0.137332
v 0.460294 -0.073301 -0.741777
v 0.534849 -0.016702 -0.525895
v 0.521182 -0.075259 -0.521351
v 0.466181 -0.124381 -0.730432
v 0.565567 0.017131 -0.337294
v 0.553783 -0.043994 -0.327156
v 0.530382 -0.103054 -0.315249
v 0.494927 -0.129266 -0.504437
v 0.422145 -0.170399 -0.730376
v 0.153594 -0.268169 -1.381108
v 0.350580 -0.264602 -1.332469
v 0.358624 -0.267219 -1.369510
v 0.153372 -0.270314 -1.425773
v 0.422138 -0.261911 -1.258642
v 0.469817 -0.263296 -1.260917
v 0.405364 -0.266706 -1.257034
v 0.330449 -0.269773 -1.330142
v 0.147537 -0.272446 -1.379871
v -0.377087 0.016321 -0.374990
v -0.326810 -0.032330 -0.532547
v -0.313942 -0.084209 -0.528382
v -0.362672 -0.037757 -0.366528
v -0.229944 -0.091191 -0.715272
v -0.245153 -0.137851 -0.708680
v -0.204611 -0.181034 -0.712231
v -0.292908 -0.135968 -0.515951
v -0.339416 -0.096050 -0.355074
v -0.170817 -0.265705 -1.255248
v -0.069274 -0.266879 -1.329415
v -0.079517 -0.269095 -1.369118
v -0.231598 -0.266975 -1.260210
v 0.153594 -0.268169 -1.381108
v 0.153372 -0.270314 -1.425773
v 0.147537 -0.272446 -1.379871
v -0.060648 -0.271643 -1.332392
v -0.161532 -0.269980 -1.259146
v -0.409991 0.072745 0.057031
v -0.420547 0.081476 -0.040912
v -0.404795 0.036639 -0.040179
v -0.395133 0.027010 0.053254
v -0.416542 0.077607 -0.145378
v -0.400913 0.031667 -0.141465
v -0.377668 -0.019594 -0.137332
v -0.381629 -0.011041 -0.041353
v -0.373162 -0.017509 0.047356
v 0.565567 0.017131 -0.337294
v 0.576559 0.025854 -0.205564
v 0.567658 -0.032655 -0.196417
v 0.553783 -0.043994 -0.327156
v 0.577016 0.018666 -0.109764
v 0.569486 -0.034932 -0.104585
v 0.549454 -0.083950 -0.104747
v 0.546713 -0.088636 -0.190492
v 0.530382 -0.103054 -0.315249
v -0.339357 0.050199 0.222724
v -0.378325 0.058123 0.143421
v -0.366146 0.011004 0.132132
v -0.328421 0.004190 0.210616
v -0.409991 0.072745 0.057031
v -0.395133 0.027010 0.053254
v -0.373162 -0.017509 0.047356
v -0.347915 -0.029574 0.123600
v -0.312651 -0.032070 0.207161
v 0.577016 0.018666 -0.109764
v 0.576131 0.004763 -0.028952
v 0.565944 -0.044514 -0.027106
v 0.569486 -0.034932 -0.104585
v 0.565859 0.002269 0.064277
v 0.552457 -0.042611 0.066199
v 0.528801 -0.079310 0.061320
v 0.544142 -0.086930 -0.032593
v 0.549454 -0.083950 -0.104747
v -0.377668 -0.019594 -0.137332
v -0.365634 -0.052594 -0.235386
v -0.335424 -0.131164 -0.220082
v -0.349612 -0.094873 -0.125785
v -0.339416 -0.096050 -0.355074
v -0.308090 -0.170949 -0.333685
v -0.258181 -0.231045 -0.292952
v -0.284578 -0.199057 -0.192312
v -0.299465 -0.165182 -0.106867
v 0.422145 -0.170399 -0.730376
v 0.494927 -0.129266 -0.504437
v 0.453545 -0.186113 -0.464956
v 0.379450 -0.211819 -0.620427
v 0.530382 -0.103054 -0.315249
v 0.491839 -0.162981 -0.299167
v 0.435568 -0.209030 -0.265951
v 0.397720 -0.229471 -0.399026
v 0.327957 -0.248387 -0.523306
v 0.122675 -0.239350 -0.822790
v 0.275288 -0.220567 -0.805550
v 0.256276 -0.237960 -0.701115
v 0.105440 -0.251958 -0.720912
v 0.422145 -0.170399 -0.730376
v 0.379450 -0.211819 -0.620427
v 0.327957 -0.248387 -0.523306
v 0.218843 -0.263048 -0.590148
v 0.089318 -0.269760 -0.608827
v -0.339416 -0.096050 -0.355074
v -0.292908 -0.135968 -0.515951
v -0.264126 -0.197785 -0.480138
v -0.308090 -0.170949 -0.333685
v -0.204611 -0.181034 -0.712231
v -0.184865 -0.218827 -0.614971
v -0.151875 -0.254911 -0.525508
v -0.218994 -0.246656 -0.415485
v -0.258181 -0.231045 -0.292952
v -0.204611 -0.181034 -0.712231
v -0.040760 -0.226098 -0.794484
v -0.051642 -0.241233 -0.693713
v -0.184865 -0.218827 -0.614971
v 0.122675 -0.239350 -0.822790
v 0.105440 -0.251958 -0.720912
v 0.089318 -0.269760 -0.608827
v -0.041680 -0.264830 -0.588618
v -0.151875 -0.254911 -0.525508
v -0.373162 -0.017509 0.047356
v -0.381629 -0.011041 -0.041353
v -0.354136 -0.078520 -0.037250
v -0.347590 -0.073901 0.044665
v -0.377668 -0.019594 -0.137332
v -0.349612 -0.094873 -0.125785
v -0.299465 -0.165182 -0.106867
v -0.304120 -0.143907 -0.029918
v -0.299484 -0.129679 0.041712
v 0.530382 -0.103054 -0.315249
v 0.546713 -0.088636 -0.190492
v 0.507613 -0.144560 -0.187528
v 0.491839 -0.162981 -0.299167
v 0.549454 -0.083950 -0.104747
v 0.509440 -0.132081 -0.109462
v 0.449393 -0.173657 -0.105343
v 0.448936 -0.189796 -0.172720
v 0.435568 -0.209030 -0.265951
v -0.312651 -0.032070 0.207161
v -0.347915 -0.029574 0.123600
v -0.328565 -0.072814 0.119099
v -0.297266 -0.064186 0.211202
v -0.373162 -0.017509 0.047356
v -0.347590 -0.073901 0.044665
v -0.299484 -0.129679 0.041712
v -0.286497 -0.116942 0.111202
v -0.255602 -0.098449 0.207786
v 0.549454 -0.083950 -0.104747
v 0.544142 -0.086930 -0.032593
v 0.505899 -0.126778 -0.044394
v 0.509440 -0.132081 -0.109462
v 0.528801 -0.079310 0.061320
v 0.493571 -0.112266 0.053787
v 0.435674 -0.142394 0.050413
v 0.448508 -0.162501 -0.049829
v 0.449393 -0.173657 -0.105343
v -0.107237 -0.217846 -0.049677
v -0.105627 -0.226517 -0.094942
v -0.031182 -0.230194 -0.050530
v -0.017499 -0.228068 -0.016659
v -0.089720 -0.238370 -0.142899
v -0.008442 -0.237134 -0.068939
v 0.095260 -0.236575 0.015702
v 0.216612 -0.254268 -0.259392
v 0.258045 -0.241693 -0.200647
v 0.200697 -0.240491 -0.117144
v 0.165395 -0.247932 -0.133855
v 0.275708 -0.229782 -0.127875
v 0.199378 -0.233555 -0.060283
v 0.095260 -0.236575 0.015702
v 0.090504 -0.265595 -0.304326
v 0.159893 -0.262025 -0.301074
v 0.137880 -0.254585 -0.181501
v 0.094039 -0.255246 -0.159834
v 0.216612 -0.254268 -0.259392
v 0.165395 -0.247932 -0.133855
v 0.095260 -0.236575 0.015702
v -0.089720 -0.238370 -0.142899
v -0.073241 -0.254432 -0.210143
v -0.011325 -0.249086 -0.123199
v -0.008442 -0.237134 -0.068939
v -0.034457 -0.266653 -0.261639
v 0.023399 -0.256597 -0.135218
v 0.095260 -0.236575 0.015702
v -0.034457 -0.266653 -0.261639
v 0.020846 -0.269711 -0.300965
v 0.048890 -0.261101 -0.181350
v 0.023399 -0.256597 -0.135218
v 0.090504 -0.265595 -0.304326
v 0.094039 -0.255246 -0.159834
v 0.095260 -0.236575 0.015702
v -0.106464 -0.202561 0.029147
v -0.113307 -0.209331 -0.010954
v -0.035275 -0.222552 0.002210
v -0.016735 -0.220900 0.028595
v -0.107237 -0.217846 -0.049677
v -0.017499 -0.228068 -0.016659
v 0.095260 -0.236575 0.015702
v 0.275708 -0.229782 -0.127875
v 0.286605 -0.224593 -0.081206
v 0.218976 -0.230714 -0.040578
v 0.199378 -0.233555 -0.060283
v 0.282848 -0.221618 -0.043401
v 0.203947 -0.230983 -0.011490
v 0.095260 -0.236575 0.015702
v -0.068966 -0.186911 0.124814
v -0.102840 -0.195214 0.071282
v -0.028126 -0.214718 0.055975
v 0.007193 -0.213696 0.082104
v -0.106464 -0.202561 0.029147
v -0.016735 -0.220900 0.028595
v 0.095260 -0.236575 0.015702
v 0.282848 -0.221618 -0.043401
v 0.286605 -0.214480 -0.015172
v 0.218976 -0.225894 0.001694
v 0.203947 -0.230983 -0.011490
v 0.261535 -0.202030 0.040841
v 0.188946 -0.220668 0.035344
v 0.095260 -0.236575 0.015702
v 0.561496 0.122099 0.058497
v 0.535007 0.181474 0.116454
v 0.520537 0.183918 0.177736
v 0.537178 0.135103 0.160119
v 0.514838 0.208954 0.166823
v 0.503412 0.218860 0.201834
v 0.498586 0.215448 0.223182
v 0.501325 0.196493 0.238646
v 0.507079 0.157883 0.266277
v -0.340239 0.111565 0.244646
v -0.314964 0.111046 0.305604
v -0.311735 0.162375 0.343788
v -0.339357 0.050199 0.222724
v -0.306896 0.061562 0.299410
v -0.280607 0.091548 0.391359
v -0.295872 0.126732 0.375406
v -0.299257 0.158667 0.389124
v 0.565859 0.002269 0.064277
v 0.570326 0.059768 0.051407
v 0.542726 0.080692 0.174423
v 0.538156 0.029306 0.197327
v 0.537178 0.135103 0.160119
v 0.507079 0.157883 0.266277
v 0.508437 0.114970 0.306441
v 0.503093 0.073351 0.343411
v -0.328421 0.004190 0.210616
v -0.292543 0.022135 0.302867
v -0.306896 0.061562 0.299410
v -0.312651 -0.032070 0.207161
v -0.274133 -0.009834 0.317821
v -0.240242 0.030089 0.444790
v -0.262624 0.059504 0.412916
v -0.280607 0.091548 0.391359
v 0.528801 -0.079310 0.061320
v 0.552457 -0.042611 0.066199
v 0.524448 -0.010435 0.205509
v 0.501456 -0.042826 0.212340
v 0.538156 0.029306 0.197327
v 0.503093 0.073351 0.343411
v 0.488736 0.038624 0.361459
v 0.465748 0.008486 0.381171
v -0.297266 -0.064186 0.211202
v -0.253895 -0.036942 0.346117
v -0.274133 -0.009834 0.317821
v -0.255602 -0.098449 0.207786
v -0.197239 -0.066956 0.360703
v -0.153443 -0.021396 0.527857
v -0.211784 0.002789 0.491693
v -0.240242 0.030089 0.444790
v 0.435674 -0.142394 0.050413
v 0.493571 -0.112266 0.053787
v 0.469039 -0.072163 0.231190
v 0.400283 -0.099399 0.251972
v 0.501456 -0.042826 0.212340
v 0.465748 0.008486 0.381171
v 0.434510 -0.019366 0.423133
v 0.370621 -0.040991 0.466573
v 0.099104 -0.171353 0.218543
v -0.003086 -0.171403 0.205286
v 0.038993 -0.204043 0.129466
v 0.098946 -0.206642 0.125603
v -0.068966 -0.186911 0.124814
v 0.007193 -0.213696 0.082104
v 0.095260 -0.236575 0.015702
v 0.095260 -0.236575 0.015702
v 0.188946 -0.220668 0.035344
v 0.158970 -0.208220 0.096276
v 0.098946 -0.206642 0.125603
v 0.261535 -0.202030 0.040841
v 0.201353 -0.180043 0.154613
v 0.099104 -0.171353 0.218543
v 0.268277 -0.125488 0.264597
v 0.099296 -0.112567 0.349462
v 0.344016 -0.170608 0.058011
v 0.435674 -0.142394 0.050413
v 0.400283 -0.099399 0.251972
v 0.370621 -0.040991 0.466573
v 0.249682 -0.052445 0.490719
v 0.101500 -0.047581 0.522946
v -0.255602 -0.098449 0.207786
v -0.160992 -0.141151 0.181965
v -0.069570 -0.107641 0.334525
v -0.197239 -0.066956 0.360703
v 0.099296 -0.112567 0.349462
v 0.101500 -0.047581 0.522946
v -0.041414 -0.041466 0.527517
v -0.153443 -0.021396 0.527857
v -0.286497 -0.116942 0.111202
v -0.200110 -0.160182 0.092477
v -0.160992 -0.141151 0.181965
v -0.299484 -0.129679 0.041712
v -0.209911 -0.172360 0.035029
v -0.299484 -0.129679 0.041712
v -0.304120 -0.143907 -0.029918
v -0.213383 -0.185314 -0.021408
v -0.209911 -0.172360 0.035029
v -0.299465 -0.165182 -0.106867
v -0.209950 -0.201528 -0.080622
v -0.299465 -0.165182 -0.106867
v -0.284578 -0.199057 -0.192312
v -0.199036 -0.223490 -0.146401
v -0.209950 -0.201528 -0.080622
v -0.258181 -0.231045 -0.292952
v -0.179179 -0.244930 -0.223463
v -0.258181 -0.231045 -0.292952
v -0.218994 -0.246656 -0.415485
v -0.148915 -0.259580 -0.316529
v -0.179179 -0.244930 -0.223463
v -0.151875 -0.254911 -0.525508
v -0.097310 -0.268472 -0.399733
v -0.151875 -0.254911 -0.525508
v -0.041680 -0.264830 -0.588618
v -0.013431 -0.272638 -0.447211
v -0.097310 -0.268472 -0.399733
v 0.089318 -0.269760 -0.608827
v 0.086635 -0.272369 -0.461978
v 0.089318 -0.269760 -0.608827
v 0.218843 -0.263048 -0.590148
v 0.186798 -0.267957 -0.447046
v 0.086635 -0.272369 -0.461978
v 0.327957 -0.248387 -0.523306
v 0.272239 -0.258478 -0.396085
v 0.327957 -0.248387 -0.523306
v 0.397720 -0.229471 -0.399026
v 0.328136 -0.243008 -0.302766
v 0.272239 -0.258478 -0.396085
v 0.435568 -0.209030 -0.265951
v 0.358981 -0.226452 -0.202642
v 0.435568 -0.209030 -0.265951
v 0.448936 -0.189796 -0.172720
v 0.369263 -0.213713 -0.131267
v 0.358981 -0.226452 -0.202642
v 0.449393 -0.173657 -0.105343
v 0.369263 -0.203005 -0.079004
v 0.449393 -0.173657 -0.105343
v 0.448508 -0.162501 -0.049829
v 0.369263 -0.192542 -0.036217
v 0.369263 -0.203005 -0.079004
v 0.344016 -0.170608 0.058011
v 0.140338 0.327098 0.326552
v 0.139424 0.319976 0.338979
v 0.209753 0.305134 0.330868
v 0.211979 0.311466 0.318193
v 0.138941 0.309303 0.340089
v 0.208616 0.294940 0.332046
v 0.278802 0.273104 0.327527
v 0.281625 0.282131 0.326257
v 0.285156 0.287006 0.312772
v 0.138941 0.309303 0.340089
v 0.139424 0.319976 0.338979
v 0.062199 0.319519 0.347102
v 0.062442 0.309502 0.348186
v 0.140338 0.327098 0.326552
v 0.061644 0.326743 0.334377
v -0.030359 0.315136 0.339626
v -0.027982 0.308851 0.352759
v -0.026267 0.300202 0.353835
v -0.026267 0.300202 0.353835
v -0.027982 0.308851 0.352759
v -0.137179 0.293059 0.353474
v -0.132573 0.286066 0.354535
v -0.030359 0.315136 0.339626
v -0.141930 0.297012 0.340258
v -0.234393 0.278564 0.356655
v -0.227258 0.277978 0.372873
v -0.219749 0.272040 0.374427
v -0.219749 0.272040 0.374427
v -0.227258 0.277978 0.372873
v -0.260080 0.269443 0.434586
v -0.251066 0.263071 0.437656
v -0.234393 0.278564 0.356655
v -0.269073 0.265986 0.409197
v -0.271533 0.253151 0.478150
v -0.262745 0.261750 0.506952
v -0.253063 0.254940 0.510421
v 0.285156 0.287006 0.312772
v 0.281625 0.282131 0.326257
v 0.363478 0.258103 0.328634
v 0.368455 0.260874 0.313763
v 0.278802 0.273104 0.327527
v 0.356830 0.250489 0.330005
v 0.419729 0.228346 0.350402
v 0.429439 0.233947 0.348282
v 0.435931 0.234855 0.329811
v 0.435931 0.234855 0.329811
v 0.429439 0.233947 0.348282
v 0.453631 0.210557 0.395486
v 0.461640 0.210732 0.369561
v 0.419729 0.228346 0.350402
v 0.444526 0.207928 0.399642
v 0.447135 0.192241 0.465501
v 0.454442 0.192526 0.460986
v 0.462268 0.189153 0.434874
v -0.253063 0.254940 0.510421
v -0.262745 0.261750 0.506952
v -0.262348 0.249193 0.558310
v -0.252277 0.243427 0.558921
v -0.271533 0.253151 0.478150
v -0.270889 0.238692 0.526641
v -0.266665 0.222430 0.562597
v -0.258606 0.233670 0.596518
v -0.248437 0.229515 0.593736
v 0.462268 0.189153 0.434874
v 0.454442 0.192526 0.460986
v 0.450258 0.184446 0.535524
v 0.458569 0.175721 0.507049
v 0.447135 0.192241 0.465501
v 0.443466 0.184289 0.535757
v 0.431858 0.173673 0.597406
v 0.437801 0.173597 0.601584
v 0.447005 0.160197 0.569927
v -0.248437 0.229515 0.593736
v -0.258606 0.233670 0.596518
v -0.251231 0.217081 0.629432
v -0.241272 0.214182 0.625449
v -0.266665 0.222430 0.562597
v -0.258386 0.204187 0.593942
v -0.246417 0.182287 0.623011
v -0.240272 0.196828 0.659357
v -0.230551 0.195588 0.655108
v -0.230551 0.195588 0.655108
v -0.240272 0.196828 0.659357
v -0.225777 0.170315 0.688599
v -0.216042 0.171891 0.683763
v -0.246417 0.182287 0.623011
v -0.231121 0.155049 0.652138
v -0.207025 0.122902 0.678904
v -0.201775 0.137890 0.713293
v -0.192157 0.142613 0.707643
v 0.447005 0.160197 0.569927
v 0.437801 0.173597 0.601584
v 0.413793 0.147259 0.641650
v 0.424038 0.132341 0.607353
v 0.431858 0.173673 0.597406
v 0.410648 0.149996 0.637443
v 0.380628 0.121531 0.662539
v 0.381707 0.115417 0.665276
v 0.393016 0.100539 0.631004
v -0.192157 0.142613 0.707643
v -0.201775 0.137890 0.713293
v -0.162294 0.099897 0.729575
v -0.153310 0.107277 0.722975
v -0.207025 0.122902 0.678904
v -0.168657 0.086269 0.700889
v -0.107141 0.054629 0.713920
v -0.100564 0.066798 0.737127
v -0.093235 0.075935 0.730360
v 0.393016 0.100539 0.631004
v 0.381707 0.115417 0.665276
v 0.345014 0.088055 0.682015
v 0.357286 0.073173 0.652562
v 0.380628 0.121531 0.662539
v 0.342589 0.096552 0.679365
v 0.285440 0.076007 0.693221
v 0.289446 0.066219 0.696273
v 0.300815 0.051751 0.672205
v -0.093235 0.075935 0.730360
v -0.100564 0.066798 0.737127
v -0.009809 0.049052 0.735630
v -0.005669 0.058644 0.730397
v -0.107141 0.054629 0.713920
v -0.013605 0.037460 0.713820
v 0.096463 0.032572 0.704561
v 0.095460 0.044494 0.726827
v 0.095927 0.054061 0.723331
v 0.300815 0.051751 0.672205
v 0.289446 0.066219 0.696273
v 0.200737 0.050958 0.712460
v 0.207572 0.037776 0.690114
v 0.285440 0.076007 0.693221
v 0.198091 0.060846 0.709408
v 0.095927 0.054061 0.723331
v 0.095460 0.044494 0.726827
v 0.096463 0.032572 0.704561
v 0.507079 0.157883 0.266277
v 0.501325 0.196493 0.238646
v 0.481286 0.209517 0.295788
v 0.481379 0.177697 0.360380
v 0.498586 0.215448 0.223182
v 0.491640 0.225676 0.231804
v 0.464360 0.240798 0.228277
v 0.451408 0.235667 0.277955
v -0.311735 0.162375 0.343788
v -0.292197 0.207338 0.436300
v -0.293694 0.227177 0.397056
v -0.299257 0.158667 0.389124
v -0.286298 0.188971 0.464410
v -0.299257 0.158667 0.389124
v -0.295872 0.126732 0.375406
v -0.275140 0.165925 0.490393
v -0.286298 0.188971 0.464410
v -0.280607 0.091548 0.391359
v -0.260155 0.139491 0.516452
v 0.503093 0.073351 0.343411
v 0.508437 0.114970 0.306441
v 0.479174 0.149604 0.424002
v 0.470739 0.121881 0.475740
v 0.507079 0.157883 0.266277
v 0.481379 0.177697 0.360380
v -0.280607 0.091548 0.391359
v -0.262624 0.059504 0.412916
v -0.242776 0.110961 0.544792
v -0.260155 0.139491 0.516452
v -0.240242 0.030089 0.444790
v -0.218860 0.080651 0.577277
v 0.465748 0.008486 0.381171
v 0.488736 0.038624 0.361459
v 0.452142 0.091173 0.504681
v 0.425315 0.060584 0.528514
v 0.503093 0.073351 0.343411
v 0.470739 0.121881 0.475740
v -0.240242 0.030089 0.444790
v -0.211784 0.002789 0.491693
v -0.184262 0.048880 0.615773
v -0.218860 0.080651 0.577277
v -0.153443 -0.021396 0.527857
v -0.124089 0.022182 0.644880
v 0.370621 -0.040991 0.466573
v 0.434510 -0.019366 0.423133
v 0.392188 0.033223 0.564929
v 0.332669 0.012703 0.601144
v 0.465748 0.008486 0.381171
v 0.425315 0.060584 0.528514
v -0.153443 -0.021396 0.527857
v -0.041414 -0.041466 0.527517
v -0.023450 0.007094 0.649199
v -0.124089 0.022182 0.644880
v 0.101500 -0.047581 0.522946
v 0.099516 0.001339 0.638957
v 0.101500 -0.047581 0.522946
v 0.249682 -0.052445 0.490719
v 0.226667 0.002642 0.624379
v 0.099516 0.001339 0.638957
v 0.370621 -0.040991 0.466573
v 0.332669 0.012703 0.601144
v -0.265258 0.284984 0.269690
v -0.301273 0.270641 0.280255
v -0.291646 0.254638 0.337668
v -0.251632 0.278313 0.311537
v -0.309648 0.259706 0.268084
v -0.315452 0.239540 0.273993
v -0.325698 0.183954 0.291825
v -0.293694 0.227177 0.397056
v -0.309648 0.259706 0.268084
v -0.313919 0.268929 0.245540
v -0.339671 0.247271 0.189401
v -0.315452 0.239540 0.273993
v -0.311187 0.281424 0.223069
v -0.319006 0.286599 0.175393
v -0.335162 0.297723 0.075095
v -0.371352 0.251283 0.066252
v -0.402971 0.196004 0.052880
v -0.367405 0.187927 0.171248
v -0.325698 0.183954 0.291825
v 0.148326 0.376241 0.234790
v 0.146099 0.368837 0.243416
v 0.226247 0.348088 0.233730
v 0.230261 0.356066 0.224968
v 0.144980 0.361725 0.256849
v 0.223631 0.341744 0.247328
v 0.303222 0.309408 0.237482
v 0.307050 0.314250 0.223091
v 0.311655 0.322574 0.212758
v 0.144980 0.361725 0.256849
v 0.146099 0.368837 0.243416
v 0.057900 0.368884 0.248858
v 0.058507 0.361836 0.262703
v 0.148326 0.376241 0.234790
v 0.057437 0.375163 0.239755
v -0.046484 0.357022 0.241766
v -0.044859 0.351174 0.251319
v -0.042486 0.345131 0.265635
v -0.042486 0.345131 0.265635
v -0.044859 0.351174 0.251319
v -0.168687 0.318653 0.252060
v -0.164702 0.314663 0.266391
v -0.046484 0.357022 0.241766
v -0.167514 0.326010 0.242728
v -0.265889 0.297973 0.241409
v -0.269802 0.288321 0.253817
v -0.265258 0.284984 0.269690
v 0.311655 0.322574 0.212758
v 0.307050 0.314250 0.223091
v 0.397215 0.274933 0.214791
v 0.400918 0.283703 0.200633
v 0.303222 0.309408 0.237482
v 0.392510 0.272234 0.230651
v 0.464360 0.240798 0.228277
v 0.469438 0.243084 0.209271
v 0.472295 0.252907 0.187535
v 0.155481 0.425076 0.182867
v 0.054250 0.417596 0.184744
v 0.056293 0.390372 0.217953
v 0.154004 0.394430 0.214190
v -0.051551 0.397352 0.184208
v -0.050302 0.371391 0.218864
v -0.051551 0.397352 0.184208
v -0.153649 0.373976 0.186915
v -0.163296 0.344944 0.220609
v -0.050302 0.371391 0.218864
v -0.230880 0.359570 0.176709
v -0.254142 0.323591 0.209959
v 0.326060 0.380966 0.152654
v 0.243869 0.410159 0.172921
v 0.240349 0.376104 0.203891
v 0.323065 0.344217 0.187139
v 0.155481 0.425076 0.182867
v 0.154004 0.394430 0.214190
v 0.471535 0.321333 0.074895
v 0.408696 0.345613 0.119812
v 0.409891 0.307586 0.164018
v 0.479269 0.280369 0.130196
v 0.326060 0.380966 0.152654
v 0.323065 0.344217 0.187139
v 0.144980 0.361725 0.256849
v 0.058507 0.361836 0.262703
v 0.060084 0.344318 0.298727
v 0.142624 0.344413 0.291868
v -0.042486 0.345131 0.265635
v -0.036424 0.330173 0.302828
v -0.042486 0.345131 0.265635
v -0.164702 0.314663 0.266391
v -0.153444 0.305831 0.303511
v -0.036424 0.330173 0.302828
v -0.265258 0.284984 0.269690
v -0.251632 0.278313 0.311537
v 0.303222 0.309408 0.237482
v 0.223631 0.341744 0.247328
v 0.217740 0.326603 0.282915
v 0.294139 0.298213 0.275278
v 0.144980 0.361725 0.256849
v 0.142624 0.344413 0.291868
v 0.464360 0.240798 0.228277
v 0.392510 0.272234 0.230651
v 0.380527 0.266566 0.272372
v 0.451408 0.235667 0.277955
v 0.303222 0.309408 0.237482
v 0.294139 0.298213 0.275278
v -0.265258 0.284984 0.269690
v -0.269802 0.288321 0.253817
v -0.304421 0.277179 0.259328
v -0.301273 0.270641 0.280255
v -0.313919 0.268929 0.245540
v -0.309648 0.259706 0.268084
v 0.464360 0.240798 0.228277
v 0.491640 0.225676 0.231804
v 0.496415 0.231652 0.206971
v 0.469438 0.243084 0.209271
v 0.498586 0.215448 0.223182
v 0.503412 0.218860 0.201834
v 0.514838 0.208954 0.166823
v 0.509409 0.223415 0.167788
v 0.132639 -0.076642 -0.845069
v 0.306512 -0.074260 -0.826969
v 0.269534 -0.164455 -0.929957
v 0.132727 -0.166120 -0.938882
v 0.460294 -0.073301 -0.741777
v 0.363998 -0.170703 -0.911737
v 0.329717 -0.236340 -1.054539
v 0.251425 -0.236209 -1.069893
v 0.135868 -0.239112 -1.078404
v 0.466181 -0.124381 -0.730432
v 0.385109 -0.189290 -0.905824
v 0.422145 -0.170399 -0.730376
v 0.344066 -0.214032 -0.911753
v 0.312457 -0.254803 -1.052885
v 0.346909 -0.243877 -1.048787
v 0.275288 -0.220567 -0.805550
v 0.252068 -0.238743 -0.929060
v 0.122675 -0.239350 -0.822790
v 0.128695 -0.252324 -0.939022
v 0.131477 -0.270908 -1.076900
v 0.235815 -0.265101 -1.067082
v -0.229944 -0.091191 -0.715272
v -0.052745 -0.085472 -0.810448
v -0.015416 -0.171273 -0.916913
v -0.128063 -0.182165 -0.890636
v 0.132639 -0.076642 -0.845069
v 0.132727 -0.166120 -0.938882
v 0.135868 -0.239112 -1.078404
v 0.006882 -0.240679 -1.063628
v -0.092567 -0.243860 -1.045336
v 0.122675 -0.239350 -0.822790
v -0.040760 -0.226098 -0.794484
v -0.006475 -0.243678 -0.922918
v 0.128695 -0.252324 -0.939022
v -0.204611 -0.181034 -0.712231
v -0.114986 -0.223139 -0.899280
v -0.081501 -0.260812 -1.052490
v 0.013934 -0.268362 -1.067863
v 0.131477 -0.270908 -1.076900
v -0.245153 -0.137851 -0.708680
v -0.158384 -0.201044 -0.886639
v -0.119515 -0.251608 -1.043302
v 0.296643 -0.261928 -1.218330
v 0.145291 -0.265448 -1.245566
v 0.398363 -0.259195 -1.175663
v 0.420529 -0.262031 -1.160580
v 0.375523 -0.267396 -1.173553
v 0.275727 -0.272255 -1.215055
v 0.138998 -0.275130 -1.243715
v -0.025772 -0.264978 -1.214356
v -0.158395 -0.264341 -1.170480
v 0.145291 -0.265448 -1.245566
v -0.016811 -0.274541 -1.218164
v 0.138998 -0.275130 -1.243715
v -0.143888 -0.271587 -1.177224
v -0.194425 -0.267366 -1.159716
v 0.270935 0.275519 0.347636
v 0.269267 0.276752 0.346324
v 0.269415 0.283398 0.356435
v 0.270423 0.284292 0.359329
v 0.267085 0.278272 0.346523
v 0.268320 0.285736 0.358519
v 0.269397 0.292495 0.369928
v 0.264483 0.278128 0.345960
v 0.266459 0.284248 0.356210
v 0.262251 0.278016 0.346976
v 0.265683 0.285655 0.358968
v 0.260173 0.276274 0.347192
v 0.263801 0.283226 0.357392
v 0.259264 0.274900 0.348731
v 0.264057 0.284097 0.360414
v 0.258863 0.272275 0.349297
v 0.262996 0.280931 0.359288
v 0.259873 0.270748 0.350760
v 0.264394 0.281974 0.362008
v 0.261319 0.268474 0.351043
v 0.264518 0.278707 0.360787
v 0.263722 0.267994 0.351874
v 0.266496 0.280530 0.362818
v 0.266104 0.267098 0.351407
v 0.267474 0.277857 0.361012
v 0.268557 0.268250 0.351420
v 0.269133 0.280611 0.362369
v 0.270414 0.268953 0.350175
v 0.270132 0.278879 0.359830
v 0.271544 0.271368 0.349665
v 0.270760 0.282169 0.360923
v 0.271724 0.272952 0.348070
v 0.270937 0.281174 0.357934
v 0.270935 0.275519 0.347636
v 0.270423 0.284292 0.359329
v 0.272499 0.260813 0.321340
v 0.274302 0.261798 0.321788
v 0.275923 0.256734 0.321518
v 0.272458 0.256383 0.320896
v 0.273941 0.263458 0.325295
v 0.275467 0.258735 0.325216
v 0.275136 0.253808 0.324961
v 0.275574 0.251443 0.321030
v 0.273576 0.252056 0.320703
v 0.270815 0.265816 0.321782
v 0.270653 0.267216 0.325174
v 0.268674 0.263100 0.321086
v 0.265572 0.266292 0.321110
v 0.266110 0.268280 0.321519
v 0.266213 0.269531 0.324885
v 0.260831 0.268683 0.321022
v 0.261232 0.269925 0.324458
v 0.261291 0.265217 0.320524
v 0.256848 0.265306 0.320149
v 0.255791 0.267115 0.320380
v 0.256476 0.268479 0.323967
v 0.251800 0.263668 0.319684
v 0.252714 0.265277 0.323486
v 0.254611 0.261510 0.319538
v 0.251415 0.258429 0.319018
v 0.249368 0.258980 0.319038
v 0.250425 0.260915 0.323083
v 0.249002 0.253690 0.318549
v 0.250087 0.255989 0.322828
v 0.252534 0.254129 0.318703
v 0.252462 0.249666 0.318378
v 0.250608 0.248619 0.318277
v 0.251608 0.251262 0.322747
v 0.254093 0.244584 0.318282
v 0.254896 0.247497 0.322868
v 0.256297 0.247384 0.318509
v 0.259395 0.244156 0.318606
v 0.258807 0.242105 0.318545
v 0.259340 0.245177 0.323158
v 0.264103 0.241700 0.319043
v 0.264328 0.244784 0.323585
v 0.263710 0.245247 0.319072
v 0.268150 0.245147 0.319570
v 0.269158 0.243277 0.319686
v 0.269089 0.246233 0.324076
v 0.273150 0.246741 0.320384
v 0.272850 0.249441 0.324558
v 0.270410 0.248982 0.320062
v 0.262509 0.255258 0.319721
v 0.273941 0.263458 0.325295
v 0.270653 0.267216 0.325174
v 0.269908 0.271110 0.334630
v 0.272463 0.268303 0.335102
v 0.266213 0.269531 0.324885
v 0.266461 0.272866 0.334265
v 0.261232 0.269925 0.324458
v 0.262594 0.273213 0.334074
v 0.256476 0.268479 0.323967
v 0.258906 0.272202 0.334071
v 0.252714 0.265277 0.323486
v 0.255992 0.269885 0.334272
v 0.250425 0.260915 0.323083
v 0.254222 0.266697 0.334634
v 0.250087 0.255989 0.322828
v 0.253967 0.263073 0.335110
v 0.251608 0.251262 0.322747
v 0.255154 0.259575 0.335624
v 0.254896 0.247497 0.322868
v 0.257709 0.256766 0.336096
v 0.259340 0.245177 0.323158
v 0.261157 0.255008 0.336461
v 0.264328 0.244784 0.323585
v 0.265025 0.254662 0.336652
v 0.269089 0.246233 0.324076
v 0.268715 0.255674 0.336655
v 0.272850 0.249441 0.324558
v 0.271629 0.257993 0.336453
v 0.275136 0.253808 0.324961
v 0.273398 0.261182 0.336092
v 0.275467 0.258735 0.325216
v 0.273651 0.264806 0.335615
v 0.273941 0.263458 0.325295
v 0.272463 0.268303 0.335102
v -0.230717 0.255647 0.613502
v -0.232063 0.253374 0.615371
v -0.227713 0.264628 0.626565
v -0.226255 0.268306 0.628014
v -0.231930 0.252013 0.618618
v -0.227130 0.266113 0.630643
v -0.222559 0.278956 0.641720
v -0.230901 0.249085 0.620210
v -0.227151 0.261881 0.629517
v -0.228597 0.247868 0.622288
v -0.225353 0.263902 0.632748
v -0.225795 0.245581 0.622282
v -0.223929 0.259918 0.631047
v -0.222667 0.245640 0.622363
v -0.221964 0.262966 0.633097
v -0.219735 0.244914 0.620372
v -0.219935 0.259889 0.630259
v -0.217615 0.246634 0.618797
v -0.218948 0.263854 0.631485
v -0.216273 0.247476 0.615598
v -0.217508 0.261810 0.627614
v -0.216401 0.250268 0.613679
v -0.218073 0.266047 0.628856
v -0.217436 0.251766 0.610757
v -0.218071 0.264556 0.624662
v -0.219736 0.254414 0.610009
v -0.219850 0.268259 0.626750
v -0.222543 0.255270 0.608686
v -0.221293 0.266519 0.623131
v -0.225665 0.256642 0.609936
v -0.223239 0.269194 0.626402
v -0.228602 0.255936 0.610597
v -0.225287 0.266549 0.623920
v -0.230717 0.255647 0.613502
v -0.226255 0.268306 0.628014
v -0.246467 0.227832 0.585058
v -0.248339 0.229856 0.584724
v -0.245027 0.230015 0.578528
v -0.242682 0.226624 0.580727
v -0.245900 0.233417 0.588354
v -0.242669 0.233693 0.582636
v -0.238083 0.232291 0.578149
v -0.240267 0.228386 0.573616
v -0.239639 0.226594 0.575665
v -0.249570 0.227798 0.591326
v -0.247160 0.231376 0.594494
v -0.246042 0.224975 0.590194
v -0.246768 0.223115 0.595722
v -0.248694 0.224280 0.597340
v -0.246409 0.227997 0.600129
v -0.245687 0.219743 0.601773
v -0.243609 0.223708 0.604329
v -0.243168 0.219019 0.597918
v -0.240381 0.215207 0.601435
v -0.241142 0.214924 0.604095
v -0.239318 0.219204 0.606586
v -0.235652 0.210557 0.603776
v -0.234095 0.215177 0.606389
v -0.235744 0.212228 0.599403
v -0.231031 0.208721 0.598862
v -0.230087 0.207249 0.601049
v -0.228772 0.212183 0.603946
v -0.225319 0.205606 0.596152
v -0.224182 0.210776 0.599464
v -0.228093 0.208566 0.593771
v -0.224178 0.207455 0.589487
v -0.221990 0.205750 0.589958
v -0.220944 0.211047 0.593747
v -0.220743 0.207803 0.583342
v -0.219679 0.213087 0.587600
v -0.224697 0.210191 0.584291
v -0.223855 0.212170 0.578788
v -0.221612 0.211325 0.577308
v -0.220427 0.216469 0.581958
v -0.224628 0.215875 0.572859
v -0.223232 0.220762 0.577753
v -0.227571 0.216168 0.576526
v -0.230266 0.220107 0.573058
v -0.229190 0.220709 0.570534
v -0.227529 0.225271 0.575496
v -0.234696 0.225082 0.570868
v -0.232758 0.229299 0.575698
v -0.235032 0.222982 0.575053
v -0.235450 0.217522 0.587204
v -0.245900 0.233417 0.588354
v -0.247160 0.231376 0.594494
v -0.239935 0.241096 0.603595
v -0.238646 0.243015 0.599114
v -0.246409 0.227997 0.600129
v -0.239588 0.238274 0.607835
v -0.243609 0.223708 0.604329
v -0.237533 0.234925 0.611145
v -0.239318 0.219204 0.606586
v -0.234194 0.231577 0.613109
v -0.234095 0.215177 0.606389
v -0.229996 0.228759 0.613310
v -0.228772 0.212183 0.603946
v -0.225618 0.226846 0.611848
v -0.224182 0.210776 0.599464
v -0.221736 0.226211 0.608822
v -0.220944 0.211047 0.593747
v -0.218883 0.226853 0.604788
v -0.219679 0.213087 0.587600
v -0.217592 0.228773 0.600306
v -0.220427 0.216469 0.581958
v -0.217938 0.231596 0.596064
v -0.223232 0.220762 0.577753
v -0.219995 0.234947 0.592753
v -0.227529 0.225271 0.575496
v -0.223337 0.238295 0.590789
v -0.232758 0.229299 0.575698
v -0.227536 0.241113 0.590590
v -0.238083 0.232291 0.578149
v -0.231914 0.243025 0.592054
v -0.242669 0.233693 0.582636
v -0.235795 0.243659 0.595081
v -0.245900 0.233417 0.588354
v -0.238646 0.243015 0.599114
v -0.043731 0.310903 0.377634
v -0.045764 0.310766 0.376266
v -0.049800 0.317499 0.385475
v -0.049584 0.319171 0.388185
v -0.048428 0.310756 0.376386
v -0.052109 0.319016 0.387311
v -0.055493 0.326542 0.397748
v -0.050447 0.309063 0.375975
v -0.052693 0.316447 0.385295
v -0.052231 0.307813 0.377106
v -0.054224 0.317484 0.387897
v -0.052921 0.305236 0.377634
v -0.054303 0.314238 0.386722
v -0.052912 0.303799 0.379372
v -0.054690 0.315473 0.389600
v -0.051736 0.301524 0.380272
v -0.053685 0.312165 0.388920
v -0.050073 0.301063 0.381857
v -0.053234 0.314160 0.391422
v -0.047586 0.300103 0.382343
v -0.051203 0.311442 0.390601
v -0.045375 0.301210 0.383105
v -0.050709 0.314315 0.392296
v -0.042902 0.301806 0.382633
v -0.048310 0.312494 0.390781
v -0.041572 0.304154 0.382385
v -0.048594 0.315847 0.391710
v -0.040429 0.305634 0.380974
v -0.046700 0.314704 0.389354
v -0.040891 0.308169 0.380119
v -0.048128 0.317858 0.390007
v -0.041614 0.309346 0.378336
v -0.047318 0.316777 0.387156
v -0.043731 0.310903 0.377634
v -0.049584 0.319171 0.388185
v -0.033142 0.296599 0.353273
v -0.032257 0.298492 0.353508
v -0.027995 0.295313 0.353775
v -0.030596 0.292948 0.353372
v -0.033619 0.300069 0.356801
v -0.029637 0.297134 0.357220
v -0.027046 0.292939 0.357583
v -0.025200 0.290784 0.353951
v -0.027172 0.290081 0.353652
v -0.037425 0.299715 0.353186
v -0.038471 0.301183 0.356388
v -0.037574 0.296199 0.352932
v -0.041952 0.296982 0.352722
v -0.042678 0.298948 0.352860
v -0.043420 0.300446 0.356039
v -0.047196 0.296158 0.352580
v -0.047693 0.297829 0.355815
v -0.044798 0.293567 0.352484
v -0.048458 0.291023 0.352322
v -0.050373 0.291899 0.352384
v -0.050714 0.293853 0.355740
v -0.051606 0.286725 0.352309
v -0.051909 0.289037 0.355837
v -0.048062 0.286592 0.352288
v -0.048864 0.282196 0.352305
v -0.050852 0.281459 0.352359
v -0.051234 0.284146 0.356081
v -0.048071 0.276921 0.352534
v -0.048648 0.279948 0.356443
v -0.045453 0.279336 0.352459
v -0.042917 0.275656 0.352682
v -0.043817 0.273727 0.352801
v -0.044668 0.277006 0.356862
v -0.038641 0.272490 0.353123
v -0.039813 0.275888 0.357276
v -0.038474 0.276050 0.352899
v -0.034084 0.275251 0.353234
v -0.033373 0.273250 0.353451
v -0.034858 0.276623 0.357626
v -0.028840 0.276048 0.353732
v -0.030580 0.279243 0.357850
v -0.031215 0.278683 0.353350
v -0.027556 0.281232 0.353636
v -0.025655 0.280322 0.353928
v -0.027557 0.283225 0.357925
v -0.024431 0.285511 0.354002
v -0.026366 0.288047 0.357826
v -0.027952 0.285693 0.353546
v -0.038012 0.286141 0.352837
v -0.033619 0.300069 0.356801
v -0.038471 0.301183 0.356388
v -0.041619 0.305097 0.365326
v -0.037927 0.304371 0.366008
v -0.043420 0.300446 0.356039
v -0.045434 0.304474 0.364922
v -0.047693 0.297829 0.355815
v -0.048779 0.302494 0.364881
v -0.050714 0.293853 0.355740
v -0.051197 0.299547 0.365184
v -0.051909 0.289037 0.355837
v -0.052235 0.296021 0.365809
v -0.051234 0.284146 0.356081
v -0.051841 0.292475 0.366642
v -0.048648 0.279948 0.356443
v -0.049963 0.289467 0.367567
v -0.044668 0.277006 0.356862
v -0.046986 0.287399 0.368442
v -0.039813 0.275888 0.357276
v -0.043292 0.286672 0.369125
v -0.034858 0.276623 0.357626
v -0.039475 0.287295 0.369530
v -0.030580 0.279243 0.357850
v -0.036130 0.289275 0.369570
v -0.027557 0.283225 0.357925
v -0.033711 0.292224 0.369267
v -0.026366 0.288047 0.357826
v -0.032674 0.295752 0.368641
v -0.027046 0.292939 0.357583
v -0.033070 0.299298 0.367808
v -0.029637 0.297134 0.357220
v -0.034949 0.302305 0.366883
v -0.033619 0.300069 0.356801
v -0.037927 0.304371 0.366008
v 0.410405 0.157677 0.317663
v 0.418027 0.156547 0.313490
v 0.420999 0.143874 0.331444
v 0.407509 0.149269 0.333938
v 0.424815 0.172804 0.327556
v 0.427622 0.160740 0.344646
v 0.423421 0.151959 0.363377
v 0.416609 0.134645 0.351133
v 0.409222 0.139166 0.349503
v 0.407595 0.170926 0.300242
v 0.414897 0.186503 0.314934
v 0.397567 0.169275 0.310857
v 0.388205 0.181549 0.300578
v 0.391777 0.184790 0.293281
v 0.399838 0.199712 0.308296
v 0.372645 0.195913 0.294190
v 0.381610 0.210307 0.309157
v 0.371719 0.187748 0.306391
v 0.355620 0.196844 0.308177
v 0.353229 0.202875 0.302263
v 0.363111 0.216933 0.316845
v 0.336561 0.204256 0.316796
v 0.347237 0.218231 0.330689
v 0.345040 0.193936 0.323111
v 0.331656 0.194643 0.336032
v 0.324881 0.200252 0.335202
v 0.336122 0.214398 0.348214
v 0.320430 0.191060 0.354892
v 0.331898 0.205629 0.366947
v 0.333095 0.184204 0.351303
v 0.330356 0.176183 0.367907
v 0.323344 0.178401 0.372883
v 0.334685 0.193569 0.384054
v 0.333760 0.163995 0.386194
v 0.344600 0.179861 0.396700
v 0.342950 0.164186 0.374496
v 0.352562 0.152242 0.385103
v 0.349602 0.150088 0.393205
v 0.359671 0.166636 0.403356
v 0.368795 0.138927 0.392296
v 0.377920 0.156027 0.402492
v 0.368893 0.145618 0.379024
v 0.385263 0.136895 0.377470
v 0.388268 0.131950 0.384185
v 0.396439 0.149397 0.394786
v 0.404952 0.130597 0.369589
v 0.412316 0.148109 0.380919
v 0.395660 0.139443 0.362191
v 0.370166 0.166465 0.342483
v 0.424815 0.172804 0.327556
v 0.414897 0.186503 0.314934
v 0.434114 0.231086 0.359231
v 0.442107 0.220046 0.369410
v 0.399838 0.199712 0.308296
v 0.421976 0.241735 0.353876
v 0.448675 0.291093 0.404723
v 0.457584 0.283693 0.408705
v 0.463534 0.275728 0.416100
v 0.381610 0.210307 0.309157
v 0.407281 0.250278 0.354570
v 0.363111 0.216933 0.316845
v 0.392368 0.255621 0.360772
v 0.427489 0.299959 0.409632
v 0.438137 0.296653 0.405166
v 0.347237 0.218231 0.330689
v 0.379576 0.256667 0.371937
v 0.336122 0.214398 0.348214
v 0.370623 0.253577 0.386068
v 0.411788 0.298341 0.427868
v 0.418248 0.300598 0.417720
v 0.331898 0.205629 0.366947
v 0.367227 0.246510 0.401167
v 0.334685 0.193569 0.384054
v 0.369480 0.236793 0.414952
v 0.411237 0.285759 0.448186
v 0.409479 0.292960 0.438519
v 0.344600 0.179861 0.396700
v 0.377474 0.225751 0.425139
v 0.359671 0.166636 0.403356
v 0.389616 0.215098 0.430498
v 0.425608 0.270645 0.459196
v 0.416975 0.278046 0.455385
v 0.377920 0.156027 0.402492
v 0.404317 0.206551 0.429801
v 0.396439 0.149397 0.394786
v 0.419234 0.201207 0.423594
v 0.446730 0.260477 0.454314
v 0.436054 0.264385 0.458697
v 0.412316 0.148109 0.380919
v 0.432026 0.200164 0.412422
v 0.423421 0.151959 0.363377
v 0.440975 0.203259 0.398287
v 0.462664 0.262939 0.436540
v 0.456055 0.260134 0.446470
v 0.427622 0.160740 0.344646
v 0.444365 0.210328 0.383190
v 0.424815 0.172804 0.327556
v 0.442107 0.220046 0.369410
v 0.463534 0.275728 0.416100
v 0.465192 0.268473 0.425897
v 0.496146 0.343301 0.459344
v 0.500253 0.352239 0.464355
v 0.501693 0.346054 0.469062
v 0.497424 0.337137 0.464552
v 0.498086 0.351431 0.465529
v 0.498964 0.346075 0.469576
v 0.497238 0.340373 0.473274
v 0.499311 0.339408 0.473422
v 0.495227 0.330816 0.469601
v 0.498086 0.351431 0.465529
v 0.500253 0.352239 0.464355
v 0.494603 0.357402 0.459184
v 0.494280 0.355897 0.461096
v 0.496146 0.343301 0.459344
v 0.491060 0.348440 0.454289
v 0.484863 0.351156 0.451210
v 0.489655 0.359125 0.456615
v 0.489535 0.359894 0.456246
v 0.490743 0.359734 0.456762
v 0.489896 0.357870 0.458736
v 0.479411 0.354142 0.460797
v 0.479133 0.355453 0.459069
v 0.473493 0.354760 0.463896
v 0.474689 0.353490 0.465077
v 0.472830 0.349261 0.453854
v 0.466909 0.348845 0.459064
v 0.462867 0.347139 0.465095
v 0.469864 0.352887 0.469466
v 0.471398 0.352119 0.469775
v 0.469824 0.346708 0.474246
v 0.470855 0.347532 0.473595
v 0.462362 0.341696 0.470285
v 0.464202 0.336224 0.474383
v 0.471500 0.342205 0.477139
v 0.471405 0.341720 0.477142
v 0.470947 0.342684 0.476412
v 0.472131 0.343217 0.475743
v 0.490937 0.352718 0.464237
v 0.491395 0.348970 0.467877
v 0.486742 0.352626 0.463957
v 0.484533 0.347237 0.469302
v 0.481708 0.347644 0.468561
v 0.484770 0.352759 0.463383
v 0.483234 0.353227 0.462019
v 0.480266 0.350535 0.465018
v 0.487343 0.358035 0.458010
v 0.484248 0.356569 0.458229
v 0.477507 0.349723 0.467972
v 0.475224 0.349113 0.470689
v 0.478731 0.345478 0.472003
v 0.480236 0.345947 0.470801
v 0.473680 0.347028 0.472974
v 0.475590 0.344025 0.474083
v 0.484307 0.342500 0.472827
v 0.486187 0.337076 0.475784
v 0.490165 0.337812 0.475215
v 0.490864 0.341934 0.472816
v 0.489003 0.331945 0.478500
v 0.493232 0.334867 0.476659
v 0.491322 0.345515 0.470553
v 0.491395 0.348970 0.467877
v 0.484533 0.347237 0.469302
v 0.483734 0.344874 0.471465
v 0.477643 0.323340 0.438927
v 0.482727 0.317305 0.444668
v 0.470420 0.328023 0.435540
v 0.462660 0.330261 0.435681
v 0.454962 0.330968 0.439017
v 0.478974 0.350831 0.451128
v 0.447927 0.331058 0.445217
v 0.443022 0.329242 0.452720
v 0.441719 0.324234 0.459967
v 0.443462 0.318156 0.466364
v 0.447698 0.313128 0.471316
v 0.453814 0.308449 0.474016
v 0.472124 0.330262 0.479878
v 0.467573 0.333093 0.477852
v 0.461199 0.303413 0.473654
v 0.469003 0.300301 0.470653
v 0.483684 0.322975 0.477534
v 0.477637 0.325805 0.479595
v 0.476377 0.301392 0.465433
v 0.481879 0.305392 0.458809
v 0.489890 0.325211 0.474174
v 0.484067 0.311009 0.451591
v 0.482727 0.317305 0.444668
v 0.496146 0.343301 0.459344
v 0.497424 0.337137 0.464552
v 0.488367 0.359903 0.456093
v 0.485205 0.358091 0.456520
v 0.473248 0.341446 0.477169
v 0.472137 0.341000 0.477844
v 0.474529 0.340033 0.479914
v 0.475252 0.340567 0.479181
v 0.478430 0.337839 0.481702
v 0.478324 0.338578 0.482146
v 0.477300 0.339392 0.481850
v 0.477748 0.340043 0.480660
v 0.479761 0.338599 0.481018
v 0.479503 0.337802 0.482239
v 0.483253 0.333729 0.481444
v 0.483150 0.334880 0.480577
v 0.488402 0.330793 0.479883
v 0.488444 0.329793 0.480045
v 0.487159 0.330181 0.480496
v 0.486442 0.331952 0.479498
v 0.489744 0.329959 0.479514
v 0.493490 0.332864 0.477552
v 0.478965 0.341849 0.477173
v 0.476889 0.341709 0.477172
v 0.479654 0.343614 0.473681
v 0.476395 0.342657 0.475176
v 0.484266 0.337007 0.476557
v 0.482630 0.337590 0.478182
v 0.481670 0.342182 0.474024
v 0.480446 0.340798 0.477429
v 0.482215 0.346664 0.469767
v 0.485313 0.352599 0.463850
v 0.488405 0.358524 0.457946
v 0.479897 0.344235 0.472477
v 0.476228 0.342999 0.474482
v 0.472570 0.341760 0.476478
v 0.480775 0.343924 0.473176
v 0.479687 0.341881 0.477176
v 0.478606 0.339854 0.481158
v 0.482098 0.342671 0.472855
v 0.484836 0.336821 0.475994
v 0.487566 0.330976 0.479126
v 0.484307 0.342500 0.472827
v 0.483734 0.344874 0.471465
v 0.481163 0.344651 0.471785
v 0.482098 0.342671 0.472855
v 0.480775 0.343924 0.473176
v 0.481670 0.342182 0.474024
v 0.489438 0.360506 0.455961
v 0.471337 0.341337 0.477144
v 0.478241 0.339172 0.482495
v 0.488477 0.329005 0.480172
v 0.377667 0.043712 0.800124
v 0.380619 0.045965 0.797721
v 0.390053 0.036033 0.813556
v 0.390285 0.032672 0.817892
v 0.383820 0.048206 0.797413
v 0.393637 0.035481 0.816017
v 0.400784 0.024773 0.831920
v 0.384906 0.052635 0.796417
v 0.392851 0.040655 0.812629
v 0.385617 0.055864 0.798023
v 0.394772 0.040085 0.816406
v 0.384191 0.060391 0.799025
v 0.392471 0.045835 0.814384
v 0.382570 0.062217 0.802191
v 0.393026 0.043788 0.818831
v 0.379096 0.064519 0.804230
v 0.389134 0.048539 0.817792
v 0.376347 0.063308 0.807439
v 0.389421 0.044420 0.821872
v 0.372471 0.062446 0.808910
v 0.384795 0.047181 0.820857
v 0.370418 0.058420 0.810553
v 0.386070 0.041611 0.823746
v 0.367623 0.055228 0.809838
v 0.381997 0.042559 0.821784
v 0.367556 0.050332 0.808975
v 0.384934 0.037007 0.823357
v 0.367471 0.047553 0.805970
v 0.382378 0.037378 0.820029
v 0.370369 0.044532 0.803886
v 0.386680 0.033305 0.820932
v 0.373128 0.043974 0.801142
v 0.385715 0.034675 0.816621
v 0.377667 0.043712 0.800124
v 0.390285 0.032672 0.817892
v 0.346342 0.064901 0.748352
v 0.354540 0.067384 0.747955
v 0.369123 0.056850 0.775270
v 0.363472 0.054842 0.776492
v 0.359891 0.071308 0.746556
v 0.373109 0.060272 0.774026
v 0.362260 0.077099 0.745856
v 0.375077 0.065038 0.773761
v 0.362551 0.083813 0.747027
v 0.375222 0.070334 0.774726
v 0.361669 0.090501 0.751242
v 0.373740 0.075344 0.777173
v 0.358933 0.095510 0.756798
v 0.370834 0.079203 0.780564
v 0.353662 0.097190 0.761993
v 0.366706 0.081043 0.784359
v 0.347339 0.096012 0.766547
v 0.362050 0.080743 0.787973
v 0.341448 0.092449 0.770181
v 0.357560 0.078181 0.790821
v 0.335565 0.086614 0.771425
v 0.353307 0.073739 0.792053
v 0.329265 0.078622 0.768808
v 0.349360 0.067798 0.790823
v 0.324436 0.070932 0.762664
v 0.346931 0.061958 0.787479
v 0.322965 0.066008 0.753324
v 0.347230 0.057818 0.782372
v 0.326186 0.063592 0.746036
v 0.350381 0.055298 0.777959
v 0.335435 0.063430 0.746046
v 0.356510 0.054316 0.776693
v 0.346342 0.064901 0.748352
v 0.363472 0.054842 0.776492
v 0.300162 0.081269 0.684566
v 0.300988 0.079589 0.684208
v 0.280910 0.073225 0.676325
v 0.287241 0.079439 0.682496
v 0.307155 0.077797 0.692416
v 0.288133 0.072028 0.685164
v 0.273796 0.068667 0.683601
v 0.266051 0.069336 0.674562
v 0.274231 0.074063 0.681677
v 0.314911 0.084291 0.685428
v 0.320237 0.082297 0.693516
v 0.312731 0.087572 0.689188
v 0.320152 0.091274 0.684785
v 0.323193 0.089741 0.682989
v 0.328015 0.087613 0.691250
v 0.326345 0.098352 0.679898
v 0.331124 0.095829 0.688400
v 0.321373 0.098080 0.685100
v 0.326903 0.107975 0.686558
v 0.328677 0.109062 0.682019
v 0.333276 0.105964 0.690309
v 0.334497 0.120809 0.695217
v 0.338187 0.117038 0.702321
v 0.327332 0.114959 0.696595
v 0.331402 0.122710 0.708276
v 0.337132 0.128284 0.710846
v 0.340032 0.124218 0.716668
v 0.329910 0.126178 0.720264
v 0.332988 0.122676 0.725583
v 0.323933 0.118968 0.715230
v 0.317751 0.116873 0.722971
v 0.318751 0.119303 0.726139
v 0.322401 0.116600 0.731334
v 0.309578 0.112473 0.731137
v 0.313619 0.110181 0.736185
v 0.308769 0.108723 0.723346
v 0.300735 0.102449 0.727209
v 0.300494 0.103920 0.732383
v 0.304916 0.101935 0.737450
v 0.289601 0.091878 0.727001
v 0.294564 0.090375 0.732442
v 0.293826 0.093322 0.720205
v 0.281613 0.082913 0.710258
v 0.278247 0.080030 0.713830
v 0.284027 0.079021 0.720151
v 0.267780 0.072061 0.691707
v 0.274766 0.071391 0.699567
v 0.277541 0.078554 0.693902
v 0.306560 0.097467 0.700720
v 0.307155 0.077797 0.692416
v 0.320237 0.082297 0.693516
v 0.335845 0.076264 0.717532
v 0.324921 0.072727 0.717062
v 0.328015 0.087613 0.691250
v 0.342553 0.080945 0.715701
v 0.331124 0.095829 0.688400
v 0.345352 0.088054 0.713894
v 0.333276 0.105964 0.690309
v 0.346568 0.096618 0.715433
v 0.338187 0.117038 0.702321
v 0.348531 0.105667 0.723643
v 0.340032 0.124218 0.716668
v 0.347982 0.111905 0.733742
v 0.332988 0.122676 0.725583
v 0.341664 0.112040 0.740947
v 0.322401 0.116600 0.731334
v 0.333027 0.108400 0.746235
v 0.313619 0.110181 0.736185
v 0.325522 0.103311 0.750584
v 0.304916 0.101935 0.737450
v 0.318020 0.096090 0.751844
v 0.294564 0.090375 0.732442
v 0.309393 0.086052 0.747863
v 0.284027 0.079021 0.720151
v 0.301446 0.076304 0.738325
v 0.274766 0.071391 0.699567
v 0.295985 0.069953 0.722914
v 0.273796 0.068667 0.683601
v 0.297249 0.067400 0.711004
v 0.288133 0.072028 0.685164
v 0.309475 0.069049 0.711970
v 0.307155 0.077797 0.692416
v 0.324921 0.072727 0.717062
v 0.105471 0.406889 -0.600976
v 0.109351 0.403781 -0.581429
v 0.090575 0.393523 -0.558003
v 0.099265 0.392735 -0.589035
v 0.110105 0.420944 -0.590114
v 0.107091 0.416474 -0.570689
v 0.100904 0.432547 -0.579265
v 0.093810 0.423379 -0.563105
v 0.083259 0.434902 -0.574784
v 0.077288 0.420451 -0.563121
v 0.067505 0.426628 -0.579296
v 0.067202 0.409405 -0.570726
v 0.062871 0.412574 -0.590158
v 0.069461 0.396712 -0.581467
v 0.072072 0.400970 -0.601008
v 0.082742 0.389808 -0.589050
v 0.089717 0.398616 -0.605488
v 0.057410 0.606015 -0.871580
v 0.055823 0.604348 -0.871150
v 0.053498 0.612888 -0.893692
v 0.053991 0.615173 -0.898164
v 0.053573 0.604000 -0.872679
v 0.051820 0.614033 -0.898786
v 0.050410 0.622100 -0.920199
v 0.051338 0.603553 -0.871155
v 0.050628 0.612380 -0.893695
v 0.049276 0.604573 -0.871588
v 0.049388 0.614357 -0.898168
v 0.047733 0.605427 -0.869096
v 0.048321 0.613579 -0.892378
v 0.047035 0.607399 -0.868946
v 0.048120 0.615956 -0.896673
v 0.047120 0.608873 -0.866181
v 0.047928 0.615784 -0.890512
v 0.048164 0.610822 -0.866301
v 0.048759 0.617893 -0.895176
v 0.049858 0.611871 -0.864116
v 0.049680 0.617703 -0.889190
v 0.052000 0.612837 -0.865202
v 0.050930 0.619033 -0.894554
v 0.054343 0.612666 -0.864112
v 0.052551 0.618212 -0.889188
v 0.056298 0.612263 -0.866293
v 0.053362 0.618709 -0.895172
v 0.057948 0.610791 -0.866170
v 0.054858 0.617012 -0.890505
v 0.058538 0.609438 -0.868935
v 0.054630 0.617110 -0.896667
v 0.058561 0.607346 -0.869086
v 0.055250 0.614807 -0.892371
v 0.057410 0.606015 -0.871580
v 0.053991 0.615173 -0.898164
v 0.105471 0.406889 -0.600976
v 0.099265 0.392735 -0.589035
v 0.093840 0.430088 -0.644997
v 0.101119 0.435540 -0.641575
v 0.089717 0.398616 -0.605488
v 0.084737 0.426937 -0.646267
v 0.075201 0.481088 -0.709652
v 0.082189 0.483507 -0.708677
v 0.087776 0.487692 -0.706050
v 0.082742 0.389808 -0.589050
v 0.075103 0.426768 -0.645014
v 0.072072 0.400970 -0.601008
v 0.066388 0.429386 -0.641608
v 0.061115 0.482968 -0.706075
v 0.067805 0.480958 -0.708690
v 0.069461 0.396712 -0.581467
v 0.060042 0.434598 -0.636414
v 0.062871 0.412574 -0.590158
v 0.056821 0.441451 -0.630326
v 0.053771 0.492230 -0.697415
v 0.056243 0.486969 -0.702088
v 0.067202 0.409405 -0.570726
v 0.057480 0.448992 -0.624234
v 0.067505 0.426628 -0.579296
v 0.061639 0.456066 -0.619031
v 0.057469 0.503449 -0.688744
v 0.054277 0.498019 -0.692738
v 0.077288 0.420451 -0.563121
v 0.068918 0.461518 -0.615610
v 0.083259 0.434902 -0.574784
v 0.078021 0.464668 -0.614339
v 0.070045 0.510053 -0.685142
v 0.063057 0.507634 -0.686117
v 0.093810 0.423379 -0.563105
v 0.087655 0.464838 -0.615592
v 0.100904 0.432547 -0.579265
v 0.096369 0.462220 -0.618999
v 0.084131 0.508174 -0.688719
v 0.077441 0.510183 -0.686104
v 0.107091 0.416474 -0.570689
v 0.102715 0.457008 -0.624192
v 0.110105 0.420944 -0.590114
v 0.105937 0.450155 -0.630280
v 0.091475 0.498911 -0.697379
v 0.089002 0.504172 -0.692706
v 0.109351 0.403781 -0.581429
v 0.105278 0.442614 -0.636372
v 0.105471 0.406889 -0.600976
v 0.101119 0.435540 -0.641575
v 0.087776 0.487692 -0.706050
v 0.090969 0.493122 -0.702056
v 0.072199 0.530918 -0.762864
v 0.076551 0.534178 -0.760817
v 0.066755 0.529034 -0.763623
v 0.060125 0.566683 -0.808235
v 0.064363 0.568150 -0.807644
v 0.067750 0.570687 -0.806051
v 0.060995 0.528932 -0.762874
v 0.055783 0.530498 -0.760837
v 0.051585 0.567823 -0.806066
v 0.055641 0.566604 -0.807652
v 0.051989 0.533615 -0.757732
v 0.050062 0.537713 -0.754091
v 0.047132 0.573439 -0.800815
v 0.048631 0.570249 -0.803649
v 0.050457 0.542222 -0.750449
v 0.052944 0.546452 -0.747337
v 0.049375 0.580241 -0.795558
v 0.047439 0.576948 -0.797980
v 0.057296 0.549712 -0.745291
v 0.062739 0.551596 -0.744532
v 0.056999 0.584245 -0.793374
v 0.052762 0.582779 -0.793965
v 0.068500 0.551697 -0.745281
v 0.073711 0.550132 -0.747318
v 0.065540 0.583106 -0.795543
v 0.061484 0.584324 -0.793957
v 0.077506 0.547015 -0.750423
v 0.079432 0.542917 -0.754064
v 0.069993 0.577490 -0.800794
v 0.068494 0.580680 -0.797960
v 0.079038 0.538408 -0.757706
v 0.076551 0.534178 -0.760817
v 0.067750 0.570687 -0.806051
v 0.069686 0.573980 -0.803629
v 0.059174 0.591031 -0.843103
v 0.061683 0.592910 -0.841924
v 0.056037 0.589945 -0.843541
v 0.052716 0.589886 -0.843109
v 0.049712 0.590788 -0.841935
v 0.047525 0.592585 -0.840145
v 0.046414 0.594947 -0.838047
v 0.046642 0.597546 -0.835947
v 0.048075 0.599985 -0.834154
v 0.050584 0.601864 -0.832974
v 0.053722 0.602950 -0.832536
v 0.057042 0.603008 -0.832968
v 0.060046 0.602106 -0.834142
v 0.062234 0.600309 -0.835932
v 0.063344 0.597947 -0.838031
v 0.063117 0.595348 -0.840131
v 0.061683 0.592910 -0.841924
v 0.131709 0.220595 -0.669233
v 0.131979 0.223810 -0.657553
v 0.119271 0.221059 -0.643616
v 0.128013 0.214799 -0.659724
v 0.131843 0.231254 -0.666403
v 0.128241 0.232802 -0.654943
v 0.124153 0.238772 -0.663958
v 0.118989 0.236507 -0.653423
v 0.113141 0.238744 -0.663330
v 0.109643 0.232756 -0.653883
v 0.105260 0.231188 -0.664887
v 0.105678 0.223745 -0.656053
v 0.105125 0.220529 -0.667718
v 0.109415 0.214753 -0.658663
v 0.112816 0.213012 -0.670163
v 0.118667 0.211047 -0.660183
v 0.123827 0.213039 -0.670791
v 0.116824 0.261379 -0.868466
v 0.116005 0.260365 -0.867938
v 0.116485 0.259624 -0.882461
v 0.117082 0.259921 -0.885419
v 0.114905 0.259539 -0.868845
v 0.115996 0.258880 -0.885633
v 0.116922 0.258255 -0.899362
v 0.113468 0.259347 -0.868063
v 0.114862 0.258972 -0.882541
v 0.112223 0.259532 -0.868693
v 0.114478 0.258876 -0.885547
v 0.110956 0.260353 -0.867651
v 0.113255 0.259616 -0.882277
v 0.110350 0.261363 -0.868097
v 0.113418 0.259912 -0.885210
v 0.109942 0.262793 -0.866942
v 0.112605 0.261178 -0.881824
v 0.110383 0.263959 -0.867408
v 0.113437 0.261381 -0.884820
v 0.111018 0.265239 -0.866353
v 0.113294 0.262743 -0.881447
v 0.112303 0.265799 -0.867029
v 0.114523 0.262422 -0.884605
v 0.113555 0.266258 -0.866228
v 0.114918 0.263395 -0.881367
v 0.114984 0.265806 -0.867181
v 0.116040 0.262426 -0.884692
v 0.116067 0.265252 -0.866641
v 0.116525 0.262751 -0.881631
v 0.116857 0.263975 -0.867777
v 0.117100 0.261390 -0.885029
v 0.117081 0.262811 -0.867349
v 0.117174 0.261189 -0.882084
v 0.116824 0.261379 -0.868466
v 0.117082 0.259921 -0.885419
v 0.131709 0.220595 -0.669233
v 0.128013 0.214799 -0.659724
v 0.127917 0.221751 -0.699678
v 0.131252 0.226425 -0.698626
v 0.123827 0.213039 -0.670791
v 0.123057 0.218568 -0.700245
v 0.119879 0.232413 -0.748616
v 0.123610 0.234857 -0.748180
v 0.126170 0.238445 -0.747373
v 0.118667 0.211047 -0.660183
v 0.117318 0.217497 -0.700199
v 0.112816 0.213012 -0.670163
v 0.111607 0.218539 -0.699592
v 0.111089 0.232391 -0.748115
v 0.115474 0.231591 -0.748581
v 0.109415 0.214753 -0.658663
v 0.106827 0.221698 -0.698475
v 0.105125 0.220529 -0.667718
v 0.103610 0.226356 -0.697050
v 0.104950 0.238392 -0.746163
v 0.107419 0.234817 -0.747257
v 0.105678 0.223745 -0.656053
v 0.102588 0.231895 -0.695516
v 0.105260 0.231188 -0.664887
v 0.103750 0.237440 -0.694107
v 0.105058 0.246901 -0.743903
v 0.104165 0.242644 -0.744985
v 0.109643 0.232756 -0.653883
v 0.107085 0.242114 -0.693054
v 0.113141 0.238744 -0.663330
v 0.111946 0.245297 -0.692487
v 0.111349 0.252933 -0.742660
v 0.107618 0.250489 -0.743096
v 0.118989 0.236507 -0.653423
v 0.117684 0.246369 -0.692533
v 0.124153 0.238772 -0.663958
v 0.123395 0.245326 -0.693140
v 0.120139 0.252955 -0.743161
v 0.115754 0.253755 -0.742695
v 0.128241 0.232802 -0.654943
v 0.128175 0.242167 -0.694257
v 0.131843 0.231254 -0.666403
v 0.131392 0.237509 -0.695683
v 0.126278 0.246954 -0.745113
v 0.123808 0.250529 -0.744019
v 0.131979 0.223810 -0.657553
v 0.132414 0.231970 -0.697217
v 0.131709 0.220595 -0.669233
v 0.131252 0.226425 -0.698626
v 0.126170 0.238445 -0.747373
v 0.127062 0.242701 -0.746291
v 0.119720 0.247058 -0.789933
v 0.121714 0.249853 -0.789304
v 0.116813 0.245155 -0.790272
v 0.114667 0.254659 -0.824198
v 0.116930 0.256141 -0.823934
v 0.118482 0.258316 -0.823444
v 0.113382 0.244514 -0.790245
v 0.109967 0.245138 -0.789882
v 0.109338 0.254646 -0.823894
v 0.111996 0.254161 -0.824177
v 0.107108 0.247027 -0.789214
v 0.105185 0.249812 -0.788361
v 0.105616 0.258284 -0.822711
v 0.107113 0.256116 -0.823374
v 0.104574 0.253124 -0.787444
v 0.105269 0.256440 -0.786601
v 0.105681 0.263443 -0.821341
v 0.105140 0.260863 -0.821997
v 0.107263 0.259235 -0.785972
v 0.110169 0.261138 -0.785633
v 0.109495 0.267101 -0.820587
v 0.107233 0.265619 -0.820851
v 0.113601 0.261779 -0.785660
v 0.117016 0.261155 -0.786023
v 0.114825 0.267114 -0.820891
v 0.112166 0.267599 -0.820608
v 0.119874 0.259266 -0.786691
v 0.121798 0.256481 -0.787544
v 0.118547 0.263475 -0.822074
v 0.117050 0.265643 -0.821411
v 0.122409 0.253169 -0.788461
v 0.121714 0.249853 -0.789304
v 0.118482 0.258316 -0.823444
v 0.119023 0.260897 -0.822788
v 0.115922 0.259890 -0.849183
v 0.117072 0.261501 -0.848820
v 0.114247 0.258793 -0.849378
v 0.112269 0.258424 -0.849362
v 0.110300 0.258783 -0.849153
v 0.108652 0.259872 -0.848768
v 0.107544 0.261478 -0.848277
v 0.107191 0.263387 -0.847748
v 0.107592 0.265298 -0.847262
v 0.108741 0.266909 -0.846900
v 0.110417 0.268006 -0.846704
v 0.112395 0.268376 -0.846720
v 0.114363 0.268016 -0.846929
v 0.116011 0.266927 -0.847314
v 0.117120 0.265322 -0.847805
v 0.117472 0.263413 -0.848334
v 0.117072 0.261501 -0.848820
v 0.638978 -0.068122 -0.263451
v 0.630519 -0.088979 -0.263788
v 0.587174 -0.053213 -0.273814
v 0.594310 -0.020039 -0.275673
v 0.622146 -0.109079 -0.254440
v 0.580074 -0.085707 -0.262032
v 0.556416 -0.058382 -0.267379
v 0.551835 -0.021560 -0.280364
v 0.565594 -0.000540 -0.279201
v 0.642985 -0.051693 -0.153812
v 0.642813 -0.053209 -0.173182
v 0.597030 -0.002642 -0.183683
v 0.597103 -0.001283 -0.163839
v 0.642641 -0.054725 -0.192552
v 0.596957 -0.004000 -0.203528
v 0.557488 0.025845 -0.210413
v 0.557507 0.026966 -0.189400
v 0.557525 0.028086 -0.168386
v 0.623911 -0.095715 -0.109698
v 0.632402 -0.074725 -0.109397
v 0.587758 -0.042345 -0.115054
v 0.580621 -0.075519 -0.113195
v 0.640744 -0.054759 -0.118709
v 0.594858 -0.009850 -0.126836
v 0.565838 0.007922 -0.132195
v 0.551981 -0.013115 -0.122957
v 0.556659 -0.049919 -0.120373
v 0.620218 -0.109245 -0.180561
v 0.620453 -0.107463 -0.161262
v 0.578048 -0.090199 -0.165495
v 0.577975 -0.091558 -0.185340
v 0.620688 -0.105682 -0.141964
v 0.578121 -0.088841 -0.145650
v 0.546364 -0.058278 -0.150880
v 0.546346 -0.059399 -0.171894
v 0.546327 -0.060520 -0.192908
v 0.557488 0.025845 -0.210413
v 0.540055 -0.007190 -0.204069
v 0.540055 -0.006149 -0.182666
v 0.557507 0.026966 -0.189400
v 0.546327 -0.060520 -0.192908
v 0.546346 -0.059399 -0.171894
v 0.546364 -0.058278 -0.150880
v 0.540055 -0.005107 -0.161263
v 0.557525 0.028086 -0.168386
v 0.642342 -0.056773 -0.211780
v 0.596884 -0.005359 -0.223373
v 0.642044 -0.058821 -0.231007
v 0.596811 -0.006717 -0.243218
v 0.557452 0.023603 -0.252441
v 0.557470 0.024724 -0.231427
v 0.557452 0.023603 -0.252441
v 0.540055 -0.009273 -0.246876
v 0.540055 -0.008232 -0.225472
v 0.557470 0.024724 -0.231427
v 0.546291 -0.062761 -0.234935
v 0.546309 -0.061640 -0.213921
v 0.619747 -0.112809 -0.219159
v 0.619982 -0.111027 -0.199860
v 0.577902 -0.092916 -0.205185
v 0.577829 -0.094275 -0.225030
v 0.546309 -0.061640 -0.213921
v 0.546291 -0.062761 -0.234935
v 0.641871 -0.060337 -0.250378
v 0.596738 -0.008076 -0.263063
v 0.557434 0.022483 -0.273454
v 0.546273 -0.063882 -0.255949
v 0.540055 -0.010315 -0.268279
v 0.557434 0.022483 -0.273454
v 0.622146 -0.109079 -0.254440
v 0.619511 -0.114590 -0.238458
v 0.577756 -0.095633 -0.244875
v 0.580074 -0.085707 -0.262032
v 0.546273 -0.063882 -0.255949
v 0.556416 -0.058382 -0.267379
v 0.620924 -0.103900 -0.122665
v 0.578194 -0.087482 -0.125805
v 0.546382 -0.057158 -0.129867
v 0.540055 -0.004066 -0.139860
v 0.557543 0.029207 -0.147372
v 0.546382 -0.057158 -0.129867
v 0.556659 -0.049919 -0.120373
v 0.551981 -0.013115 -0.122957
v 0.565838 0.007922 -0.132195
v 0.643284 -0.049646 -0.134584
v 0.597176 0.000076 -0.143994
v 0.557543 0.029207 -0.147372
v 0.699783 -0.143768 -0.269230
v 0.704814 -0.132964 -0.277996
v 0.756252 -0.159165 -0.300628
v 0.755438 -0.165590 -0.291684
v 0.711144 -0.121765 -0.274425
v 0.761598 -0.152874 -0.294596
v 0.795939 -0.172192 -0.304797
v 0.803852 -0.180704 -0.311485
v 0.792922 -0.178736 -0.303361
v 0.714906 -0.096395 -0.090861
v 0.708811 -0.105959 -0.082451
v 0.751516 -0.121038 -0.056970
v 0.757213 -0.116917 -0.065203
v 0.703545 -0.118399 -0.085665
v 0.751053 -0.129633 -0.062290
v 0.783653 -0.137133 -0.049871
v 0.791897 -0.135847 -0.043332
v 0.786670 -0.130589 -0.051307
v 0.706626 -0.137013 -0.176574
v 0.705415 -0.140113 -0.200587
v 0.777493 -0.161999 -0.205328
v 0.779746 -0.158336 -0.176591
v 0.698045 -0.141376 -0.224369
v 0.750605 -0.158314 -0.233140
v 0.785842 -0.169336 -0.239031
v 0.807563 -0.173154 -0.222150
v 0.843109 -0.182691 -0.219730
v 0.840818 -0.179336 -0.202831
v 0.844512 -0.176407 -0.177078
v 0.700185 -0.145652 -0.250182
v 0.761755 -0.166684 -0.269079
v 0.811996 -0.184102 -0.293996
v 0.827258 -0.186372 -0.278529
v 0.797614 -0.176057 -0.263137
v 0.714640 -0.118699 -0.256461
v 0.768878 -0.152181 -0.272270
v 0.712347 -0.115556 -0.230320
v 0.758376 -0.143028 -0.236450
v 0.789370 -0.160450 -0.240665
v 0.800783 -0.167992 -0.264642
v 0.828809 -0.181929 -0.279292
v 0.814405 -0.178468 -0.295113
v 0.719870 -0.113160 -0.206866
v 0.784616 -0.147497 -0.208519
v 0.721600 -0.108271 -0.183339
v 0.787687 -0.141994 -0.180301
v 0.847125 -0.170313 -0.178325
v 0.843227 -0.173702 -0.203949
v 0.844661 -0.178248 -0.220492
v 0.810733 -0.165089 -0.223655
v 0.863139 -0.179702 -0.177160
v 0.855724 -0.183518 -0.213480
v 0.848760 -0.184563 -0.228066
v 0.839190 -0.184431 -0.248619
v 0.839570 -0.184029 -0.249188
v 0.839530 -0.183343 -0.248792
v 0.849283 -0.182889 -0.228333
v 0.837046 -0.185520 -0.272189
v 0.830836 -0.187113 -0.288707
v 0.836523 -0.187193 -0.271923
v 0.721067 -0.106557 -0.158780
v 0.784222 -0.138557 -0.150805
v 0.714586 -0.102380 -0.134488
v 0.756968 -0.125270 -0.122381
v 0.785622 -0.139282 -0.114207
v 0.808550 -0.149813 -0.131970
v 0.843868 -0.163310 -0.133669
v 0.843002 -0.165058 -0.151902
v 0.717694 -0.098233 -0.108839
v 0.765548 -0.122736 -0.085671
v 0.805866 -0.138947 -0.058087
v 0.823441 -0.146684 -0.070943
v 0.796130 -0.138833 -0.088367
v 0.703239 -0.125187 -0.102560
v 0.758425 -0.137239 -0.082480
v 0.700284 -0.128200 -0.128536
v 0.749196 -0.140556 -0.119071
v 0.782095 -0.148168 -0.112573
v 0.792960 -0.146898 -0.086862
v 0.821890 -0.151127 -0.070181
v 0.803457 -0.144581 -0.056970
v 0.706612 -0.133510 -0.152501
v 0.777100 -0.153060 -0.147614
v 0.840593 -0.170692 -0.150785
v 0.842317 -0.167753 -0.132907
v 0.805381 -0.157879 -0.130465
v 0.848640 -0.163547 -0.123908
v 0.855277 -0.169928 -0.139613
v 0.837676 -0.155542 -0.101437
v 0.836812 -0.156435 -0.101569
v 0.837336 -0.156629 -0.101264
v 0.848116 -0.165220 -0.123642
v 0.822810 -0.147772 -0.062082
v 0.832248 -0.152656 -0.076939
v 0.832771 -0.150983 -0.077206
v 0.698045 -0.141376 -0.224369
v 0.657122 -0.127358 -0.219324
v 0.656546 -0.129776 -0.240102
v 0.700185 -0.145652 -0.250182
v 0.658700 -0.126682 -0.256827
v 0.699783 -0.143768 -0.269230
v 0.706626 -0.137013 -0.176574
v 0.658276 -0.122523 -0.177768
v 0.657699 -0.124941 -0.198546
v 0.705415 -0.140113 -0.200587
v 0.700284 -0.128200 -0.128536
v 0.659429 -0.117688 -0.136213
v 0.658852 -0.120106 -0.156991
v 0.706612 -0.133510 -0.152501
v 0.703545 -0.118399 -0.085665
v 0.663025 -0.108551 -0.100995
v 0.660005 -0.115271 -0.115435
v 0.703239 -0.125187 -0.102560
v 0.714906 -0.096395 -0.090861
v 0.678421 -0.079641 -0.107707
v 0.670930 -0.093226 -0.099228
v 0.708811 -0.105959 -0.082451
v 0.714586 -0.102380 -0.134488
v 0.679369 -0.081624 -0.144497
v 0.680198 -0.078143 -0.124004
v 0.717694 -0.098233 -0.108839
v 0.721600 -0.108271 -0.183339
v 0.678720 -0.084332 -0.186623
v 0.679045 -0.082978 -0.165560
v 0.721067 -0.106557 -0.158780
v 0.712347 -0.115556 -0.230320
v 0.677063 -0.091294 -0.227607
v 0.677891 -0.087813 -0.207115
v 0.719870 -0.113160 -0.206866
v 0.674097 -0.097772 -0.263540
v 0.676738 -0.092648 -0.248670
v 0.714640 -0.118699 -0.256461
v 0.658700 -0.126682 -0.256827
v 0.666318 -0.112566 -0.265449
v 0.831019 -0.152593 -0.103195
v 0.837286 -0.154432 -0.101687
v 0.843599 -0.159166 -0.114633
v 0.840273 -0.158979 -0.119035
v 0.837676 -0.155542 -0.101437
v 0.848640 -0.163547 -0.123908
v 0.843868 -0.163310 -0.133669
v 0.839190 -0.184431 -0.248619
v 0.848760 -0.184563 -0.228066
v 0.843548 -0.184850 -0.236438
v 0.837955 -0.184711 -0.248044
v 0.843109 -0.182691 -0.219730
v 0.840061 -0.183870 -0.232757
v 0.831656 -0.183440 -0.247002
v 0.827258 -0.186372 -0.278529
v 0.836523 -0.187193 -0.271923
v 0.837533 -0.186582 -0.261488
v 0.832542 -0.186035 -0.264069
v 0.823441 -0.146684 -0.070943
v 0.832771 -0.150983 -0.077206
v 0.835848 -0.152141 -0.087313
v 0.830583 -0.150198 -0.084885
v 0.782095 -0.148168 -0.112573
v 0.805381 -0.157879 -0.130465
v 0.819571 -0.158719 -0.119030
v 0.807564 -0.152869 -0.107343
v 0.842317 -0.167753 -0.132907
v 0.839009 -0.163018 -0.118392
v 0.829754 -0.156637 -0.102552
v 0.808550 -0.149813 -0.131970
v 0.821274 -0.153275 -0.119897
v 0.785622 -0.139282 -0.114207
v 0.809379 -0.147068 -0.108267
v 0.807563 -0.173154 -0.222150
v 0.821910 -0.178822 -0.232560
v 0.785842 -0.169336 -0.239031
v 0.810907 -0.177175 -0.243196
v 0.789370 -0.160450 -0.240665
v 0.810733 -0.165089 -0.223655
v 0.823613 -0.173378 -0.233426
v 0.812722 -0.171375 -0.244119
v 0.844661 -0.178248 -0.220492
v 0.841324 -0.179831 -0.233400
v 0.832921 -0.179396 -0.247646
v 0.797614 -0.176057 -0.263137
v 0.815895 -0.180554 -0.257609
v 0.828809 -0.181929 -0.279292
v 0.800783 -0.167992 -0.264642
v 0.817598 -0.175110 -0.258476
v 0.833805 -0.181996 -0.264712
v 0.821890 -0.151127 -0.070181
v 0.792960 -0.146898 -0.086862
v 0.811819 -0.151693 -0.091710
v 0.829320 -0.154236 -0.084242
v 0.796130 -0.138833 -0.088367
v 0.813522 -0.146249 -0.092577
v 0.838688 -0.182368 -0.248417
v 0.838371 -0.183905 -0.261914
v 0.839530 -0.183343 -0.248792
v 0.837046 -0.185520 -0.272189
v 0.849283 -0.182889 -0.228333
v 0.844386 -0.182173 -0.236864
v 0.837336 -0.156629 -0.101264
v 0.832248 -0.152656 -0.076939
v 0.835010 -0.154818 -0.086887
v 0.836553 -0.156775 -0.101314
v 0.848116 -0.165220 -0.123642
v 0.842762 -0.161843 -0.114207
v 0.211823 0.356270 0.179134
v 0.203770 0.360520 0.178724
v 0.200096 0.358165 0.164094
v 0.211282 0.351627 0.163961
v 0.197760 0.367005 0.180938
v 0.191029 0.367087 0.166560
v 0.185728 0.369271 0.149456
v 0.197467 0.357718 0.146264
v 0.211951 0.349254 0.146092
v 0.193130 0.374321 0.183784
v 0.185097 0.377618 0.171227
v 0.191989 0.381996 0.188566
v 0.182717 0.388677 0.177546
v 0.174966 0.397226 0.163681
v 0.178047 0.382907 0.155499
v 0.192569 0.389618 0.193530
v 0.184306 0.399181 0.184964
v 0.196714 0.395519 0.199105
v 0.189522 0.408152 0.192723
v 0.183776 0.422442 0.183332
v 0.177023 0.410826 0.173287
v 0.202301 0.400568 0.204239
v 0.198024 0.414615 0.200059
v 0.210130 0.402407 0.208528
v 0.208843 0.418073 0.206294
v 0.208794 0.435288 0.200904
v 0.194785 0.430811 0.192832
v 0.218609 0.402989 0.211821
v 0.221011 0.418027 0.210746
v 0.227113 0.400031 0.213237
v 0.233302 0.414650 0.213076
v 0.240463 0.430856 0.209685
v 0.224549 0.435229 0.206669
v 0.235264 0.395955 0.213379
v 0.244488 0.408113 0.212943
v 0.241175 0.389296 0.211433
v 0.253555 0.399191 0.210477
v 0.266686 0.410839 0.206321
v 0.254947 0.422392 0.209513
v 0.245904 0.382154 0.208319
v 0.259486 0.388659 0.205810
v 0.246947 0.374305 0.203805
v 0.261866 0.377600 0.199492
v 0.277449 0.382884 0.192096
v 0.274367 0.397203 0.200278
v 0.246466 0.366857 0.198573
v 0.260278 0.367097 0.192073
v 0.242222 0.360782 0.193266
v 0.255062 0.358125 0.184314
v 0.268638 0.357667 0.172445
v 0.275392 0.369284 0.182490
v 0.236734 0.355907 0.187864
v 0.246560 0.351662 0.176978
v 0.228806 0.353894 0.183843
v 0.235740 0.348205 0.170743
v 0.243620 0.344822 0.154873
v 0.257629 0.349299 0.162945
v 0.220426 0.353487 0.180283
v 0.223572 0.348250 0.166291
v 0.211823 0.356270 0.179134
v 0.211282 0.351627 0.163961
v 0.211951 0.349254 0.146092
v 0.227865 0.344881 0.149108
v 0.196509 0.359765 0.126616
v 0.213932 0.349583 0.126409
v 0.182387 0.373661 0.130456
v 0.181065 0.380125 0.110048
v 0.197224 0.364225 0.105654
v 0.217159 0.352574 0.105417
v 0.173148 0.390065 0.137726
v 0.169442 0.407289 0.147567
v 0.166253 0.418603 0.129626
v 0.170494 0.398894 0.118366
v 0.171916 0.423649 0.159122
v 0.180040 0.437623 0.171206
v 0.178379 0.453310 0.156674
v 0.169084 0.437321 0.142848
v 0.193282 0.447689 0.182633
v 0.210134 0.453074 0.192344
v 0.212813 0.470990 0.180860
v 0.193531 0.464828 0.169749
v 0.229086 0.453003 0.199278
v 0.248229 0.447743 0.202906
v 0.256402 0.464890 0.192946
v 0.234498 0.470909 0.188795
v 0.265651 0.437561 0.202699
v 0.279773 0.423665 0.198859
v 0.292496 0.437339 0.188316
v 0.276337 0.453240 0.192709
v 0.289012 0.407262 0.191590
v 0.292719 0.390037 0.181749
v 0.307308 0.398862 0.168737
v 0.303067 0.418571 0.179998
v 0.290245 0.373677 0.170193
v 0.282121 0.359704 0.158110
v 0.295182 0.364155 0.141689
v 0.304477 0.380143 0.155516
v 0.268879 0.349637 0.146682
v 0.252027 0.344252 0.136972
v 0.260748 0.346474 0.117503
v 0.280030 0.352636 0.128614
v 0.233075 0.344323 0.130037
v 0.213932 0.349583 0.126409
v 0.217159 0.352574 0.105417
v 0.239063 0.346556 0.109569
v 0.199614 0.371016 0.083881
v 0.221569 0.358187 0.083620
v 0.181820 0.388527 0.088720
v 0.184607 0.398637 0.067004
v 0.203602 0.379945 0.061839
v 0.227038 0.366250 0.061561
v 0.170178 0.409196 0.097880
v 0.165507 0.430900 0.110280
v 0.167194 0.443870 0.090020
v 0.172180 0.420702 0.076783
v 0.168625 0.451514 0.124841
v 0.178862 0.469122 0.140067
v 0.181449 0.484671 0.121817
v 0.170522 0.465875 0.105563
v 0.195548 0.481807 0.154466
v 0.216782 0.488593 0.166702
v 0.221929 0.505455 0.150249
v 0.199261 0.498212 0.137188
v 0.240664 0.488503 0.175440
v 0.264785 0.481875 0.180012
v 0.273170 0.498284 0.164457
v 0.247421 0.505360 0.159577
v 0.286739 0.469045 0.179751
v 0.304534 0.451535 0.174913
v 0.315601 0.465897 0.159014
v 0.296606 0.484589 0.164179
v 0.316175 0.430865 0.165753
v 0.320846 0.409161 0.153352
v 0.333014 0.420664 0.135998
v 0.328028 0.443833 0.149235
v 0.317728 0.388547 0.138791
v 0.307492 0.370939 0.123565
v 0.318759 0.379863 0.104201
v 0.329686 0.398659 0.120455
v 0.290806 0.358254 0.109166
v 0.269571 0.351469 0.096930
v 0.278279 0.359079 0.075769
v 0.300947 0.366322 0.088830
v 0.245690 0.351558 0.088192
v 0.221569 0.358187 0.083620
v 0.227038 0.366250 0.061561
v 0.252787 0.359174 0.066441
v 0.209108 0.390817 0.040072
v 0.233444 0.376595 0.039783
v 0.189382 0.410227 0.045436
v 0.196005 0.422995 0.024539
v 0.215978 0.403341 0.019108
v 0.240620 0.388941 0.018815
v 0.176478 0.433140 0.055590
v 0.171300 0.457199 0.069336
v 0.177696 0.470556 0.048739
v 0.182939 0.446195 0.034821
v 0.174756 0.480050 0.085476
v 0.186103 0.499568 0.102355
v 0.192685 0.513457 0.082172
v 0.181195 0.493693 0.065082
v 0.204600 0.513629 0.118316
v 0.228139 0.521151 0.131880
v 0.235248 0.535311 0.112068
v 0.211414 0.527694 0.098334
v 0.254611 0.521052 0.141566
v 0.281350 0.513705 0.146634
v 0.289126 0.527770 0.127007
v 0.262052 0.535210 0.121875
v 0.305686 0.499482 0.146345
v 0.325412 0.480072 0.140981
v 0.333741 0.493716 0.121283
v 0.313768 0.513370 0.126714
v 0.338316 0.457160 0.130827
v 0.343494 0.433101 0.117081
v 0.352050 0.446155 0.097083
v 0.346807 0.470516 0.111002
v 0.340038 0.410250 0.100941
v 0.328691 0.390731 0.084062
v 0.337061 0.403255 0.063650
v 0.348551 0.423018 0.080740
v 0.310194 0.376670 0.068100
v 0.286655 0.369148 0.054537
v 0.294498 0.381401 0.033754
v 0.318332 0.389017 0.047488
v 0.260183 0.369248 0.044851
v 0.233444 0.376595 0.039783
v 0.240620 0.388941 0.018815
v 0.267694 0.381501 0.023947
v 0.224060 0.417229 -0.000522
v 0.248396 0.403007 -0.000812
v 0.204334 0.436639 0.004841
v 0.214145 0.450814 -0.013191
v 0.233140 0.432123 -0.018356
v 0.256576 0.418427 -0.018635
v 0.191429 0.459551 0.014995
v 0.186252 0.483611 0.028742
v 0.196732 0.496047 0.009825
v 0.201718 0.472879 -0.003413
v 0.189708 0.506462 0.044882
v 0.201055 0.525980 0.061760
v 0.210987 0.536848 0.041621
v 0.200060 0.518052 0.025368
v 0.219552 0.540041 0.077722
v 0.243091 0.547563 0.091286
v 0.251467 0.557633 0.070054
v 0.228799 0.550389 0.056992
v 0.269563 0.547464 0.100972
v 0.296302 0.540116 0.106040
v 0.302708 0.550461 0.084262
v 0.276959 0.557537 0.079381
v 0.320638 0.525894 0.105750
v 0.340364 0.506484 0.100387
v 0.345139 0.518074 0.078818
v 0.326144 0.536766 0.083983
v 0.353268 0.483572 0.090233
v 0.358446 0.459512 0.076486
v 0.362552 0.472841 0.055802
v 0.357566 0.496010 0.069040
v 0.354990 0.436661 0.060346
v 0.343643 0.417143 0.043467
v 0.348297 0.432040 0.024005
v 0.359224 0.450836 0.040259
v 0.325146 0.403082 0.027506
v 0.301607 0.395560 0.013942
v 0.307817 0.411256 -0.004427
v 0.330485 0.418499 0.008635
v 0.275135 0.395659 0.004256
v 0.248396 0.403007 -0.000812
v 0.256576 0.418427 -0.018635
v 0.282325 0.411351 -0.013754
v 0.243007 0.447666 -0.033929
v 0.264961 0.434836 -0.034190
v 0.225212 0.465176 -0.029090
v 0.237250 0.479372 -0.042493
v 0.253409 0.463472 -0.046887
v 0.273344 0.451821 -0.047124
v 0.213571 0.485846 -0.019930
v 0.208900 0.507550 -0.007529
v 0.222438 0.517849 -0.022915
v 0.226679 0.498141 -0.034175
v 0.212017 0.528164 0.007031
v 0.222254 0.545772 0.022258
v 0.234564 0.552557 0.004133
v 0.225269 0.536568 -0.009693
v 0.238940 0.558457 0.036657
v 0.260175 0.565243 0.048893
v 0.268998 0.570237 0.028319
v 0.249716 0.564075 0.017208
v 0.284056 0.565153 0.057630
v 0.308177 0.558525 0.062202
v 0.312587 0.564137 0.040405
v 0.290683 0.570155 0.036254
v 0.330132 0.545695 0.061941
v 0.347926 0.528185 0.057103
v 0.348680 0.536586 0.035775
v 0.332522 0.552487 0.040168
v 0.359568 0.507515 0.047943
v 0.364239 0.485811 0.035542
v 0.363493 0.498109 0.016196
v 0.359252 0.517817 0.027457
v 0.361121 0.465197 0.020982
v 0.350884 0.447589 0.005755
v 0.351367 0.463401 -0.010852
v 0.360662 0.479390 0.002975
v 0.334198 0.434904 -0.008644
v 0.312964 0.428119 -0.020880
v 0.316933 0.445721 -0.035038
v 0.336215 0.451883 -0.023927
v 0.289082 0.428208 -0.029618
v 0.264961 0.434836 -0.034190
v 0.273344 0.451821 -0.047124
v 0.295248 0.445803 -0.042972
v 0.264094 0.479150 -0.056877
v 0.281517 0.468968 -0.057084
v 0.249973 0.493046 -0.053037
v 0.263059 0.505872 -0.060499
v 0.274799 0.494320 -0.063691
v 0.289283 0.485855 -0.063863
v 0.240734 0.509450 -0.045767
v 0.237027 0.526674 -0.035926
v 0.252297 0.533827 -0.046274
v 0.255379 0.519509 -0.054455
v 0.239501 0.543034 -0.024371
v 0.247625 0.557007 -0.012287
v 0.261108 0.559044 -0.026623
v 0.254354 0.547427 -0.036668
v 0.260867 0.567074 -0.000860
v 0.277719 0.572459 0.008851
v 0.286126 0.571889 -0.009050
v 0.272116 0.567413 -0.017123
v 0.296671 0.572388 0.015785
v 0.315814 0.567128 0.019413
v 0.317795 0.567457 -0.000269
v 0.301881 0.571830 -0.003286
v 0.333237 0.556946 0.019206
v 0.347359 0.543050 0.015366
v 0.344018 0.547441 -0.003634
v 0.332278 0.558993 -0.000442
v 0.356598 0.526646 0.008097
v 0.360304 0.509422 -0.001745
v 0.354780 0.519485 -0.017858
v 0.351699 0.533804 -0.009677
v 0.357830 0.493062 -0.013300
v 0.349706 0.479089 -0.025383
v 0.345970 0.494269 -0.037510
v 0.352723 0.505885 -0.027464
v 0.336464 0.469022 -0.036811
v 0.319612 0.463637 -0.046521
v 0.320952 0.481423 -0.055082
v 0.334961 0.485900 -0.047009
v 0.300660 0.463708 -0.053456
v 0.281517 0.468968 -0.057084
v 0.289283 0.485855 -0.063863
v 0.305197 0.481483 -0.060847
v 0.285258 0.508598 -0.067120
v 0.296444 0.502061 -0.067253
v 0.276191 0.517520 -0.064655
v 0.288570 0.527415 -0.065610
v 0.294482 0.520756 -0.067556
v 0.302633 0.516681 -0.067415
v 0.270260 0.528052 -0.059988
v 0.267880 0.539111 -0.053669
v 0.282799 0.542406 -0.057982
v 0.283842 0.534557 -0.062496
v 0.269468 0.549614 -0.046250
v 0.274684 0.558586 -0.038492
v 0.287524 0.555929 -0.047444
v 0.283280 0.549854 -0.052751
v 0.283186 0.565049 -0.031155
v 0.294006 0.568507 -0.024921
v 0.300940 0.562818 -0.038021
v 0.293012 0.560804 -0.042042
v 0.306174 0.568461 -0.020469
v 0.318464 0.565084 -0.018139
v 0.317923 0.560441 -0.033312
v 0.309320 0.563225 -0.034460
v 0.329650 0.558546 -0.018272
v 0.338717 0.549625 -0.020737
v 0.331986 0.549707 -0.035116
v 0.325976 0.556191 -0.032902
v 0.344649 0.539093 -0.025405
v 0.347029 0.528034 -0.031723
v 0.337757 0.534715 -0.042744
v 0.336616 0.542390 -0.037962
v 0.345440 0.517531 -0.039142
v 0.340224 0.508559 -0.046900
v 0.333032 0.521193 -0.053282
v 0.337177 0.527093 -0.047708
v 0.331722 0.502096 -0.054237
v 0.320903 0.498638 -0.060472
v 0.319616 0.514304 -0.062706
v 0.327445 0.516143 -0.058417
v 0.308735 0.498684 -0.064924
v 0.296444 0.502061 -0.067253
v 0.302633 0.516681 -0.067415
v 0.311137 0.513723 -0.065998
v 0.207868 0.364200 0.188770
v 0.205391 0.368919 0.191763
v 0.213474 0.362749 0.190726
v 0.216882 0.373583 0.203206
v 0.200977 0.373138 0.192047
v 0.202073 0.377536 0.196148
v 0.205391 0.368919 0.191763
v 0.216882 0.373583 0.203206
v 0.200614 0.383045 0.198358
v 0.204789 0.385309 0.202205
v 0.202073 0.377536 0.196148
v 0.216882 0.373583 0.203206
v 0.206916 0.390136 0.205294
v 0.212501 0.389269 0.207622
v 0.204789 0.385309 0.202205
v 0.216882 0.373583 0.203206
v 0.217478 0.391703 0.210203
v 0.222263 0.387903 0.210329
v 0.212501 0.389269 0.207622
v 0.216882 0.373583 0.203206
v 0.228264 0.387148 0.211213
v 0.230346 0.381733 0.209291
v 0.222263 0.387903 0.210329
v 0.216882 0.373583 0.203206
v 0.235155 0.378211 0.207936
v 0.233664 0.373115 0.204907
v 0.230346 0.381733 0.209291
v 0.216882 0.373583 0.203206
v 0.235518 0.368304 0.201624
v 0.230948 0.365342 0.198849
v 0.233664 0.373115 0.204907
v 0.216882 0.373583 0.203206
v 0.229216 0.361213 0.194689
v 0.223236 0.361383 0.193432
v 0.230948 0.365342 0.198849
v 0.216882 0.373583 0.203206
v 0.218654 0.359645 0.189779
v 0.213474 0.362749 0.190726
v 0.223236 0.361383 0.193432
v 0.216882 0.373583 0.203206
v 0.301482 0.529563 -0.065390
v 0.307483 0.528809 -0.064506
v 0.299399 0.534979 -0.063469
v 0.312864 0.543128 -0.057384
v 0.294591 0.538501 -0.062113
v 0.299399 0.534979 -0.063469
v 0.296082 0.543596 -0.059084
v 0.312864 0.543128 -0.057384
v 0.294228 0.548407 -0.055802
v 0.296082 0.543596 -0.059084
v 0.298798 0.551369 -0.053027
v 0.312864 0.543128 -0.057384
v 0.300530 0.555498 -0.048867
v 0.298798 0.551369 -0.053027
v 0.306510 0.555329 -0.047610
v 0.312864 0.543128 -0.057384
v 0.311092 0.557066 -0.043957
v 0.306510 0.555329 -0.047610
v 0.316272 0.553963 -0.044903
v 0.312864 0.543128 -0.057384
v 0.321878 0.552511 -0.042948
v 0.316272 0.553963 -0.044903
v 0.324355 0.547792 -0.045940
v 0.312864 0.543128 -0.057384
v 0.328768 0.543573 -0.046225
v 0.324355 0.547792 -0.045940
v 0.327673 0.539175 -0.050325
v 0.312864 0.543128 -0.057384
v 0.329132 0.533667 -0.052536
v 0.327673 0.539175 -0.050325
v 0.324957 0.531402 -0.056383
v 0.312864 0.543128 -0.057384
v 0.322830 0.526576 -0.059471
v 0.324957 0.531402 -0.056383
v 0.317245 0.527442 -0.061799
v 0.312864 0.543128 -0.057384
v 0.312268 0.525008 -0.064381
v 0.317245 0.527442 -0.061799
v 0.307483 0.528809 -0.064506
v 0.312864 0.543128 -0.057384
v -0.232613 0.308967 0.388650
v -0.240083 0.300430 0.384117
v -0.278391 0.338972 0.415753
v -0.282682 0.351534 0.423580
v -0.251116 0.294648 0.386643
v -0.292361 0.343052 0.422440
v -0.328946 0.385338 0.454053
v -0.254449 0.283306 0.390398
v -0.287603 0.327991 0.419780
v -0.258665 0.277912 0.400040
v -0.297454 0.333926 0.430038
v -0.255845 0.269613 0.409341
v -0.289234 0.319542 0.431930
v -0.254006 0.269976 0.420996
v -0.294977 0.329503 0.441923
v -0.245071 0.268095 0.429851
v -0.282330 0.318575 0.445085
v -0.238841 0.275032 0.437235
v -0.286382 0.332375 0.451133
v -0.227293 0.279132 0.439914
v -0.270934 0.325656 0.451539
v -0.221766 0.289991 0.439244
v -0.276703 0.340858 0.452273
v -0.212925 0.296259 0.433633
v -0.261722 0.336636 0.447512
v -0.212785 0.306090 0.425844
v -0.271610 0.349983 0.444675
v -0.210386 0.309441 0.414687
v -0.260090 0.345085 0.435362
v -0.217161 0.313897 0.404887
v -0.274087 0.354406 0.432790
v -0.221161 0.310956 0.394177
v -0.266994 0.346053 0.422207
v -0.232613 0.308967 0.388650
v -0.282682 0.351534 0.423580
v -0.133728 0.209007 0.294533
v -0.133854 0.214779 0.287721
v -0.116559 0.222053 0.300771
v -0.121777 0.210964 0.308963
v -0.147250 0.228027 0.300950
v -0.130158 0.234650 0.313381
v -0.117894 0.236451 0.330467
v -0.103668 0.223971 0.318723
v -0.108668 0.217003 0.320752
v -0.154399 0.203440 0.282011
v -0.168700 0.218081 0.295503
v -0.147521 0.196168 0.295096
v -0.163841 0.185970 0.291330
v -0.172193 0.188753 0.283930
v -0.186907 0.204657 0.297321
v -0.181236 0.171438 0.293765
v -0.194269 0.187599 0.306687
v -0.167361 0.172504 0.303796
v -0.175795 0.158844 0.312957
v -0.183615 0.155446 0.309507
v -0.194650 0.171521 0.321681
v -0.181415 0.144731 0.329147
v -0.191912 0.161036 0.340384
v -0.169752 0.153762 0.329964
v -0.168258 0.145970 0.346805
v -0.174139 0.139968 0.349532
v -0.184963 0.156504 0.359789
v -0.161287 0.141833 0.367514
v -0.172712 0.158286 0.376888
v -0.154890 0.151614 0.358366
v -0.143753 0.154101 0.373108
v -0.145143 0.149579 0.380622
v -0.157339 0.165663 0.389342
v -0.127995 0.162457 0.386390
v -0.141024 0.177914 0.394811
v -0.130257 0.166879 0.372367
v -0.116095 0.178312 0.376398
v -0.112437 0.178201 0.384500
v -0.126232 0.192888 0.393002
v -0.101065 0.194546 0.374636
v -0.115422 0.208429 0.383623
v -0.110309 0.190643 0.363670
v -0.101549 0.204393 0.354687
v -0.095244 0.209042 0.358836
v -0.109890 0.222219 0.368605
v -0.096338 0.219242 0.339138
v -0.110926 0.231933 0.349881
v -0.106806 0.208917 0.337369
v -0.138100 0.181086 0.333541
v -0.147250 0.228027 0.300950
v -0.168700 0.218081 0.295503
v -0.200390 0.255272 0.336786
v -0.183819 0.263610 0.341183
v -0.186907 0.204657 0.297321
v -0.214590 0.244236 0.338248
v -0.194269 0.187599 0.306687
v -0.221006 0.230699 0.345799
v -0.194650 0.171521 0.321681
v -0.222032 0.218060 0.357889
v -0.191912 0.161036 0.340384
v -0.220063 0.209720 0.372970
v -0.184963 0.156504 0.359789
v -0.214460 0.206075 0.388614
v -0.172712 0.158286 0.376888
v -0.204586 0.207519 0.402393
v -0.157339 0.165663 0.389342
v -0.192199 0.213471 0.412426
v -0.141024 0.177914 0.394811
v -0.179057 0.223346 0.416828
v -0.126232 0.192888 0.393002
v -0.167141 0.235409 0.415368
v -0.115422 0.208429 0.383623
v -0.158434 0.247928 0.407812
v -0.109890 0.222219 0.368605
v -0.153974 0.259035 0.395714
v -0.110926 0.231933 0.349881
v -0.154803 0.266861 0.380629
v -0.117894 0.236451 0.330467
v -0.160411 0.270502 0.364984
v -0.130158 0.234650 0.313381
v -0.170288 0.269053 0.351209
v -0.147250 0.228027 0.300950
v -0.183819 0.263610 0.341183
v -0.274929 0.189148 0.798165
v -0.272204 0.185859 0.799313
v -0.286414 0.189226 0.814317
v -0.290842 0.191595 0.816539
v -0.270074 0.183919 0.801971
v -0.287741 0.188524 0.818434
v -0.302639 0.193318 0.831615
v -0.265581 0.183289 0.803067
v -0.281812 0.187543 0.816775
v -0.262942 0.184571 0.805282
v -0.283462 0.188895 0.820481
v -0.258819 0.187076 0.805790
v -0.277303 0.190017 0.818674
v -0.257879 0.190781 0.806961
v -0.280511 0.192491 0.821479
v -0.256110 0.194990 0.806136
v -0.275529 0.195200 0.818901
v -0.258062 0.198918 0.805866
v -0.280617 0.197206 0.820845
v -0.259163 0.202403 0.803727
v -0.277528 0.200055 0.817323
v -0.263415 0.204219 0.802401
v -0.283717 0.200277 0.818949
v -0.266191 0.204974 0.799203
v -0.282131 0.201738 0.814865
v -0.270657 0.203495 0.797593
v -0.287997 0.199905 0.816903
v -0.272500 0.200866 0.795053
v -0.286640 0.199264 0.812966
v -0.274929 0.196877 0.795271
v -0.290948 0.196309 0.815904
v -0.274804 0.192953 0.795477
v -0.288414 0.194081 0.812739
v -0.274929 0.189148 0.798165
v -0.290842 0.191595 0.816539
v -0.239296 0.176390 0.746416
v -0.237077 0.171107 0.752794
v -0.255191 0.179249 0.778780
v -0.257266 0.183523 0.774922
v -0.233103 0.167255 0.756713
v -0.251696 0.176326 0.781676
v -0.227424 0.166236 0.759236
v -0.247110 0.175701 0.783963
v -0.221305 0.168122 0.761584
v -0.242290 0.177275 0.785778
v -0.216005 0.172987 0.764979
v -0.238097 0.180951 0.787258
v -0.212625 0.179749 0.767491
v -0.235222 0.186046 0.788034
v -0.212259 0.187323 0.767193
v -0.234357 0.191877 0.787737
v -0.214429 0.194608 0.765114
v -0.235481 0.197534 0.786488
v -0.218652 0.200503 0.762281
v -0.238573 0.202111 0.784411
v -0.224402 0.204245 0.757471
v -0.243037 0.205017 0.781099
v -0.231152 0.205073 0.749461
v -0.248275 0.205660 0.776145
v -0.236691 0.202425 0.740378
v -0.252888 0.203783 0.771008
v -0.238810 0.195739 0.732350
v -0.255473 0.199128 0.767142
v -0.239239 0.187877 0.729641
v -0.256789 0.193375 0.766179
v -0.239708 0.181704 0.736514
v -0.257593 0.188202 0.769747
v -0.239296 0.176390 0.746416
v -0.257266 0.183523 0.774922
v -0.204496 0.163928 0.674981
v -0.206040 0.162811 0.675023
v -0.209314 0.169288 0.653737
v -0.205251 0.170685 0.663652
v -0.210223 0.164323 0.684447
v -0.213135 0.170664 0.664472
v -0.215453 0.178450 0.652091
v -0.212067 0.177180 0.640731
v -0.209754 0.177757 0.652315
v -0.202326 0.155298 0.687156
v -0.206642 0.157245 0.695836
v -0.200132 0.160072 0.688588
v -0.195615 0.152628 0.692105
v -0.196697 0.149025 0.692919
v -0.201174 0.151408 0.701305
v -0.187680 0.146271 0.695098
v -0.192601 0.148785 0.703521
v -0.189203 0.153294 0.694624
v -0.180280 0.152488 0.701720
v -0.178049 0.148221 0.700397
v -0.183458 0.150596 0.708433
v -0.170581 0.156061 0.715523
v -0.176280 0.158058 0.721991
v -0.176339 0.160751 0.709838
v -0.172235 0.167923 0.721872
v -0.167778 0.166996 0.728928
v -0.173381 0.168535 0.733934
v -0.172144 0.178230 0.729064
v -0.177074 0.179391 0.734002
v -0.177489 0.177237 0.719926
v -0.181419 0.186567 0.719779
v -0.179987 0.188641 0.723033
v -0.184135 0.189479 0.728485
v -0.187615 0.197106 0.717939
v -0.191339 0.197653 0.723675
v -0.189052 0.191316 0.711628
v -0.195871 0.198304 0.706780
v -0.195870 0.202480 0.710180
v -0.199318 0.202843 0.716275
v -0.205597 0.203618 0.696155
v -0.208702 0.203980 0.702990
v -0.202486 0.196154 0.695304
v -0.209345 0.195164 0.677743
v -0.212983 0.199459 0.676896
v -0.215883 0.200006 0.684999
v -0.214214 0.188942 0.653436
v -0.217251 0.189863 0.663483
v -0.208906 0.185231 0.663451
v -0.193582 0.174340 0.693331
v -0.210223 0.164323 0.684447
v -0.206642 0.157245 0.695836
v -0.219560 0.163144 0.721431
v -0.222462 0.169419 0.712251
v -0.201174 0.151408 0.701305
v -0.214785 0.158217 0.726246
v -0.192601 0.148785 0.703521
v -0.207552 0.156352 0.728661
v -0.183458 0.150596 0.708433
v -0.199785 0.158229 0.732316
v -0.176280 0.158058 0.721991
v -0.193411 0.164528 0.740849
v -0.173381 0.168535 0.733934
v -0.190170 0.173349 0.748123
v -0.177074 0.179391 0.734002
v -0.191806 0.182791 0.747997
v -0.184135 0.189479 0.728485
v -0.196465 0.191695 0.744146
v -0.191339 0.197653 0.723675
v -0.202296 0.198901 0.740246
v -0.199318 0.202843 0.716275
v -0.209329 0.203476 0.733951
v -0.208702 0.203980 0.702990
v -0.217591 0.204489 0.722917
v -0.215883 0.200006 0.684999
v -0.224071 0.201080 0.708934
v -0.217251 0.189863 0.663483
v -0.225759 0.192390 0.693792
v -0.215453 0.178450 0.652091
v -0.224985 0.182459 0.686670
v -0.213135 0.170664 0.664472
v -0.224078 0.175330 0.696743
v -0.210223 0.164323 0.684447
v -0.222462 0.169419 0.712251
v 0.133245 0.560435 -0.448386
v 0.140132 0.546517 -0.429135
v 0.118899 0.528892 -0.401709
v 0.123105 0.540791 -0.439171
v 0.145625 0.569318 -0.431815
v 0.144015 0.555795 -0.411183
v 0.141094 0.579189 -0.412097
v 0.132479 0.563190 -0.395831
v 0.122306 0.584266 -0.400782
v 0.112282 0.564369 -0.392072
v 0.100267 0.581574 -0.404499
v 0.095255 0.558643 -0.402108
v 0.087887 0.572691 -0.421070
v 0.091372 0.549365 -0.420061
v 0.092418 0.562819 -0.440788
v 0.102908 0.541970 -0.435413
v 0.111206 0.557743 -0.452103
v 0.100641 0.922472 -0.651087
v 0.098280 0.920859 -0.650828
v 0.094611 0.941765 -0.671599
v 0.095201 0.946306 -0.675761
v 0.095274 0.921817 -0.651992
v 0.092164 0.945935 -0.676273
v 0.089588 0.965533 -0.696266
v 0.092797 0.921179 -0.649808
v 0.091102 0.941970 -0.670946
v 0.090698 0.923053 -0.649236
v 0.089574 0.946634 -0.674714
v 0.089666 0.923186 -0.645641
v 0.089098 0.943255 -0.668279
v 0.089595 0.925457 -0.644435
v 0.088950 0.947995 -0.671997
v 0.090720 0.925705 -0.640768
v 0.089773 0.944867 -0.665161
v 0.092610 0.927620 -0.640399
v 0.090656 0.949219 -0.669713
v 0.095342 0.927259 -0.638043
v 0.092731 0.945861 -0.663417
v 0.097977 0.928276 -0.639494
v 0.093693 0.949590 -0.669201
v 0.100824 0.926939 -0.639064
v 0.096239 0.945656 -0.664070
v 0.102552 0.927040 -0.642249
v 0.096283 0.948890 -0.670760
v 0.103955 0.924932 -0.643231
v 0.098243 0.944372 -0.666737
v 0.103656 0.924636 -0.647051
v 0.096907 0.947530 -0.673477
v 0.102901 0.922413 -0.648104
v 0.097569 0.942760 -0.669856
v 0.100641 0.922472 -0.651087
v 0.095201 0.946306 -0.675761
v 0.133245 0.560435 -0.448386
v 0.123105 0.540791 -0.439171
v 0.120214 0.610276 -0.484064
v 0.131223 0.612654 -0.480176
v 0.111206 0.557743 -0.452103
v 0.108306 0.609856 -0.484041
v 0.105367 0.702420 -0.528891
v 0.114508 0.702743 -0.528909
v 0.122959 0.704569 -0.525924
v 0.102908 0.541970 -0.435413
v 0.097310 0.611614 -0.479802
v 0.092418 0.562819 -0.440788
v 0.088770 0.615134 -0.472276
v 0.090369 0.706472 -0.519859
v 0.096925 0.703770 -0.525637
v 0.091372 0.549365 -0.420061
v 0.084228 0.620000 -0.462393
v 0.087887 0.572691 -0.421070
v 0.084058 0.625399 -0.451772
v 0.086752 0.714352 -0.504119
v 0.086883 0.710207 -0.512272
v 0.095255 0.558643 -0.402108
v 0.088632 0.630521 -0.442035
v 0.100267 0.581574 -0.404499
v 0.096932 0.634636 -0.434541
v 0.096635 0.721443 -0.490891
v 0.090263 0.718284 -0.496644
v 0.112282 0.564369 -0.392072
v 0.107941 0.637015 -0.430653
v 0.122306 0.584266 -0.400782
v 0.119848 0.637435 -0.430677
v 0.114227 0.723592 -0.487924
v 0.105086 0.723269 -0.487907
v 0.132479 0.563190 -0.395831
v 0.130844 0.635677 -0.434916
v 0.141094 0.579189 -0.412097
v 0.139385 0.632156 -0.442442
v 0.129225 0.719539 -0.496956
v 0.122669 0.722242 -0.491179
v 0.144015 0.555795 -0.411183
v 0.143926 0.627291 -0.452325
v 0.145625 0.569318 -0.431815
v 0.144096 0.621892 -0.462946
v 0.132842 0.711660 -0.512696
v 0.132711 0.715804 -0.504543
v 0.140132 0.546517 -0.429135
v 0.139523 0.616770 -0.472683
v 0.133245 0.560435 -0.448386
v 0.131223 0.612654 -0.480176
v 0.122959 0.704569 -0.525924
v 0.129331 0.707728 -0.520172
v 0.110269 0.783586 -0.566224
v 0.116852 0.785008 -0.563899
v 0.103148 0.783334 -0.566210
v 0.101008 0.847954 -0.597995
v 0.106550 0.848150 -0.598006
v 0.111674 0.849257 -0.596197
v 0.096573 0.784386 -0.563675
v 0.091466 0.786491 -0.559175
v 0.091914 0.850411 -0.592519
v 0.095890 0.848773 -0.596022
v 0.088751 0.789400 -0.553265
v 0.088649 0.792629 -0.546914
v 0.089721 0.855189 -0.582976
v 0.089801 0.852676 -0.587919
v 0.091384 0.795691 -0.541091
v 0.096346 0.798152 -0.536611
v 0.095713 0.859489 -0.574955
v 0.091850 0.857573 -0.578443
v 0.102930 0.799574 -0.534286
v 0.110050 0.799826 -0.534299
v 0.106380 0.860791 -0.573156
v 0.100838 0.860596 -0.573146
v 0.116625 0.798774 -0.536834
v 0.121732 0.796669 -0.541335
v 0.115473 0.858334 -0.578633
v 0.111498 0.859973 -0.575130
v 0.124448 0.793760 -0.547245
v 0.124549 0.790531 -0.553595
v 0.117666 0.853557 -0.588176
v 0.117587 0.856070 -0.583233
v 0.121815 0.787469 -0.559418
v 0.116852 0.785008 -0.563899
v 0.111674 0.849257 -0.596197
v 0.115538 0.851173 -0.592709
v 0.102407 0.891781 -0.626252
v 0.106201 0.892601 -0.624912
v 0.098302 0.891636 -0.626244
v 0.094512 0.892242 -0.624783
v 0.091568 0.893455 -0.622189
v 0.090003 0.895132 -0.618782
v 0.089944 0.896994 -0.615122
v 0.091521 0.898759 -0.611765
v 0.094382 0.900178 -0.609182
v 0.098176 0.900997 -0.607842
v 0.102281 0.901142 -0.607850
v 0.106071 0.900536 -0.609311
v 0.109015 0.899323 -0.611905
v 0.110580 0.897646 -0.615312
v 0.110638 0.895785 -0.618973
v 0.109062 0.894019 -0.622329
v 0.106201 0.892601 -0.624912
v 0.054825 0.572012 -0.789891
v 0.055372 0.572012 -0.789891
v 0.052111 0.619502 -0.902946
v 0.051564 0.619502 -0.902946
v 0.076993 0.424061 -0.833439
v 0.077540 0.424061 -0.833439
v 0.116475 0.259872 -0.893413
v 0.115928 0.259872 -0.893413
v 0.115928 0.259872 -0.893413
v 0.116475 0.259872 -0.893413
v 0.110762 0.264878 -0.846914
v 0.110215 0.264878 -0.846914
v 0.108503 0.233472 -0.675924
v 0.109050 0.233472 -0.675924
v 0.093206 0.344193 -0.642751
v 0.092659 0.344193 -0.642751
v 0.077540 0.424061 -0.833439
v 0.083945 0.395660 -0.735472
v 0.110762 0.264878 -0.846914
v 0.116475 0.259872 -0.893413
v 0.110215 0.264878 -0.846914
v 0.083397 0.395660 -0.735472
v 0.076993 0.424061 -0.833439
v 0.115928 0.259872 -0.893413
v 0.051564 0.619502 -0.902946
v 0.052111 0.619502 -0.902946
v 0.055372 0.572012 -0.789891
v 0.052111 0.619502 -0.902946
v 0.090638 0.403946 -0.594224
v 0.090091 0.403946 -0.594224
v 0.054825 0.572012 -0.789891
v 0.051564 0.619502 -0.902946
v 0.090091 0.403946 -0.594224
v 0.090638 0.403946 -0.594224
v 0.090638 0.403946 -0.594224
v 0.093206 0.344193 -0.642751
v 0.109050 0.233472 -0.675924
v 0.109050 0.233472 -0.675924
v 0.108503 0.233472 -0.675924
v 0.108503 0.233472 -0.675924
v 0.092659 0.344193 -0.642751
v 0.090091 0.403946 -0.594224
v 0.105542 0.850516 -0.581973
v 0.107000 0.850516 -0.581973
v 0.092803 0.951188 -0.678244
v 0.091345 0.951188 -0.678244
v 0.054764 0.734398 -0.753673
v 0.056222 0.734398 -0.753673
v 0.052889 0.616598 -0.892744
v 0.051431 0.616598 -0.892744
v 0.051431 0.616598 -0.892744
v 0.052889 0.616598 -0.892744
v 0.068183 0.578996 -0.788834
v 0.066724 0.578996 -0.788834
v 0.078832 0.423565 -0.569706
v 0.080290 0.423565 -0.569706
v 0.093594 0.475876 -0.512010
v 0.092135 0.475876 -0.512010
v 0.056222 0.734398 -0.753673
v 0.062492 0.604515 -0.703458
v 0.068183 0.578996 -0.788834
v 0.052889 0.616598 -0.892744
v 0.066724 0.578996 -0.788834
v 0.061034 0.604515 -0.703458
v 0.054764 0.734398 -0.753673
v 0.051431 0.616598 -0.892744
v 0.078832 0.843261 -0.687374
v 0.080290 0.843261 -0.687374
v 0.080290 0.843261 -0.687374
v 0.080290 0.658345 -0.656542
v 0.107898 0.519009 -0.468749
v 0.106440 0.519009 -0.468749
v 0.078832 0.658345 -0.656542
v 0.078832 0.843261 -0.687374
v 0.091345 0.951188 -0.678244
v 0.092803 0.951188 -0.678244
v 0.107000 0.850516 -0.581973
v 0.092803 0.951188 -0.678244
v 0.107898 0.542787 -0.394180
v 0.106440 0.542787 -0.394180
v 0.105542 0.850516 -0.581973
v 0.091345 0.951188 -0.678244
v 0.106440 0.542787 -0.394180
v 0.107898 0.542787 -0.394180
v 0.107898 0.542787 -0.394180
v 0.107898 0.519009 -0.468749
v 0.093594 0.475876 -0.512010
v 0.080290 0.423565 -0.569706
v 0.080290 0.423565 -0.569706
v 0.078832 0.423565 -0.569706
v 0.078832 0.423565 -0.569706
v 0.092135 0.475876 -0.512010
v 0.106440 0.519009 -0.468749
v 0.106440 0.542787 -0.394180
v -0.397552 -0.134139 -0.159679
v -0.385822 -0.152923 -0.154688
v -0.360910 -0.093636 -0.157672
v -0.377056 -0.063754 -0.163174
v -0.374216 -0.173264 -0.159287
v -0.344826 -0.125212 -0.161970
v -0.334129 -0.084852 -0.165652
v -0.342660 -0.044005 -0.162128
v -0.360682 -0.030846 -0.166884
v -0.402874 -0.144573 -0.270004
v -0.402625 -0.141460 -0.250825
v -0.383011 -0.069594 -0.256478
v -0.383134 -0.072979 -0.276079
v -0.402376 -0.138348 -0.231647
v -0.382888 -0.066208 -0.236877
v -0.361912 -0.018258 -0.240580
v -0.361943 -0.022142 -0.261262
v -0.361973 -0.026026 -0.281944
v -0.376085 -0.194488 -0.303088
v -0.387815 -0.175563 -0.308076
v -0.361893 -0.120723 -0.314479
v -0.345747 -0.150605 -0.308977
v -0.399421 -0.155363 -0.303480
v -0.377977 -0.089147 -0.310180
v -0.361091 -0.057432 -0.311714
v -0.342906 -0.073052 -0.317063
v -0.334539 -0.111438 -0.310481
v -0.371261 -0.190420 -0.231122
v -0.371510 -0.193250 -0.250296
v -0.340038 -0.151537 -0.254874
v -0.339915 -0.148151 -0.235273
v -0.371760 -0.196080 -0.269469
v -0.340161 -0.154923 -0.274475
v -0.323716 -0.106567 -0.279974
v -0.323685 -0.102683 -0.259292
v -0.323655 -0.098799 -0.238610
v -0.361912 -0.018258 -0.240580
v -0.336577 -0.042312 -0.240769
v -0.336577 -0.046362 -0.261811
v -0.361943 -0.022142 -0.261262
v -0.323655 -0.098799 -0.238610
v -0.323685 -0.102683 -0.259292
v -0.323716 -0.106567 -0.279974
v -0.336577 -0.050412 -0.282853
v -0.361973 -0.026026 -0.281944
v -0.402127 -0.135800 -0.212478
v -0.382765 -0.062822 -0.217277
v -0.401877 -0.133253 -0.193310
v -0.382642 -0.059436 -0.197676
v -0.361850 -0.010490 -0.199216
v -0.361881 -0.014374 -0.219898
v -0.361850 -0.010490 -0.199216
v -0.336577 -0.034212 -0.198684
v -0.336577 -0.038262 -0.219726
v -0.361881 -0.014374 -0.219898
v -0.323593 -0.091031 -0.197246
v -0.323624 -0.094915 -0.217928
v -0.370763 -0.184761 -0.192776
v -0.371012 -0.187591 -0.211949
v -0.339792 -0.144765 -0.215672
v -0.339669 -0.141380 -0.196071
v -0.323624 -0.094915 -0.217928
v -0.323593 -0.091031 -0.197246
v -0.401628 -0.130140 -0.174131
v -0.382520 -0.056050 -0.178075
v -0.361820 -0.006606 -0.178534
v -0.323562 -0.087147 -0.176564
v -0.336577 -0.030162 -0.177642
v -0.361820 -0.006606 -0.178534
v -0.374216 -0.173264 -0.159287
v -0.370514 -0.181931 -0.173602
v -0.339546 -0.137994 -0.176471
v -0.344826 -0.125212 -0.161970
v -0.323562 -0.087147 -0.176564
v -0.334129 -0.084852 -0.165652
v -0.372009 -0.198910 -0.288643
v -0.340284 -0.158308 -0.294076
v -0.323747 -0.110451 -0.300656
v -0.336577 -0.054462 -0.303896
v -0.362004 -0.029910 -0.302626
v -0.323747 -0.110451 -0.300656
v -0.334539 -0.111438 -0.310481
v -0.342906 -0.073052 -0.317063
v -0.361091 -0.057432 -0.311714
v -0.403123 -0.147120 -0.289172
v -0.383257 -0.076365 -0.295680
v -0.362004 -0.029910 -0.302626
v -0.443409 -0.236590 -0.130951
v -0.446596 -0.223677 -0.125221
v -0.497413 -0.238355 -0.100415
v -0.497961 -0.246229 -0.107013
v -0.451001 -0.212761 -0.131341
v -0.501030 -0.232138 -0.107392
v -0.536772 -0.240589 -0.095068
v -0.546164 -0.245512 -0.088051
v -0.535342 -0.247792 -0.094819
v -0.451937 -0.231141 -0.315258
v -0.447744 -0.243279 -0.320904
v -0.490649 -0.260674 -0.342728
v -0.494123 -0.253076 -0.336413
v -0.444344 -0.254971 -0.314867
v -0.491055 -0.267167 -0.336034
v -0.523096 -0.270152 -0.348944
v -0.532296 -0.268845 -0.355105
v -0.524527 -0.262949 -0.349193
v -0.450275 -0.250235 -0.222243
v -0.449338 -0.247622 -0.198560
v -0.522325 -0.257067 -0.191870
v -0.524654 -0.260509 -0.219048
v -0.441693 -0.244440 -0.174573
v -0.493165 -0.251350 -0.163472
v -0.528362 -0.250453 -0.156770
v -0.552761 -0.255431 -0.175784
v -0.591444 -0.260182 -0.179081
v -0.588935 -0.261634 -0.194565
v -0.592313 -0.263714 -0.217181
v -0.444033 -0.242275 -0.148637
v -0.503945 -0.249700 -0.127282
v -0.554400 -0.250527 -0.101954
v -0.570047 -0.252446 -0.114920
v -0.539287 -0.250140 -0.131110
v -0.454033 -0.213066 -0.149206
v -0.507541 -0.233638 -0.127845
v -0.451806 -0.216415 -0.175192
v -0.497213 -0.234375 -0.164134
v -0.529754 -0.240877 -0.157401
v -0.540520 -0.241448 -0.131651
v -0.570537 -0.247717 -0.115275
v -0.555450 -0.244396 -0.102276
v -0.459338 -0.218414 -0.199135
v -0.525920 -0.241008 -0.192453
v -0.460368 -0.219104 -0.222779
v -0.528621 -0.242404 -0.219578
v -0.593455 -0.257075 -0.217507
v -0.589985 -0.255509 -0.194916
v -0.591935 -0.255464 -0.179489
v -0.553993 -0.246746 -0.176363
v -0.611362 -0.262885 -0.217148
v -0.604609 -0.260156 -0.183480
v -0.597904 -0.259406 -0.169454
v -0.587188 -0.256081 -0.146363
v -0.587179 -0.255448 -0.146180
v -0.587270 -0.254937 -0.146469
v -0.598030 -0.257649 -0.169637
v -0.581666 -0.251876 -0.121959
v -0.574669 -0.250888 -0.107003
v -0.581541 -0.253639 -0.121808
v -0.459603 -0.223058 -0.246597
v -0.524140 -0.245564 -0.247196
v -0.452222 -0.225973 -0.271330
v -0.493198 -0.244566 -0.278476
v -0.522309 -0.251130 -0.284470
v -0.549405 -0.253102 -0.262394
v -0.588722 -0.260056 -0.257520
v -0.588374 -0.258373 -0.240974
v -0.454329 -0.227781 -0.297822
v -0.500207 -0.250431 -0.316992
v -0.541810 -0.264689 -0.343568
v -0.557494 -0.264597 -0.331904
v -0.529796 -0.256379 -0.313747
v -0.444330 -0.256990 -0.297253
v -0.496611 -0.266493 -0.316428
v -0.442109 -0.253999 -0.270711
v -0.489150 -0.261541 -0.277814
v -0.520917 -0.260707 -0.283839
v -0.528563 -0.265071 -0.313205
v -0.557004 -0.269326 -0.331550
v -0.540761 -0.270820 -0.343246
v -0.449603 -0.252267 -0.246022
v -0.520544 -0.261623 -0.246613
v -0.587324 -0.264498 -0.240623
v -0.588232 -0.264774 -0.257111
v -0.548173 -0.261787 -0.261815
v -0.594155 -0.262702 -0.268492
v -0.601897 -0.263688 -0.252729
v -0.580412 -0.263381 -0.295369
v -0.580071 -0.264422 -0.294968
v -0.580330 -0.264525 -0.295263
v -0.594029 -0.264458 -0.268308
v -0.561317 -0.268790 -0.337886
v -0.570259 -0.267800 -0.323533
v -0.570384 -0.266038 -0.323684
v -0.441693 -0.244440 -0.174573
v -0.402832 -0.220679 -0.184975
v -0.402450 -0.218188 -0.164201
v -0.444033 -0.242275 -0.148637
v -0.404619 -0.211329 -0.148661
v -0.443409 -0.236590 -0.130951
v -0.450275 -0.250235 -0.222243
v -0.403596 -0.225660 -0.226524
v -0.403214 -0.223170 -0.205749
v -0.449338 -0.247622 -0.198560
v -0.442109 -0.253999 -0.270711
v -0.404361 -0.230642 -0.268072
v -0.403978 -0.228151 -0.247298
v -0.449603 -0.252267 -0.246022
v -0.444344 -0.254971 -0.314867
v -0.407486 -0.230011 -0.304468
v -0.404743 -0.233133 -0.288846
v -0.444330 -0.256990 -0.297253
v -0.451937 -0.231141 -0.315258
v -0.422222 -0.200632 -0.304726
v -0.414949 -0.215662 -0.309786
v -0.447744 -0.243279 -0.320904
v -0.452222 -0.225973 -0.271330
v -0.424009 -0.194106 -0.268464
v -0.424391 -0.195468 -0.289217
v -0.454329 -0.227781 -0.297822
v -0.460368 -0.219104 -0.222779
v -0.423244 -0.186866 -0.226874
v -0.423626 -0.190486 -0.247669
v -0.459603 -0.223058 -0.246597
v -0.451806 -0.216415 -0.175192
v -0.422479 -0.184143 -0.185367
v -0.422862 -0.185504 -0.206120
v -0.459338 -0.218414 -0.199135
v -0.419355 -0.181951 -0.148919
v -0.422097 -0.180523 -0.164572
v -0.454033 -0.213066 -0.149206
v -0.404619 -0.211329 -0.148661
v -0.411891 -0.195735 -0.143592
v -0.572560 -0.260651 -0.294057
v -0.580075 -0.262394 -0.295341
v -0.588352 -0.262005 -0.279011
v -0.584479 -0.260588 -0.273929
v -0.580412 -0.263381 -0.295369
v -0.594155 -0.262702 -0.268492
v -0.588722 -0.260056 -0.257520
v -0.587188 -0.256081 -0.146363
v -0.597904 -0.259406 -0.169454
v -0.592803 -0.258739 -0.160318
v -0.586413 -0.256723 -0.146541
v -0.591444 -0.260182 -0.179081
v -0.588682 -0.258780 -0.164676
v -0.579125 -0.256192 -0.147708
v -0.570047 -0.252446 -0.114920
v -0.581541 -0.253639 -0.121808
v -0.583924 -0.255289 -0.131791
v -0.577583 -0.254467 -0.129017
v -0.557494 -0.264597 -0.331904
v -0.570384 -0.266038 -0.323684
v -0.574726 -0.264066 -0.312915
v -0.567446 -0.263164 -0.316308
v -0.520917 -0.260707 -0.283839
v -0.548173 -0.261787 -0.261815
v -0.562633 -0.262664 -0.273773
v -0.548001 -0.262167 -0.288916
v -0.588232 -0.264774 -0.257111
v -0.584176 -0.264834 -0.273524
v -0.572256 -0.264909 -0.293682
v -0.549405 -0.253102 -0.262394
v -0.563041 -0.256936 -0.274297
v -0.522309 -0.251130 -0.284470
v -0.548436 -0.256058 -0.289448
v -0.552761 -0.255431 -0.175784
v -0.568231 -0.255537 -0.164550
v -0.528362 -0.250453 -0.156770
v -0.555697 -0.252721 -0.151831
v -0.529754 -0.240877 -0.157401
v -0.553993 -0.246746 -0.176363
v -0.568640 -0.249809 -0.165074
v -0.556132 -0.246612 -0.152363
v -0.591935 -0.255464 -0.179489
v -0.588985 -0.254534 -0.165081
v -0.579429 -0.251934 -0.148083
v -0.539287 -0.250140 -0.131110
v -0.559352 -0.252087 -0.136023
v -0.570537 -0.247717 -0.115275
v -0.540520 -0.241448 -0.131651
v -0.559761 -0.246353 -0.136515
v -0.577886 -0.250214 -0.129382
v -0.557004 -0.269326 -0.331550
v -0.528563 -0.265071 -0.313205
v -0.549007 -0.264731 -0.307709
v -0.567143 -0.267418 -0.315944
v -0.529796 -0.256379 -0.313747
v -0.549415 -0.258997 -0.308201
v -0.586588 -0.254257 -0.146760
v -0.584125 -0.252469 -0.132033
v -0.587270 -0.254937 -0.146469
v -0.581666 -0.251876 -0.121959
v -0.598030 -0.257649 -0.169637
v -0.593004 -0.255925 -0.160592
v -0.580330 -0.264525 -0.295263
v -0.570259 -0.267800 -0.323533
v -0.574526 -0.266886 -0.312673
v -0.579899 -0.264860 -0.295121
v -0.594029 -0.264458 -0.268308
v -0.588151 -0.264819 -0.278737
v 0.199451 0.068912 0.651848
v 0.177009 0.058889 0.600171
v 0.208010 0.051298 0.517569
v 0.242671 0.065342 0.591393
v 0.140183 0.050495 0.567950
v 0.157250 0.035794 0.466886
v 0.173882 0.017720 0.364872
v 0.239607 0.041871 0.429609
v 0.284424 0.063654 0.528164
v 0.100974 0.043993 0.552279
v 0.100833 0.019246 0.452469
v 0.061835 0.045160 0.569112
v 0.044416 0.014456 0.471531
v 0.028330 -0.013703 0.374174
v 0.100833 -0.007402 0.347010
v 0.024939 0.054622 0.601100
v -0.006344 0.034227 0.521285
v 0.002955 0.067139 0.654578
v -0.040582 0.060628 0.593900
v -0.079056 0.060651 0.543954
v -0.035755 0.018604 0.444518
v -0.004036 0.074044 0.710483
v -0.047434 0.075724 0.681546
v 0.005922 0.076616 0.760911
v -0.036626 0.080539 0.761530
v -0.077222 0.088478 0.763954
v -0.089208 0.083566 0.658393
v 0.017520 0.074968 0.789891
v -0.017886 0.076098 0.811156
v 0.036859 0.068648 0.809182
v 0.006968 0.060579 0.849562
v -0.022458 0.048332 0.896667
v -0.054109 0.076516 0.836757
v 0.056315 0.056243 0.834228
v 0.036116 0.032158 0.895883
v 0.080401 0.045462 0.852427
v 0.069376 0.006004 0.933592
v 0.058282 -0.034077 1.016324
v 0.015140 0.004577 0.963549
v 0.106225 0.041119 0.860649
v 0.106561 -0.002714 0.946162
v 0.131881 0.045462 0.852427
v 0.143747 0.006004 0.933592
v 0.154841 -0.034077 1.016324
v 0.106561 -0.046962 1.033916
v 0.156135 0.056243 0.834228
v 0.177006 0.032158 0.895883
v 0.174498 0.069354 0.806685
v 0.205146 0.061025 0.847984
v 0.234572 0.048444 0.896273
v 0.197982 0.004577 0.963549
v 0.191231 0.077794 0.779900
v 0.226973 0.077883 0.804846
v 0.199667 0.080705 0.746450
v 0.242264 0.083216 0.752064
v 0.283406 0.088562 0.759254
v 0.263196 0.076962 0.835180
v 0.207536 0.076869 0.700491
v 0.250793 0.077508 0.675236
v 0.199451 0.068912 0.651848
v 0.242671 0.065342 0.591393
v 0.284424 0.063654 0.528164
v 0.294753 0.081672 0.647480
v 0.267765 0.029259 0.352137
v 0.321633 0.065071 0.470335
v 0.188705 -0.005313 0.275466
v 0.201377 -0.021570 0.198283
v 0.291838 0.021927 0.285153
v 0.353445 0.071337 0.419413
v 0.100833 -0.028218 0.252387
v 0.015147 -0.024312 0.289446
v 0.003972 -0.024462 0.213679
v 0.100833 -0.038914 0.169946
v -0.057355 0.021547 0.393192
v -0.106428 0.074842 0.527273
v -0.129255 0.084927 0.505051
v -0.075439 0.027431 0.343020
v -0.121826 0.101056 0.655336
v -0.112316 0.100497 0.769469
v -0.142395 0.114863 0.772348
v -0.149329 0.116188 0.646858
v -0.086663 0.073476 0.861761
v -0.049084 0.030532 0.940696
v -0.072881 0.018527 0.982647
v -0.115186 0.074597 0.885431
v -0.003795 -0.017795 1.014760
v 0.048366 -0.056058 1.068481
v 0.039737 -0.064019 1.111707
v -0.020659 -0.030213 1.060537
v 0.106561 -0.068812 1.086388
v 0.164756 -0.056058 1.068481
v 0.173385 -0.064019 1.111707
v 0.106561 -0.075288 1.128764
v 0.216917 -0.017795 1.014760
v 0.261198 0.030532 0.940696
v 0.284995 0.018527 0.982646
v 0.233781 -0.030213 1.060537
v 0.295750 0.073476 0.861761
v 0.320139 0.098157 0.760135
v 0.351716 0.112420 0.758114
v 0.324273 0.074597 0.885431
v 0.333929 0.091696 0.617997
v 0.321633 0.065071 0.470335
v 0.353445 0.071337 0.419413
v 0.367422 0.106417 0.589921
v 0.311180 0.028342 0.228657
v 0.379003 0.084197 0.376902
v 0.211558 -0.019317 0.132938
v 0.219030 -0.005237 0.082279
v 0.325373 0.043910 0.184833
v 0.397759 0.102189 0.343973
v 0.100833 -0.035203 0.101032
v -0.006089 -0.021244 0.143202
v -0.014391 -0.012120 0.086239
v 0.100833 -0.021619 0.048094
v -0.094300 0.020631 0.269713
v -0.154093 0.072630 0.438485
v -0.177834 0.060888 0.367731
v -0.111817 0.016376 0.200672
v -0.175758 0.116959 0.607441
v -0.167949 0.129841 0.766862
v -0.187733 0.147831 0.759264
v -0.198829 0.118432 0.563752
v -0.139316 0.087499 0.907028
v -0.093819 0.023664 1.023515
v -0.109862 0.039979 1.058154
v -0.157475 0.107908 0.924793
v -0.035420 -0.027933 1.111898
v 0.032500 -0.062043 1.167646
v 0.027077 -0.050608 1.218529
v -0.046705 -0.014638 1.157158
v 0.106561 -0.073412 1.186228
v 0.180622 -0.062043 1.167646
v 0.186045 -0.050608 1.218528
v 0.106561 -0.062598 1.238985
v 0.248543 -0.027933 1.111898
v 0.305933 0.023664 1.023515
v 0.321976 0.039979 1.058154
v 0.259827 -0.014638 1.157158
v 0.348403 0.087499 0.907028
v 0.377390 0.131769 0.756598
v 0.396343 0.154715 0.755305
v 0.366562 0.107908 0.924793
v 0.394331 0.124670 0.566386
v 0.379003 0.084197 0.376902
v 0.397759 0.102189 0.343973
v 0.414078 0.145966 0.547914
v 0.334004 0.064039 0.155864
v 0.409163 0.123850 0.321794
v 0.223573 0.013987 0.049154
v 0.225112 0.037821 0.034158
v 0.336929 0.088179 0.142277
v 0.413028 0.148607 0.310778
v 0.100833 -0.002697 0.013583
v -0.020290 0.005452 0.051012
v -0.023042 0.029285 0.036016
v 0.100833 0.021035 -0.001882
v -0.125869 0.029897 0.163297
v -0.197370 0.072638 0.332944
v -0.208513 0.097394 0.321927
v -0.133646 0.054037 0.149710
v -0.216258 0.135673 0.542457
v -0.200506 0.171233 0.755807
v -0.205881 0.197754 0.754424
v -0.225179 0.161459 0.535397
v -0.168087 0.131547 0.936965
v -0.118974 0.061504 1.081413
v -0.123820 0.087279 1.094010
v -0.172856 0.157800 0.943315
v -0.053137 0.005991 1.184633
v 0.023886 -0.030195 1.246588
v 0.022512 -0.004006 1.259439
v -0.056489 0.031877 1.198452
v 0.106561 -0.042257 1.267239
v 0.189236 -0.030195 1.246587
v 0.190610 -0.004006 1.259439
v 0.106561 -0.015967 1.279769
v 0.266259 0.005991 1.184633
v 0.331087 0.061504 1.081413
v 0.335934 0.087279 1.094010
v 0.269612 0.031877 1.198452
v 0.377174 0.131547 0.936965
v 0.407760 0.179768 0.753949
v 0.411923 0.206290 0.752566
v 0.381943 0.157800 0.943315
v 0.426086 0.169815 0.535024
v 0.409163 0.123850 0.321794
v 0.413028 0.148607 0.310778
v 0.430155 0.195601 0.527964
v 0.334004 0.115783 0.144599
v 0.409163 0.175883 0.311334
v 0.223573 0.065731 0.037888
v 0.219030 0.096104 0.060216
v 0.325373 0.142608 0.163346
v 0.397759 0.199693 0.324460
v 0.100833 0.049047 0.002318
v -0.021907 0.057196 0.039747
v -0.018076 0.089268 0.061323
v 0.100833 0.080603 0.025840
v -0.132339 0.081641 0.152032
v -0.207074 0.124670 0.322484
v -0.199939 0.158672 0.331104
v -0.126554 0.115261 0.167775
v -0.222727 0.188569 0.534414
v -0.203472 0.225105 0.753047
v -0.193733 0.253424 0.751151
v -0.213566 0.219592 0.537220
v -0.173485 0.186047 0.943612
v -0.127070 0.116343 1.096660
v -0.123756 0.147801 1.089421
v -0.166737 0.215574 0.937924
v -0.058535 0.060943 1.202747
v 0.022537 0.024757 1.264702
v 0.024761 0.054356 1.262336
v -0.055967 0.091867 1.197528
v 0.106561 0.012695 1.285353
v 0.190585 0.024757 1.264701
v 0.188361 0.054356 1.262336
v 0.106561 0.041852 1.283939
v 0.271657 0.060943 1.202747
v 0.339184 0.116343 1.096660
v 0.335869 0.147801 1.089421
v 0.269089 0.091867 1.197528
v 0.382572 0.186047 0.943612
v 0.409110 0.233641 0.751189
v 0.398658 0.260261 0.750044
v 0.375824 0.215574 0.937923
v 0.426086 0.222711 0.526981
v 0.409163 0.175883 0.311334
v 0.397759 0.199693 0.324460
v 0.414078 0.246939 0.532791
v 0.311180 0.164412 0.199034
v 0.379003 0.214053 0.351151
v 0.211558 0.127326 0.101013
v 0.201377 0.161095 0.158661
v 0.291838 0.190609 0.249013
v 0.353445 0.233556 0.388234
v 0.100833 0.114965 0.068339
v -0.012739 0.125586 0.099867
v -0.003981 0.163524 0.155996
v 0.100833 0.151256 0.128544
v -0.120900 0.157448 0.194450
v -0.193993 0.203608 0.344275
v -0.176975 0.248134 0.372241
v -0.107252 0.200327 0.238352
v -0.202359 0.257119 0.541529
v -0.177114 0.282848 0.748209
v -0.152435 0.311633 0.746300
v -0.181142 0.293412 0.554296
v -0.149376 0.245664 0.926317
v -0.108910 0.180759 1.072349
v -0.085396 0.219834 1.046264
v -0.123530 0.278271 0.910036
v -0.045481 0.123325 1.182805
v 0.029985 0.083052 1.252307
v 0.037651 0.120620 1.227821
v -0.029002 0.162833 1.155743
v 0.106561 0.069627 1.275475
v 0.183137 0.083052 1.252307
v 0.175471 0.120620 1.227821
v 0.106561 0.106549 1.251847
v 0.258603 0.123325 1.182805
v 0.321024 0.180759 1.072349
v 0.297510 0.219834 1.046264
v 0.242124 0.162833 1.155743
v 0.358463 0.245664 0.926316
v 0.379905 0.284589 0.749356
v 0.353802 0.309204 0.748965
v 0.332617 0.278271 0.910036
v 0.394331 0.264082 0.546113
v 0.379003 0.214053 0.351151
v 0.353445 0.233556 0.388234
v 0.367422 0.283693 0.564958
v 0.267765 0.230614 0.310633
v 0.321633 0.272798 0.432535
v 0.188705 0.199106 0.231546
v 0.173882 0.244939 0.317300
v 0.239607 0.277969 0.382292
v 0.284424 0.317703 0.483293
v 0.100833 0.188603 0.205183
v 0.010114 0.200457 0.230331
v 0.027072 0.243808 0.318071
v 0.100833 0.233929 0.295636
v -0.077486 0.236021 0.305773
v -0.136624 0.280908 0.425244
v -0.086605 0.310916 0.487919
v -0.040787 0.273444 0.385376
v -0.141956 0.320735 0.582479
v -0.118514 0.338036 0.747500
v -0.078771 0.361594 0.748455
v -0.094240 0.344302 0.616070
v -0.091326 0.315349 0.890328
v -0.056078 0.269647 1.011988
v -0.024207 0.320207 0.964403
v -0.055274 0.350781 0.863703
v -0.008458 0.217905 1.113502
v 0.047201 0.176833 1.182083
v 0.057990 0.242437 1.115214
v 0.013975 0.278214 1.053143
v 0.106561 0.163142 1.204944
v 0.165921 0.176833 1.182083
v 0.155132 0.242437 1.115214
v 0.106561 0.230511 1.135904
v 0.221580 0.217905 1.113502
v 0.268192 0.269647 1.011988
v 0.236320 0.320207 0.964402
v 0.199148 0.278214 1.053143
v 0.300413 0.315349 0.890328
v 0.321305 0.336684 0.748715
v 0.283697 0.362725 0.747684
v 0.264362 0.350781 0.863703
v 0.333929 0.315328 0.587340
v 0.321633 0.272798 0.432535
v 0.284424 0.317703 0.483293
v 0.294753 0.348827 0.612986
v 0.208010 0.326214 0.462384
v 0.242671 0.354195 0.539743
v 0.157250 0.302175 0.413559
v 0.140183 0.355251 0.514047
v 0.177009 0.366561 0.542288
v 0.199451 0.381959 0.599816
v 0.100833 0.294162 0.397284
v 0.044416 0.300999 0.414419
v 0.061835 0.354957 0.514262
v 0.100974 0.349842 0.497904
v -0.006344 0.321513 0.465823
v -0.040582 0.347144 0.544902
v 0.002955 0.380196 0.601106
v 0.024939 0.365386 0.543148
v -0.047434 0.369332 0.645062
v -0.036626 0.381845 0.745814
v 0.005922 0.397883 0.742769
v -0.004036 0.390798 0.671332
v -0.017886 0.378452 0.826672
v 0.006968 0.361523 0.898390
v 0.036859 0.391318 0.834199
v 0.017520 0.397845 0.791857
v 0.036116 0.333432 0.971724
v 0.069376 0.308177 1.027331
v 0.080401 0.362500 0.934221
v 0.056315 0.375832 0.891679
v 0.106561 0.299759 1.045866
v 0.143747 0.308177 1.027331
v 0.131881 0.362500 0.934221
v 0.106225 0.356642 0.953917
v 0.177006 0.333432 0.971724
v 0.205146 0.361524 0.898390
v 0.174498 0.391318 0.834199
v 0.156135 0.375832 0.891679
v 0.226973 0.378452 0.826672
v 0.242264 0.383020 0.744955
v 0.199667 0.398177 0.742555
v 0.191231 0.397845 0.791857
v 0.250793 0.374033 0.641622
v 0.242671 0.354195 0.539743
v 0.199451 0.381959 0.599816
v 0.207536 0.391973 0.670472
v 0.150638 0.065991 0.661569
v 0.124056 0.063404 0.654509
v 0.157840 0.073144 0.701351
v 0.102682 0.077172 0.756644
v 0.101397 0.059108 0.629953
v 0.079021 0.063404 0.654509
v 0.124056 0.063404 0.654509
v 0.102682 0.077172 0.756644
v 0.052156 0.065991 0.661569
v 0.045519 0.072549 0.703454
v 0.079021 0.063404 0.654509
v 0.102682 0.077172 0.756644
v 0.033454 0.075040 0.730887
v 0.046874 0.076643 0.760811
v 0.045519 0.072549 0.703454
v 0.102682 0.077172 0.756644
v 0.047623 0.075871 0.777893
v 0.064878 0.073915 0.785330
v 0.046874 0.076643 0.760811
v 0.102682 0.077172 0.756644
v 0.072917 0.068130 0.801048
v 0.090110 0.065574 0.804970
v 0.064878 0.073915 0.785330
v 0.102682 0.077172 0.756644
v 0.105216 0.061725 0.814899
v 0.119650 0.065574 0.804970
v 0.090110 0.065574 0.804970
v 0.102682 0.077172 0.756644
v 0.137515 0.068130 0.801048
v 0.144209 0.074509 0.783226
v 0.119650 0.065574 0.804970
v 0.102682 0.077172 0.756644
v 0.160120 0.078250 0.769479
v 0.158568 0.079617 0.750294
v 0.144209 0.074509 0.783226
v 0.102682 0.077172 0.756644
v 0.170470 0.077419 0.722473
v 0.157840 0.073144 0.701351
v 0.158568 0.079617 0.750294
v 0.102682 0.077172 0.756644
v 0.150638 0.390220 0.613383
v 0.157840 0.400678 0.661440
v 0.124056 0.388608 0.612488
v 0.102682 0.414850 0.742557
v 0.101397 0.381514 0.585275
v 0.124056 0.388608 0.612488
v 0.079021 0.388608 0.612488
v 0.102682 0.414850 0.742557
v 0.052156 0.390220 0.613383
v 0.079021 0.388608 0.612488
v 0.045519 0.400678 0.661440
v 0.102682 0.414850 0.742557
v 0.033454 0.403678 0.696758
v 0.045519 0.400678 0.661440
v 0.046874 0.408798 0.742514
v 0.102682 0.414850 0.742557
v 0.047623 0.408445 0.771880
v 0.046874 0.408798 0.742514
v 0.064878 0.407311 0.792077
v 0.102682 0.414850 0.742557
v 0.072917 0.397687 0.835439
v 0.064878 0.407311 0.792077
v 0.090110 0.393850 0.851669
v 0.102682 0.414850 0.742557
v 0.105216 0.386914 0.879142
v 0.090110 0.393850 0.851669
v 0.119650 0.393850 0.851669
v 0.102682 0.414850 0.742557
v 0.137515 0.397687 0.835439
v 0.119650 0.393850 0.851669
v 0.144209 0.407312 0.792076
v 0.102682 0.414850 0.742557
v 0.160120 0.408445 0.771880
v 0.144209 0.407312 0.792076
v 0.158568 0.408798 0.742514
v 0.102682 0.414850 0.742557
v 0.170470 0.403678 0.696758
v 0.158568 0.408798 0.742514
v 0.157840 0.400678 0.661440
v 0.102682 0.414850 0.742557
v 0.138941 0.309303 0.340089
v 0.062442 0.309502 0.348186
v 0.063062 0.283544 0.348915
v 0.137944 0.281333 0.340823
v -0.026267 0.300202 0.353835
v -0.022193 0.278069 0.354462
v -0.016939 0.249194 0.354865
v 0.063872 0.249616 0.349467
v 0.136690 0.244715 0.341370
v -0.026267 0.300202 0.353835
v -0.132573 0.286066 0.354535
v -0.121495 0.268125 0.354819
v -0.022193 0.278069 0.354462
v -0.219749 0.272040 0.374427
v -0.201390 0.256238 0.375551
v -0.177607 0.235502 0.376461
v -0.107180 0.244710 0.354714
v -0.016939 0.249194 0.354865
v 0.278802 0.273104 0.327527
v 0.208616 0.294940 0.332046
v 0.206123 0.268217 0.332831
v 0.271942 0.249445 0.328378
v 0.138941 0.309303 0.340089
v 0.137944 0.281333 0.340823
v 0.136690 0.244715 0.341370
v 0.202952 0.233230 0.333422
v 0.263063 0.218469 0.329018
v 0.419729 0.228346 0.350402
v 0.356830 0.250489 0.330005
v 0.339740 0.230267 0.330899
v 0.394598 0.213455 0.353206
v 0.278802 0.273104 0.327527
v 0.271942 0.249445 0.328378
v 0.263063 0.218469 0.329018
v 0.317431 0.203741 0.331554
v 0.361758 0.193919 0.356351
v -0.219749 0.272040 0.374427
v -0.251066 0.263071 0.437656
v -0.228429 0.244933 0.442229
v -0.201390 0.256238 0.375551
v -0.253063 0.254940 0.510421
v -0.228221 0.234688 0.515519
v -0.195800 0.207717 0.521430
v -0.198981 0.220911 0.447553
v -0.177607 0.235502 0.376461
v 0.447135 0.192241 0.465501
v 0.444526 0.207928 0.399642
v 0.421593 0.201782 0.408109
v 0.429581 0.192724 0.475201
v 0.419729 0.228346 0.350402
v 0.394598 0.213455 0.353206
v 0.361758 0.193919 0.356351
v 0.391746 0.193876 0.418732
v 0.406904 0.193590 0.487496
v -0.253063 0.254940 0.510421
v -0.252277 0.243427 0.558921
v -0.226376 0.225983 0.556087
v -0.228221 0.234688 0.515519
v -0.248437 0.229515 0.593736
v -0.222478 0.216786 0.581815
v -0.188622 0.199771 0.565323
v -0.192560 0.202700 0.551531
v -0.195800 0.207717 0.521430
v -0.248437 0.229515 0.593736
v -0.241272 0.214182 0.625449
v -0.216109 0.205066 0.610581
v -0.222478 0.216786 0.581815
v -0.230551 0.195588 0.655108
v -0.206083 0.191036 0.639884
v -0.174243 0.184828 0.619171
v -0.183344 0.192842 0.590271
v -0.188622 0.199771 0.565323
v 0.431858 0.173673 0.597406
v 0.443466 0.184289 0.535757
v 0.427418 0.183758 0.534077
v 0.417905 0.172014 0.584092
v 0.447135 0.192241 0.465501
v 0.429581 0.192724 0.475201
v 0.406904 0.193590 0.487496
v 0.406742 0.183040 0.531440
v 0.399947 0.169487 0.566209
v -0.230551 0.195588 0.655108
v -0.216042 0.171891 0.683763
v -0.191211 0.174908 0.667219
v -0.206083 0.191036 0.639884
v -0.192157 0.142613 0.707643
v -0.167220 0.154073 0.689149
v -0.134622 0.168900 0.664234
v -0.158832 0.178646 0.644821
v -0.174243 0.184828 0.619171
v 0.380628 0.121531 0.662539
v 0.410648 0.149996 0.637443
v 0.403841 0.154621 0.624602
v 0.379018 0.135194 0.654003
v 0.431858 0.173673 0.597406
v 0.417905 0.172014 0.584092
v 0.399947 0.169487 0.566209
v 0.395204 0.160190 0.607444
v 0.377144 0.152632 0.642568
v -0.192157 0.142613 0.707643
v -0.153310 0.107277 0.722975
v -0.129836 0.125921 0.702234
v -0.167220 0.154073 0.689149
v -0.093235 0.075935 0.730360
v -0.074035 0.099287 0.709480
v -0.048899 0.129748 0.681542
v -0.099118 0.150198 0.674423
v -0.134622 0.168900 0.664234
v 0.285440 0.076007 0.693221
v 0.342589 0.096552 0.679365
v 0.337227 0.117350 0.670690
v 0.275674 0.101011 0.682919
v 0.380628 0.121531 0.662539
v 0.379018 0.135194 0.654003
v 0.377144 0.152632 0.642568
v 0.330397 0.144299 0.659001
v 0.263027 0.133623 0.668993
v -0.093235 0.075935 0.730360
v -0.005669 0.058644 0.730397
v 0.005210 0.083008 0.713890
v -0.074035 0.099287 0.709480
v 0.095927 0.054061 0.723331
v 0.097282 0.078230 0.711651
v 0.099082 0.109700 0.695879
v 0.019459 0.114759 0.691745
v -0.048899 0.129748 0.681542
v 0.095927 0.054061 0.723331
v 0.198091 0.060846 0.709408
v 0.191564 0.086101 0.698950
v 0.097282 0.078230 0.711651
v 0.285440 0.076007 0.693221
v 0.275674 0.101011 0.682919
v 0.263027 0.133623 0.668993
v 0.183097 0.119039 0.684790
v 0.099082 0.109700 0.695879
v 0.137569 -0.188528 0.533633
v 0.151365 -0.188892 0.533373
v 0.149141 -0.241999 0.637499
v 0.140616 -0.240093 0.638857
v 0.163565 -0.183675 0.537046
v 0.155665 -0.237283 0.640833
v 0.144574 -0.227049 0.648104
v 0.116722 -0.174931 0.543198
v 0.124910 -0.183953 0.536847
v 0.131778 -0.238757 0.639779
v 0.128548 -0.232221 0.644394
v 0.116722 -0.153122 0.558538
v 0.113137 -0.163957 0.550912
v 0.124050 -0.225633 0.649011
v 0.128548 -0.219596 0.653275
v 0.137569 -0.139524 0.568103
v 0.124910 -0.143962 0.564977
v 0.131778 -0.212509 0.658243
v 0.140616 -0.211724 0.658812
v 0.163565 -0.144377 0.564690
v 0.151365 -0.139023 0.568451
v 0.149141 -0.209267 0.660523
v 0.155665 -0.214533 0.656836
v 0.175134 -0.164026 0.550868
v 0.172579 -0.152861 0.558718
v 0.163065 -0.218349 0.654134
v 0.162362 -0.225908 0.648835
v 0.172579 -0.175054 0.543106
v 0.163065 -0.232916 0.643888
v 0.163565 -0.183675 0.537046
v 0.151365 -0.188892 0.533373
v 0.153468 -0.015407 0.231097
v 0.170849 -0.008768 0.235767
v 0.137569 -0.188528 0.533633
v 0.134287 -0.015594 0.230965
v 0.132586 0.242544 -0.202804
v 0.154491 0.242757 -0.202654
v 0.174340 0.250340 -0.197322
v 0.124910 -0.183953 0.536847
v 0.117104 -0.008618 0.235872
v 0.116722 -0.174931 0.543198
v 0.104967 0.003532 0.244418
v 0.099103 0.264387 -0.187443
v 0.112963 0.250511 -0.197202
v 0.113137 -0.163957 0.550912
v 0.100921 0.018867 0.255205
v 0.116722 -0.153122 0.558538
v 0.104967 0.034203 0.265993
v 0.099103 0.299414 -0.162810
v 0.094483 0.281900 -0.175127
v 0.124910 -0.143962 0.564977
v 0.117104 0.046352 0.274539
v 0.137569 -0.139524 0.568103
v 0.134287 0.053328 0.279446
v 0.132586 0.321256 -0.147449
v 0.112964 0.313289 -0.153052
v 0.151365 -0.139023 0.568451
v 0.153468 0.053141 0.279315
v 0.163565 -0.144377 0.564690
v 0.170849 0.046502 0.274645
v 0.174340 0.313461 -0.152931
v 0.154491 0.321043 -0.147599
v 0.172579 -0.152861 0.558718
v 0.182630 0.034120 0.265935
v 0.175134 -0.164026 0.550868
v 0.187120 0.018867 0.255206
v 0.192921 0.281900 -0.175126
v 0.187793 0.299320 -0.162876
v 0.172579 -0.175054 0.543106
v 0.182630 0.003614 0.244476
v 0.163565 -0.183675 0.537046
v 0.170849 -0.008768 0.235767
v 0.174340 0.250340 -0.197322
v 0.187793 0.264480 -0.187377
v 0.161085 0.889883 -1.227921
v 0.163402 0.887208 -1.229107
v 0.151256 0.882565 -1.232368
v 0.150583 0.885276 -1.231161
v 0.165512 0.804092 -1.095816
v 0.151897 0.798888 -1.099469
v 0.136872 0.798741 -1.099572
v 0.137850 0.882432 -1.232461
v 0.138676 0.885695 -1.230867
v 0.165512 0.804092 -1.095816
v 0.163402 0.887208 -1.229107
v 0.171639 0.895864 -1.223026
v 0.174740 0.813796 -1.089002
v 0.161085 0.889883 -1.227921
v 0.168917 0.897232 -1.222754
v 0.171072 0.906822 -1.216011
v 0.174783 0.906529 -1.215535
v 0.178259 0.825752 -1.080609
v 0.138676 0.885695 -1.230867
v 0.137850 0.882432 -1.232461
v 0.125835 0.887306 -1.229038
v 0.127715 0.889534 -1.228167
v 0.123410 0.804208 -1.095735
v 0.113900 0.813730 -1.089049
v 0.117343 0.895800 -1.223072
v 0.120682 0.897412 -1.222629
v 0.120682 0.897412 -1.222629
v 0.117343 0.895800 -1.223072
v 0.114506 0.906530 -1.215535
v 0.117514 0.906823 -1.216011
v 0.110729 0.825753 -1.080610
v 0.113898 0.837776 -1.072169
v 0.117331 0.917264 -1.207996
v 0.120663 0.916240 -1.209389
v 0.120663 0.916240 -1.209389
v 0.117331 0.917264 -1.207996
v 0.125821 0.925769 -1.202021
v 0.127693 0.924135 -1.203838
v 0.123407 0.847301 -1.065482
v 0.136870 0.852769 -1.061643
v 0.137843 0.930652 -1.198592
v 0.138665 0.927989 -1.201129
v 0.138665 0.927989 -1.201129
v 0.137843 0.930652 -1.198592
v 0.151262 0.930518 -1.198686
v 0.150593 0.928407 -1.200835
v 0.151898 0.852622 -1.061746
v 0.165515 0.847416 -1.065400
v 0.163418 0.925868 -1.201952
v 0.161109 0.923786 -1.204084
v 0.161109 0.923786 -1.204084
v 0.163418 0.925868 -1.201952
v 0.171651 0.917201 -1.208039
v 0.168935 0.916421 -1.209262
v 0.174743 0.837709 -1.072215
v 0.174783 0.906529 -1.215535
v 0.171072 0.906822 -1.216011
v 0.153471 0.549904 -0.701204
v 0.170859 0.556547 -0.696535
v 0.134282 0.549717 -0.701335
v 0.117093 0.556698 -0.696430
v 0.104951 0.568856 -0.687886
v 0.100904 0.584203 -0.677103
v 0.104951 0.599548 -0.666319
v 0.117093 0.611706 -0.657776
v 0.134282 0.618687 -0.652870
v 0.153471 0.618500 -0.653002
v 0.170859 0.611856 -0.657670
v 0.182644 0.599466 -0.666376
v 0.187137 0.584202 -0.677102
v 0.182645 0.568938 -0.687828
v 0.170859 0.556547 -0.696535
v 0.161085 0.889883 -1.227921
v 0.150583 0.885276 -1.231161
v 0.148912 0.891364 -1.227113
v 0.155113 0.896108 -1.223776
v 0.138676 0.885695 -1.230867
v 0.140808 0.893434 -1.225656
v 0.144571 0.906919 -1.216171
v 0.127715 0.889534 -1.228167
v 0.132400 0.894437 -1.224951
v 0.120682 0.897412 -1.222629
v 0.129321 0.900911 -1.220397
v 0.117514 0.906823 -1.216011
v 0.125031 0.906919 -1.216171
v 0.120663 0.916240 -1.209389
v 0.129307 0.912931 -1.211942
v 0.127693 0.924135 -1.203838
v 0.132381 0.919422 -1.207376
v 0.138665 0.927989 -1.201129
v 0.140801 0.920431 -1.206666
v 0.150593 0.928407 -1.200835
v 0.148921 0.922506 -1.205207
v 0.161109 0.923786 -1.204084
v 0.155130 0.917748 -1.208554
v 0.168935 0.916421 -1.209262
v 0.162166 0.913850 -1.211296
v 0.171072 0.906822 -1.216011
v 0.161489 0.906918 -1.216171
v 0.168917 0.897232 -1.222754
v 0.162151 0.899995 -1.221041
v 0.223847 -0.225942 0.531093
v 0.232730 -0.210672 0.495792
v 0.252147 -0.182607 0.513149
v 0.243677 -0.197263 0.540108
v 0.223138 -0.203761 0.499979
v 0.242779 -0.179460 0.514898
v 0.246674 -0.150341 0.532992
v 0.259165 -0.150658 0.532742
v 0.247603 -0.172033 0.564404
v 0.223138 -0.203761 0.499979
v 0.232730 -0.210672 0.495792
v 0.202557 -0.230168 0.477711
v 0.197531 -0.222857 0.482560
v 0.223847 -0.225942 0.531093
v 0.198011 -0.241060 0.507476
v 0.163693 -0.252784 0.504950
v 0.165788 -0.240512 0.466562
v 0.163526 -0.230359 0.474069
v 0.163526 -0.230359 0.474069
v 0.165788 -0.240512 0.466562
v 0.126581 -0.241124 0.470005
v 0.128204 -0.232853 0.475529
v 0.128048 -0.251150 0.500381
v 0.095289 -0.243316 0.519461
v 0.089666 -0.230036 0.482812
v 0.095743 -0.220975 0.488454
v 0.095743 -0.220975 0.488454
v 0.089666 -0.230036 0.482812
v 0.059773 -0.205284 0.499751
v 0.067250 -0.200152 0.502677
v 0.066521 -0.218146 0.527767
v 0.050637 -0.193649 0.552607
v 0.039985 -0.174667 0.519679
v 0.051511 -0.171765 0.521316
v 0.051511 -0.171765 0.521316
v 0.039985 -0.174667 0.519679
v 0.033386 -0.145983 0.541449
v 0.043178 -0.146048 0.540731
v 0.042216 -0.163530 0.566159
v 0.050631 -0.143325 0.591538
v 0.039978 -0.118764 0.562991
v 0.051506 -0.121911 0.559898
v 0.051506 -0.121911 0.559898
v 0.039978 -0.118764 0.562991
v 0.059767 -0.092547 0.582235
v 0.067246 -0.097294 0.577944
v 0.066514 -0.114317 0.603720
v 0.095284 -0.100463 0.620858
v 0.089663 -0.071049 0.595649
v 0.095743 -0.079438 0.588942
v 0.095743 -0.079438 0.588942
v 0.089663 -0.071049 0.595649
v 0.126578 -0.057992 0.599701
v 0.128202 -0.065763 0.593873
v 0.128045 -0.082498 0.619812
v 0.163692 -0.087266 0.622561
v 0.165783 -0.056314 0.597460
v 0.163519 -0.066357 0.590613
v 0.163519 -0.066357 0.590613
v 0.165783 -0.056314 0.597460
v 0.202549 -0.068957 0.591996
v 0.197517 -0.075765 0.586839
v 0.198010 -0.092598 0.612720
v 0.223845 -0.118837 0.606631
v 0.232720 -0.091495 0.579842
v 0.223121 -0.097635 0.574832
v 0.223121 -0.097635 0.574832
v 0.232720 -0.091495 0.579842
v 0.252141 -0.119508 0.557531
v 0.242768 -0.121887 0.555395
v 0.243677 -0.139154 0.580979
v 0.259165 -0.150658 0.532742
v 0.246674 -0.150341 0.532992
v 0.145315 -0.314636 0.776821
v 0.157150 -0.287266 0.619308
v 0.183652 -0.271535 0.595829
v 0.196096 -0.269798 0.635824
v 0.112861 -0.280953 0.628406
v 0.132683 -0.278886 0.590660
v 0.083949 -0.249101 0.649945
v 0.087858 -0.254842 0.610610
v 0.083946 -0.216240 0.675194
v 0.070149 -0.215051 0.638577
v 0.112857 -0.188542 0.694074
v 0.087852 -0.179198 0.665941
v 0.157150 -0.180140 0.695402
v 0.132681 -0.156017 0.677668
v 0.196097 -0.200424 0.684767
v 0.183653 -0.163375 0.672502
v 0.211478 -0.234961 0.657760
v 0.216922 -0.197294 0.649377
v 0.196096 -0.269798 0.635824
v 0.216921 -0.239628 0.619601
v 0.223138 -0.203761 0.499979
v 0.197531 -0.222857 0.482560
v 0.183172 -0.203126 0.498051
v 0.195460 -0.184986 0.513706
v 0.163526 -0.230359 0.474069
v 0.157000 -0.202234 0.497396
v 0.145314 -0.150786 0.539036
v 0.128204 -0.232853 0.475529
v 0.132839 -0.210383 0.492947
v 0.095743 -0.220975 0.488454
v 0.113269 -0.195998 0.506384
v 0.067250 -0.200152 0.502677
v 0.088587 -0.186642 0.512659
v 0.051511 -0.171765 0.521316
v 0.084733 -0.164552 0.527667
v 0.043178 -0.146048 0.540731
v 0.071112 -0.147363 0.540288
v 0.051506 -0.121911 0.559898
v 0.084730 -0.132116 0.552603
v 0.067246 -0.097294 0.577944
v 0.088585 -0.111969 0.567305
v 0.095743 -0.079438 0.588942
v 0.113269 -0.104766 0.571236
v 0.128202 -0.065763 0.593873
v 0.132838 -0.089076 0.578867
v 0.163519 -0.066357 0.590613
v 0.156995 -0.096468 0.572532
v 0.197517 -0.075765 0.586839
v 0.183160 -0.096337 0.573759
v 0.223121 -0.097635 0.574832
v 0.195448 -0.116491 0.562035
v 0.242768 -0.121887 0.555395
v 0.216013 -0.129821 0.550931
v 0.246674 -0.150341 0.532992
v 0.210645 -0.150587 0.535371
v 0.242779 -0.179460 0.514898
v 0.216023 -0.171619 0.521530
v -0.096487 0.353992 0.188954
v -0.104432 0.350462 0.186216
v -0.100775 0.345932 0.172103
v -0.089071 0.350424 0.175378
v -0.113525 0.349963 0.185833
v -0.113608 0.344623 0.170882
v -0.113592 0.341684 0.153084
v -0.096977 0.343380 0.154665
v -0.081822 0.349196 0.158905
v -0.122568 0.351068 0.186101
v -0.126339 0.346786 0.171940
v -0.130294 0.355121 0.188738
v -0.137758 0.352051 0.175067
v -0.144862 0.351303 0.158502
v -0.130077 0.344486 0.154453
v -0.136980 0.360473 0.191857
v -0.146654 0.360044 0.180053
v -0.140389 0.367495 0.196562
v -0.152297 0.369872 0.186334
v -0.163687 0.374377 0.173092
v -0.156380 0.361652 0.164959
v -0.142163 0.375086 0.201286
v -0.153959 0.380641 0.193345
v -0.139954 0.382359 0.206315
v -0.151671 0.391279 0.200380
v -0.162877 0.402095 0.191278
v -0.165839 0.388321 0.182169
v -0.136137 0.389323 0.210787
v -0.145465 0.400710 0.206737
v -0.129156 0.394035 0.214272
v -0.136120 0.408094 0.211840
v -0.142741 0.423868 0.206116
v -0.154841 0.414307 0.199509
v -0.121204 0.397748 0.216730
v -0.124416 0.412586 0.215114
v -0.112119 0.398064 0.217394
v -0.111583 0.413896 0.216336
v -0.110971 0.431380 0.211938
v -0.127587 0.429684 0.210357
v -0.103068 0.397142 0.216846
v -0.098852 0.411732 0.215278
v -0.095350 0.392906 0.214488
v -0.087433 0.406467 0.212151
v -0.079701 0.421761 0.206519
v -0.094486 0.428578 0.210568
v -0.088656 0.387737 0.211090
v -0.078538 0.398474 0.207164
v -0.085255 0.380532 0.206664
v -0.072894 0.388646 0.200883
v -0.060876 0.398686 0.191930
v -0.068183 0.411412 0.200062
v -0.083473 0.373125 0.201661
v -0.071232 0.377877 0.193873
v -0.085689 0.365668 0.196911
v -0.073520 0.367240 0.186837
v -0.061686 0.370969 0.173743
v -0.058724 0.384742 0.182853
v -0.089499 0.358887 0.192160
v -0.079726 0.357808 0.180481
v -0.096487 0.353992 0.188954
v -0.089071 0.350424 0.175378
v -0.081822 0.349196 0.158905
v -0.069722 0.358757 0.165512
v -0.093480 0.343676 0.135201
v -0.075251 0.350673 0.140302
v -0.113468 0.341637 0.133299
v -0.113238 0.344445 0.112037
v -0.090368 0.346779 0.114213
v -0.069510 0.354784 0.120049
v -0.133297 0.345007 0.134947
v -0.151082 0.353207 0.139818
v -0.156277 0.357684 0.119495
v -0.135927 0.348302 0.113922
v -0.164937 0.365656 0.147584
v -0.173727 0.380964 0.157367
v -0.182188 0.389443 0.139576
v -0.172130 0.371929 0.128382
v -0.176316 0.397737 0.168286
v -0.172753 0.414305 0.179244
v -0.181073 0.427593 0.164608
v -0.185150 0.408636 0.152069
v -0.163086 0.428996 0.189145
v -0.148531 0.440496 0.197093
v -0.153358 0.457561 0.185030
v -0.170012 0.444402 0.175936
v -0.130302 0.447492 0.202193
v -0.110314 0.449532 0.204095
v -0.109630 0.467900 0.193043
v -0.132500 0.465566 0.190866
v -0.090485 0.446162 0.202448
v -0.072700 0.437962 0.197577
v -0.066591 0.454662 0.185584
v -0.086941 0.464044 0.191157
v -0.058845 0.425512 0.189810
v -0.050055 0.410205 0.180027
v -0.040681 0.422902 0.165504
v -0.050738 0.440417 0.176698
v -0.047466 0.393432 0.169109
v -0.051029 0.376864 0.158150
v -0.041795 0.384752 0.140472
v -0.037718 0.403710 0.153010
v -0.060696 0.362173 0.148250
v -0.075251 0.350673 0.140302
v -0.069510 0.354784 0.120049
v -0.052856 0.367943 0.129143
v -0.087722 0.352646 0.092202
v -0.064752 0.361462 0.098629
v -0.112908 0.350076 0.089805
v -0.112487 0.358357 0.067160
v -0.085602 0.361100 0.069719
v -0.061081 0.370511 0.076580
v -0.137894 0.354323 0.091882
v -0.160305 0.364655 0.098019
v -0.163082 0.373919 0.075928
v -0.139159 0.362890 0.069377
v -0.177764 0.380342 0.107806
v -0.188839 0.399631 0.120133
v -0.193542 0.411255 0.099534
v -0.181719 0.390665 0.086375
v -0.192102 0.420767 0.133891
v -0.187612 0.441643 0.147700
v -0.192231 0.456103 0.128961
v -0.197024 0.433817 0.114221
v -0.175431 0.460155 0.160175
v -0.157091 0.474646 0.170190
v -0.159651 0.491332 0.152969
v -0.179229 0.475863 0.142278
v -0.134120 0.483462 0.176617
v -0.108935 0.486032 0.179014
v -0.108245 0.503486 0.162388
v -0.135130 0.500743 0.159830
v -0.083948 0.481785 0.176938
v -0.061537 0.471453 0.170800
v -0.057650 0.487923 0.153621
v -0.081573 0.498953 0.160172
v -0.044079 0.455766 0.161014
v -0.033003 0.436477 0.148687
v -0.027190 0.450588 0.130015
v -0.039013 0.471178 0.143174
v -0.029741 0.415341 0.134928
v -0.034231 0.394464 0.121120
v -0.028501 0.405740 0.100588
v -0.023708 0.428026 0.115328
v -0.046411 0.375953 0.108644
v -0.064752 0.361462 0.098629
v -0.061081 0.370511 0.076580
v -0.041503 0.385980 0.087270
v -0.084065 0.371964 0.047315
v -0.058602 0.381736 0.054439
v -0.111984 0.369115 0.044658
v -0.111412 0.382057 0.022847
v -0.083143 0.384941 0.025537
v -0.057361 0.394836 0.032751
v -0.139681 0.373822 0.046960
v -0.164524 0.385276 0.053763
v -0.164611 0.398420 0.032066
v -0.139457 0.386823 0.025177
v -0.183877 0.402665 0.064611
v -0.196154 0.424046 0.078276
v -0.196638 0.437677 0.056887
v -0.184207 0.416028 0.043051
v -0.199770 0.447476 0.093528
v -0.194793 0.470618 0.108834
v -0.195260 0.484833 0.087828
v -0.200300 0.461400 0.072330
v -0.181291 0.491138 0.122663
v -0.160960 0.507201 0.133765
v -0.161003 0.521875 0.113072
v -0.181589 0.505610 0.101831
v -0.135498 0.516974 0.140890
v -0.107579 0.519823 0.143546
v -0.106952 0.534655 0.122976
v -0.135221 0.531770 0.120286
v -0.079881 0.515115 0.141245
v -0.055039 0.503662 0.134441
v -0.053753 0.518291 0.113756
v -0.078907 0.529889 0.120645
v -0.035686 0.486272 0.123593
v -0.023409 0.464891 0.109928
v -0.021726 0.479034 0.088936
v -0.034157 0.500684 0.102772
v -0.019792 0.441462 0.094677
v -0.024770 0.418320 0.079370
v -0.023104 0.431879 0.057994
v -0.018064 0.455311 0.073493
v -0.038272 0.397800 0.065541
v -0.058602 0.381736 0.054439
v -0.057361 0.394836 0.032751
v -0.036775 0.411101 0.043992
v -0.082867 0.399738 0.004933
v -0.057404 0.409510 0.012057
v -0.110785 0.396889 0.002276
v -0.110119 0.413225 -0.016566
v -0.083234 0.415969 -0.014008
v -0.058713 0.425380 -0.007147
v -0.138483 0.401596 0.004578
v -0.163325 0.413050 0.011381
v -0.160714 0.428788 -0.007798
v -0.136791 0.417758 -0.014350
v -0.182678 0.430439 0.022230
v -0.194956 0.451820 0.035894
v -0.191174 0.466124 0.015808
v -0.179351 0.445534 0.002649
v -0.198572 0.475250 0.051146
v -0.193595 0.498392 0.066452
v -0.189863 0.510971 0.045235
v -0.194656 0.488686 0.030495
v -0.180092 0.518912 0.080282
v -0.159762 0.534975 0.091383
v -0.157283 0.546200 0.069243
v -0.176861 0.530731 0.058552
v -0.134299 0.544748 0.098508
v -0.106380 0.547597 0.101164
v -0.105877 0.558355 0.078662
v -0.132762 0.555611 0.076104
v -0.078683 0.542889 0.098863
v -0.053840 0.531436 0.092060
v -0.055282 0.542792 0.069894
v -0.079205 0.553822 0.076446
v -0.034487 0.514046 0.081211
v -0.022210 0.492665 0.067546
v -0.024822 0.505456 0.046288
v -0.036645 0.526046 0.059447
v -0.018594 0.469236 0.052295
v -0.023571 0.446094 0.036988
v -0.026133 0.460609 0.016861
v -0.021340 0.482894 0.031601
v -0.037073 0.425574 0.023159
v -0.057404 0.409510 0.012057
v -0.058713 0.425380 -0.007147
v -0.039135 0.440848 0.003544
v -0.084244 0.433250 -0.030795
v -0.061273 0.442066 -0.024368
v -0.109430 0.430680 -0.033191
v -0.108734 0.448811 -0.047220
v -0.085864 0.451145 -0.045044
v -0.065006 0.459151 -0.039208
v -0.134416 0.434926 -0.031115
v -0.156827 0.445259 -0.024978
v -0.151773 0.462050 -0.039762
v -0.131423 0.452668 -0.045335
v -0.174285 0.460946 -0.015191
v -0.185361 0.480234 -0.002864
v -0.177684 0.493810 -0.019682
v -0.167626 0.476295 -0.030875
v -0.188623 0.501370 0.010895
v -0.184133 0.522247 0.024703
v -0.176569 0.531959 0.005351
v -0.180646 0.513002 -0.007188
v -0.171953 0.540758 0.037178
v -0.153612 0.555249 0.047193
v -0.148854 0.561927 0.025773
v -0.165508 0.548768 0.016679
v -0.130642 0.564065 0.053620
v -0.105456 0.566635 0.056017
v -0.105126 0.572266 0.033785
v -0.127996 0.569932 0.031609
v -0.080470 0.562389 0.053941
v -0.058059 0.552056 0.047803
v -0.062087 0.559028 0.026327
v -0.082437 0.568410 0.031900
v -0.040600 0.536369 0.038017
v -0.029525 0.517081 0.025690
v -0.036176 0.527268 0.006247
v -0.046234 0.544783 0.017440
v -0.026263 0.495945 0.011931
v -0.030753 0.475068 -0.001877
v -0.037291 0.489118 -0.018785
v -0.033214 0.508076 -0.006247
v -0.042933 0.456557 -0.014353
v -0.061273 0.442066 -0.024368
v -0.065006 0.459151 -0.039208
v -0.048352 0.472309 -0.030114
v -0.088062 0.469219 -0.056371
v -0.069833 0.476216 -0.051270
v -0.108050 0.467180 -0.058273
v -0.107393 0.485332 -0.066115
v -0.090777 0.487027 -0.064534
v -0.075623 0.492844 -0.060294
v -0.127879 0.470550 -0.056625
v -0.145664 0.478750 -0.051754
v -0.138663 0.494950 -0.060696
v -0.123878 0.488134 -0.064745
v -0.159520 0.491199 -0.043988
v -0.168309 0.506506 -0.034205
v -0.157488 0.518025 -0.046107
v -0.150181 0.505300 -0.054240
v -0.170898 0.523280 -0.023286
v -0.167335 0.539848 -0.012328
v -0.156678 0.545742 -0.027920
v -0.159640 0.531969 -0.037030
v -0.157668 0.554538 -0.002427
v -0.143113 0.566039 0.005521
v -0.136542 0.567515 -0.013082
v -0.148642 0.557955 -0.019690
v -0.124884 0.573035 0.010621
v -0.104896 0.575075 0.012523
v -0.104772 0.575027 -0.007261
v -0.121388 0.573332 -0.008842
v -0.085067 0.571705 0.010876
v -0.067282 0.563505 0.006005
v -0.073502 0.565409 -0.012680
v -0.088287 0.572225 -0.008631
v -0.053427 0.551055 -0.001762
v -0.044637 0.535748 -0.011545
v -0.054677 0.542334 -0.027269
v -0.061984 0.555059 -0.019136
v -0.042048 0.518974 -0.022463
v -0.045611 0.502407 -0.033422
v -0.055487 0.514617 -0.045456
v -0.052525 0.528390 -0.036346
v -0.055278 0.487716 -0.043322
v -0.069833 0.476216 -0.051270
v -0.075623 0.492844 -0.060294
v -0.063523 0.502404 -0.053687
v -0.093948 0.504126 -0.069292
v -0.082244 0.508617 -0.066017
v -0.106781 0.502816 -0.070513
v -0.106245 0.518648 -0.071571
v -0.097160 0.518963 -0.070908
v -0.089208 0.522676 -0.068450
v -0.119512 0.504980 -0.069455
v -0.130931 0.510244 -0.066328
v -0.123014 0.523806 -0.068665
v -0.115296 0.519569 -0.071024
v -0.139826 0.518237 -0.061342
v -0.145470 0.528065 -0.055061
v -0.133109 0.536180 -0.060842
v -0.129708 0.528974 -0.065268
v -0.147132 0.538835 -0.048050
v -0.144844 0.549472 -0.041015
v -0.132675 0.551044 -0.051089
v -0.134891 0.543587 -0.055838
v -0.138638 0.558904 -0.034658
v -0.129293 0.566287 -0.029555
v -0.121877 0.562720 -0.043132
v -0.128865 0.557825 -0.046337
v -0.117589 0.570779 -0.026280
v -0.104756 0.572089 -0.025059
v -0.104839 0.566748 -0.040010
v -0.113932 0.566250 -0.040394
v -0.092025 0.569925 -0.026117
v -0.080606 0.564660 -0.029244
v -0.088071 0.561590 -0.042916
v -0.095796 0.565644 -0.040278
v -0.071711 0.556667 -0.034231
v -0.066067 0.546840 -0.040512
v -0.077975 0.549216 -0.050740
v -0.081384 0.556238 -0.046034
v -0.064405 0.536070 -0.047522
v -0.066693 0.525433 -0.054558
v -0.078410 0.534352 -0.060493
v -0.076201 0.541626 -0.055464
v -0.072899 0.516001 -0.060914
v -0.082244 0.508617 -0.066017
v -0.089208 0.522676 -0.068450
v -0.082227 0.527388 -0.064964
v -0.107504 0.356098 0.195706
v -0.113354 0.357219 0.197075
v -0.103561 0.359534 0.198869
v -0.113029 0.369210 0.208943
v -0.119249 0.356490 0.195631
v -0.122993 0.360184 0.198745
v -0.113354 0.357219 0.197075
v -0.113029 0.369210 0.208943
v -0.128582 0.362582 0.199359
v -0.128796 0.367296 0.203243
v -0.122993 0.360184 0.198745
v -0.113029 0.369210 0.208943
v -0.131938 0.372045 0.205465
v -0.128546 0.375840 0.208849
v -0.128796 0.367296 0.203243
v -0.113029 0.369210 0.208943
v -0.128036 0.381265 0.211618
v -0.122339 0.382552 0.213422
v -0.128546 0.375840 0.208849
v -0.113029 0.369210 0.208943
v -0.118365 0.386721 0.215467
v -0.112546 0.384867 0.215217
v -0.122339 0.382552 0.213422
v -0.113029 0.369210 0.208943
v -0.106620 0.386329 0.215542
v -0.102907 0.381902 0.213547
v -0.112546 0.384867 0.215217
v -0.113029 0.369210 0.208943
v -0.097287 0.380238 0.211814
v -0.097104 0.374790 0.209049
v -0.102907 0.381902 0.213547
v -0.113029 0.369210 0.208943
v -0.093931 0.370775 0.205708
v -0.097354 0.366246 0.203443
v -0.097104 0.374790 0.209049
v -0.113029 0.369210 0.208943
v -0.097833 0.361554 0.199555
v -0.103561 0.359534 0.198869
v -0.097354 0.366246 0.203443
v -0.113029 0.369210 0.208943
v -0.099999 0.529990 -0.069645
v -0.096025 0.534160 -0.067600
v -0.105818 0.531844 -0.069394
v -0.105335 0.547501 -0.063120
v -0.111744 0.530383 -0.069720
v -0.105818 0.531844 -0.069394
v -0.115457 0.534809 -0.067724
v -0.105335 0.547501 -0.063120
v -0.121077 0.536474 -0.065992
v -0.115457 0.534809 -0.067724
v -0.121260 0.541922 -0.063227
v -0.105335 0.547501 -0.063120
v -0.124434 0.545937 -0.059885
v -0.121260 0.541922 -0.063227
v -0.121010 0.550466 -0.057621
v -0.105335 0.547501 -0.063120
v -0.120531 0.555157 -0.053733
v -0.121010 0.550466 -0.057621
v -0.114803 0.557177 -0.053047
v -0.105335 0.547501 -0.063120
v -0.110861 0.560613 -0.049884
v -0.114803 0.557177 -0.053047
v -0.105010 0.559493 -0.051253
v -0.105335 0.547501 -0.063120
v -0.099116 0.560221 -0.049809
v -0.105010 0.559493 -0.051253
v -0.095371 0.556528 -0.052923
v -0.105335 0.547501 -0.063120
v -0.089782 0.554130 -0.053536
v -0.095371 0.556528 -0.052923
v -0.089568 0.549415 -0.057420
v -0.105335 0.547501 -0.063120
v -0.086426 0.544667 -0.059643
v -0.089568 0.549415 -0.057420
v -0.089818 0.540871 -0.063026
v -0.105335 0.547501 -0.063120
v -0.090328 0.535446 -0.065796
v -0.089818 0.540871 -0.063026
v -0.096025 0.534160 -0.067600
v -0.105335 0.547501 -0.063120
v 0.129219 1.450002 0.649673
v 0.111117 1.428497 0.658697
v 0.121096 1.432337 0.658928
v 0.109223 1.425463 0.665398
v 0.084949 1.560069 0.425852
v 0.091765 1.553735 0.477076
v 0.099673 1.570486 0.444829
v 0.095598 1.579026 0.395229
v 0.105853 1.553097 0.499092
v 0.108811 1.572487 0.448278
v 0.108927 1.585649 0.389527
v 0.105853 1.553097 0.499092
v 0.114377 1.550450 0.492408
v 0.114490 1.570557 0.448844
v 0.108811 1.572487 0.448278
v 0.116347 1.560308 0.435932
v 0.116406 1.579236 0.400879
v 0.108927 1.585649 0.389527
v 0.116347 1.560308 0.435932
v 0.101146 1.548112 0.422194
v 0.096662 1.572472 0.334337
v 0.114029 1.576347 0.334668
v 0.084074 1.575653 0.326488
v 0.084404 1.571190 0.231291
v 0.096987 1.568658 0.236867
v 0.115990 1.572306 0.239960
v 0.094240 1.586305 0.316028
v 0.111002 1.593639 0.311781
v 0.116246 1.587196 0.229418
v 0.097192 1.580571 0.228434
v 0.116406 1.579236 0.400879
v 0.118204 1.586861 0.322572
v 0.122461 1.581463 0.235369
v 0.104968 1.504714 0.108265
v 0.124516 1.508586 0.112497
v 0.092387 1.507330 0.103665
v 0.097007 1.453746 0.036364
v 0.109588 1.450433 0.041695
v 0.129136 1.455116 0.045174
v 0.106049 1.517190 0.103996
v 0.125867 1.524181 0.107161
v 0.130487 1.474421 0.036139
v 0.110669 1.465877 0.034467
v 0.131753 1.518195 0.111062
v 0.136373 1.466973 0.041515
v 0.099830 1.376969 -0.018646
v 0.119378 1.383179 -0.018080
v 0.087248 1.381469 -0.026823
v 0.070781 1.303106 -0.077695
v 0.085235 1.297310 -0.066090
v 0.107735 1.305155 -0.069018
v 0.100911 1.397706 -0.037366
v 0.120729 1.409100 -0.041480
v 0.109376 1.338231 -0.109687
v 0.086547 1.323771 -0.098625
v 0.126614 1.399074 -0.030371
v 0.116111 1.325411 -0.091684
v 0.075344 1.224445 -0.093972
v 0.106703 1.233423 -0.099395
v 0.055274 1.231260 -0.108050
v 0.047963 1.155521 -0.128095
v 0.074820 1.147584 -0.111482
v 0.116912 1.157502 -0.119029
v 0.077352 1.255167 -0.136434
v 0.109213 1.271827 -0.152472
v 0.120525 1.201148 -0.183961
v 0.077711 1.182501 -0.163427
v 0.118495 1.256898 -0.129510
v 0.132869 1.184086 -0.156175
v 0.162286 0.957524 -0.148780
v 0.099869 0.946204 -0.137447
v 0.093443 0.815069 -0.134876
v 0.176128 0.825213 -0.145402
v 0.060103 0.953744 -0.164756
v 0.040478 0.812951 -0.175134
v -0.021567 0.662628 -0.163025
v 0.080681 0.699338 -0.115372
v 0.209669 0.684698 -0.116269
v 0.104300 0.982411 -0.221124
v 0.098623 0.826216 -0.248337
v 0.167826 1.002783 -0.253377
v 0.182603 0.839146 -0.287228
v 0.196514 0.659025 -0.352139
v 0.067791 0.675928 -0.267282
v 0.186046 0.985435 -0.208343
v 0.207143 0.836026 -0.224551
v 0.230844 0.690726 -0.256643
v 0.088328 1.055940 -0.127811
v 0.138993 1.066911 -0.137740
v 0.056086 1.065475 -0.148037
v 0.092012 1.096378 -0.192239
v 0.143598 1.117459 -0.218275
v 0.158337 1.097527 -0.184002
v 0.102528 1.426844 0.479705
v 0.094006 1.422537 0.480196
v 0.086445 1.431999 0.487018
v 0.098132 1.438923 0.486535
v 0.088114 1.415008 0.480146
v 0.078932 1.441493 0.496246
v 0.094066 1.450457 0.495621
v 0.138766 1.382541 0.475139
v 0.111707 1.429484 0.479300
v 0.111396 1.441792 0.485754
v 0.102528 1.426844 0.479705
v 0.098132 1.438923 0.486535
v 0.094066 1.450457 0.495621
v 0.111240 1.454173 0.494610
v 0.072437 1.449818 0.507372
v 0.090641 1.460601 0.506620
v 0.058309 1.434051 0.507611
v 0.050940 1.438745 0.520374
v 0.067106 1.456785 0.520101
v 0.087936 1.469123 0.519240
v 0.132324 1.463101 0.503863
v 0.135629 1.471983 0.516086
v 0.111300 1.465070 0.505404
v 0.090641 1.460601 0.506620
v 0.087936 1.469123 0.519240
v 0.111574 1.474237 0.517849
v 0.063086 1.462204 0.534136
v 0.086024 1.475792 0.533189
v 0.045283 1.442338 0.534437
v 0.041454 1.444756 0.549440
v 0.060458 1.465963 0.549119
v 0.084945 1.480468 0.548108
v 0.030113 1.418637 0.549003
v 0.188239 1.453559 0.539730
v 0.138547 1.478942 0.529715
v 0.166969 1.472351 0.542074
v 0.112056 1.481424 0.531657
v 0.086024 1.475792 0.533189
v 0.084945 1.480468 0.548108
v 0.112733 1.486480 0.546473
v 0.059306 1.467947 0.564690
v 0.084734 1.483009 0.563640
v 0.039571 1.445925 0.565024
v 0.039657 1.445831 0.580799
v 0.059639 1.468130 0.580461
v 0.085386 1.483381 0.579398
v 0.027794 1.418802 0.564570
v 0.024618 1.388610 0.579165
v 0.027732 1.418368 0.580339
v 0.191998 1.455067 0.554941
v 0.169911 1.474581 0.557374
v 0.113590 1.489252 0.561942
v 0.084734 1.483009 0.563640
v 0.085386 1.483381 0.579398
v 0.114604 1.489702 0.577678
v 0.061468 1.466484 0.596044
v 0.086896 1.481546 0.594994
v 0.041733 1.444462 0.596377
v 0.064729 1.463072 0.611059
v 0.089216 1.477577 0.610047
v 0.029956 1.417339 0.595923
v 0.026881 1.387949 0.594764
v 0.031422 1.387445 0.609826
v 0.034384 1.415747 0.610943
v 0.086896 1.481546 0.594994
v 0.089216 1.477577 0.610047
v 0.117004 1.483589 0.608412
v 0.069360 1.457958 0.625128
v 0.092299 1.471545 0.624180
v 0.051557 1.438091 0.625428
v 0.059064 1.433246 0.638190
v 0.075230 1.451286 0.637918
v 0.096060 1.463624 0.637057
v 0.038159 1.387111 0.623973
v 0.118330 1.477178 0.622648
v 0.092299 1.471545 0.624180
v 0.096060 1.463624 0.637057
v 0.119698 1.468739 0.635665
v 0.082209 1.443203 0.649095
v 0.100414 1.453987 0.648343
v 0.068081 1.427437 0.649333
v 0.090114 1.433925 0.658407
v 0.105247 1.442889 0.657781
v 0.121073 1.458456 0.647127
v 0.100414 1.453987 0.648343
v 0.105247 1.442889 0.657781
v 0.122421 1.446605 0.656771
v 0.098759 1.423665 0.665599
v 0.110446 1.430589 0.665116
v 0.089688 1.413543 0.665751
v 0.110446 1.430589 0.665116
v 0.100647 1.414303 0.476290
v 0.098651 1.408262 0.475729
v 0.106936 1.415066 0.475475
v 0.113066 1.399028 0.472220
v 0.132482 1.393898 0.473143
v 0.127766 1.389600 0.472850
v 0.124004 1.415704 0.474745
v 0.117617 1.415706 0.474768
v 0.113066 1.399028 0.472220
v 0.112111 1.418803 0.475709
v 0.106936 1.415066 0.475475
v 0.117617 1.415706 0.474768
v 0.113066 1.399028 0.472220
v 0.090050 1.464690 0.649546
v 0.069117 1.441283 0.645903
v 0.081915 1.433307 0.664105
v 0.097804 1.448008 0.666245
v 0.071006 1.429183 0.637721
v 0.080758 1.427543 0.652629
v 0.088930 1.420172 0.661440
v 0.199752 1.440868 0.554437
v 0.203290 1.436880 0.569808
v 0.201386 1.445015 0.579529
v 0.071006 1.429183 0.637721
v 0.096338 1.441314 0.614666
v 0.104560 1.442994 0.639986
v 0.080758 1.427543 0.652629
v 0.119209 1.471048 0.612411
v 0.126110 1.460116 0.636096
v 0.126557 1.443046 0.649657
v 0.108669 1.431892 0.651821
v 0.088930 1.420172 0.661440
v 0.126557 1.443046 0.649657
v 0.093402 1.394415 0.482773
v 0.090945 1.415623 0.480320
v 0.076233 1.389422 0.509532
v 0.074998 1.423500 0.496401
v 0.185377 1.458717 0.583227
v 0.190096 1.446630 0.568663
v 0.195613 1.441808 0.577248
v 0.194178 1.448395 0.588179
v 0.192685 1.468241 0.579516
v 0.198306 1.457019 0.586224
v 0.185377 1.458717 0.583227
v 0.194178 1.448395 0.588179
v 0.023192 1.391949 0.617261
v 0.012972 1.387281 0.611368
v 0.106561 1.418507 0.665382
v 0.118434 1.425382 0.658912
v 0.117541 1.428269 0.664898
v 0.105382 1.419702 0.671572
v 0.108455 1.421542 0.658680
v 0.096296 1.412976 0.665354
v 0.106561 1.418507 0.665382
v 0.095402 1.415863 0.671340
v 0.096296 1.412976 0.665354
v 0.105431 1.406113 0.472924
v 0.117346 1.395022 0.471832
v 0.104289 1.382692 0.484203
v 0.093402 1.394415 0.482773
v 0.118653 1.395589 0.489280
v 0.096415 1.382914 0.514115
v 0.076233 1.389422 0.509532
v 0.022299 1.384289 0.601368
v 0.033677 1.380856 0.616252
v 0.038146 1.386274 0.600488
v 0.044116 1.380947 0.620563
v 0.046256 1.379892 0.632289
v 0.070690 1.499355 0.481812
v 0.080106 1.518980 0.473329
v 0.104931 1.487697 0.472284
v 0.078822 1.477247 0.482682
v 0.082287 1.553113 0.425836
v 0.098484 1.541157 0.422178
v 0.134457 1.443146 0.512002
v 0.116243 1.425627 0.507911
v 0.138357 1.487589 0.533319
v 0.139841 1.466988 0.547060
v 0.165465 1.462993 0.556072
v 0.166880 1.479556 0.547569
v 0.115846 1.470541 0.550295
v 0.119495 1.441820 0.541660
v 0.149815 1.450680 0.537670
v 0.139841 1.466988 0.547060
v 0.157614 1.449285 0.520866
v 0.179136 1.448492 0.531884
v 0.172284 1.449739 0.546006
v 0.165465 1.462993 0.556072
v 0.183600 1.474430 0.564799
v 0.178225 1.461909 0.570326
v 0.184015 1.448831 0.557293
v 0.178225 1.461909 0.570326
v 0.192441 1.445213 0.542435
v 0.052127 1.394840 0.608305
v 0.046459 1.385198 0.627145
v 0.046069 1.398277 0.630258
v 0.047886 1.385725 0.637064
v 0.046069 1.398277 0.630258
v 0.037453 1.402556 0.627561
v 0.084213 1.413323 0.567350
v 0.060299 1.403848 0.536953
v 0.107974 1.470300 0.572782
v 0.058899 1.419185 0.615518
v 0.044356 1.394001 0.574059
v 0.036751 1.398147 0.553323
v 0.049395 1.444596 0.609687
v 0.058899 1.419185 0.615518
v 0.002601 1.400863 0.588490
v 0.094006 1.428147 0.480196
v 0.086445 1.437610 0.487018
v 0.088114 1.420618 0.480146
v 0.077374 1.427487 0.487171
v 0.067187 1.433996 0.496444
v 0.078932 1.447103 0.496246
v 0.083730 1.412121 0.480157
v 0.071960 1.415020 0.486962
v 0.083373 1.402581 0.479632
v 0.070547 1.401512 0.486429
v 0.058347 1.400363 0.495484
v 0.060178 1.417854 0.496174
v 0.084805 1.393139 0.479197
v 0.073476 1.388263 0.485609
v 0.090117 1.385234 0.478357
v 0.080259 1.376528 0.484594
v 0.070923 1.368014 0.493107
v 0.062139 1.383209 0.494422
v 0.096820 1.378450 0.477683
v 0.090412 1.367558 0.483475
v 0.105770 1.375201 0.476810
v 0.102802 1.362079 0.482365
v 0.100112 1.349305 0.490221
v 0.084069 1.356400 0.491659
v 0.115186 1.373666 0.476193
v 0.116300 1.360814 0.481375
v 0.124352 1.376316 0.475580
v 0.129564 1.363684 0.480594
v 0.134763 1.351383 0.487929
v 0.117589 1.347668 0.488940
v 0.132888 1.380613 0.475297
v 0.141251 1.370607 0.480111
v 0.138766 1.388152 0.475139
v 0.150322 1.380730 0.479958
v 0.161642 1.373454 0.487105
v 0.149896 1.360348 0.487304
v 0.143164 1.396639 0.475336
v 0.155736 1.393197 0.480167
v 0.143506 1.406188 0.475654
v 0.157149 1.406706 0.480700
v 0.170481 1.407088 0.488065
v 0.168651 1.389597 0.487375
v 0.142088 1.415621 0.476296
v 0.154221 1.419954 0.481520
v 0.136762 1.423536 0.476928
v 0.147437 1.431689 0.482536
v 0.157905 1.439437 0.490443
v 0.166689 1.424242 0.489128
v 0.130073 1.430310 0.477810
v 0.137284 1.440659 0.483654
v 0.121110 1.433568 0.478476
v 0.124894 1.446138 0.484764
v 0.128717 1.458146 0.493329
v 0.144760 1.451051 0.491891
v 0.111707 1.435094 0.479300
v 0.111396 1.447403 0.485754
v 0.111240 1.459783 0.494610
v 0.072437 1.455428 0.507372
v 0.058309 1.439662 0.507611
v 0.050940 1.444355 0.520374
v 0.049877 1.420244 0.507286
v 0.047675 1.399203 0.506456
v 0.038774 1.398062 0.519052
v 0.041293 1.422137 0.520002
v 0.052237 1.378569 0.505178
v 0.062803 1.360290 0.503596
v 0.056083 1.353537 0.515781
v 0.043993 1.374452 0.517590
v 0.078616 1.346320 0.501854
v 0.097914 1.337786 0.500125
v 0.096257 1.327788 0.511809
v 0.074176 1.337552 0.513787
v 0.118938 1.335816 0.498584
v 0.139596 1.340286 0.497367
v 0.143951 1.330648 0.508653
v 0.120312 1.325534 0.510045
v 0.157801 1.351069 0.496615
v 0.171929 1.366835 0.496377
v 0.180946 1.361026 0.507520
v 0.164780 1.342986 0.507793
v 0.180361 1.386253 0.496702
v 0.182562 1.407293 0.497532
v 0.193112 1.407319 0.508841
v 0.190593 1.383244 0.507891
v 0.178001 1.427928 0.498809
v 0.167434 1.446207 0.500391
v 0.175803 1.451844 0.512113
v 0.187893 1.430930 0.510303
v 0.151622 1.460177 0.502134
v 0.132324 1.468711 0.503863
v 0.135629 1.477594 0.516086
v 0.157710 1.467829 0.514107
v 0.111300 1.470681 0.505404
v 0.045283 1.447948 0.534437
v 0.034658 1.423480 0.534028
v 0.031884 1.396968 0.532981
v 0.027151 1.395946 0.547886
v 0.030113 1.424248 0.549003
v 0.037632 1.370966 0.531371
v 0.050947 1.347934 0.529379
v 0.047500 1.343604 0.544040
v 0.033287 1.368190 0.546168
v 0.070872 1.330331 0.527183
v 0.095189 1.319577 0.525005
v 0.094727 1.313333 0.539372
v 0.068769 1.324812 0.541697
v 0.121680 1.317095 0.523063
v 0.147711 1.322727 0.521530
v 0.150794 1.316696 0.535663
v 0.123006 1.310683 0.537298
v 0.170650 1.336315 0.520582
v 0.188453 1.356181 0.520282
v 0.194285 1.352407 0.534330
v 0.175281 1.331200 0.534651
v 0.199077 1.380649 0.520691
v 0.201851 1.407162 0.521737
v 0.208587 1.406828 0.535884
v 0.205626 1.378526 0.534767
v 0.196103 1.433163 0.523347
v 0.182789 1.456195 0.525340
v 0.188239 1.459170 0.539730
v 0.202451 1.434584 0.537602
v 0.162864 1.473799 0.527536
v 0.138547 1.484552 0.529715
v 0.141011 1.489441 0.544399
v 0.166969 1.477961 0.542074
v 0.112056 1.487034 0.531657
v 0.112733 1.492090 0.546473
v 0.039571 1.451535 0.565024
v 0.039657 1.451441 0.580799
v 0.059639 1.473740 0.580461
v 0.027794 1.424412 0.564570
v 0.024719 1.395023 0.563410
v 0.024618 1.394220 0.579165
v 0.027732 1.423978 0.580339
v 0.031091 1.366200 0.561626
v 0.045850 1.340669 0.559417
v 0.046014 1.339185 0.575121
v 0.031070 1.365036 0.577358
v 0.067937 1.321155 0.556983
v 0.094892 1.309234 0.554568
v 0.095672 1.307356 0.570212
v 0.068378 1.319426 0.572657
v 0.124258 1.306483 0.552415
v 0.153114 1.312726 0.550717
v 0.154624 1.310892 0.566313
v 0.125406 1.304570 0.568032
v 0.178542 1.327789 0.549666
v 0.198277 1.349811 0.549333
v 0.200353 1.348441 0.564912
v 0.180370 1.326143 0.565249
v 0.210054 1.376934 0.549787
v 0.213129 1.406323 0.550947
v 0.215391 1.405662 0.566545
v 0.212278 1.375904 0.565371
v 0.206757 1.435146 0.552731
v 0.191998 1.460677 0.554941
v 0.193996 1.460698 0.570589
v 0.208940 1.434847 0.568352
v 0.169911 1.480191 0.557374
v 0.142955 1.492111 0.559789
v 0.144338 1.492527 0.575498
v 0.171632 1.480457 0.573053
v 0.113590 1.494863 0.561942
v 0.084734 1.488619 0.563640
v 0.085386 1.488991 0.579398
v 0.114604 1.495312 0.577678
v 0.061468 1.472094 0.596044
v 0.041733 1.450072 0.596377
v 0.045725 1.447475 0.611380
v 0.064729 1.468682 0.611059
v 0.029956 1.422949 0.595923
v 0.026881 1.393560 0.594764
v 0.031422 1.393055 0.609826
v 0.034384 1.421357 0.610943
v 0.033253 1.364737 0.592979
v 0.048012 1.339206 0.590770
v 0.051771 1.340713 0.605981
v 0.037559 1.365299 0.608108
v 0.070099 1.319692 0.588337
v 0.097054 1.307771 0.585922
v 0.098999 1.310442 0.601311
v 0.073041 1.321921 0.603637
v 0.126420 1.305020 0.583769
v 0.155276 1.311263 0.582070
v 0.155065 1.313805 0.597603
v 0.127277 1.307793 0.599238
v 0.180704 1.326326 0.581020
v 0.200438 1.348348 0.580687
v 0.198556 1.349517 0.596271
v 0.179552 1.328310 0.596591
v 0.212215 1.375470 0.581141
v 0.215291 1.404860 0.582300
v 0.212858 1.403937 0.597824
v 0.209897 1.375635 0.596708
v 0.208919 1.433683 0.584085
v 0.194160 1.459214 0.586294
v 0.192510 1.456279 0.601670
v 0.206722 1.431693 0.599543
v 0.172073 1.478727 0.588727
v 0.145118 1.490648 0.591142
v 0.145283 1.486550 0.606339
v 0.171241 1.475070 0.604013
v 0.115752 1.493399 0.593295
v 0.086896 1.487156 0.594994
v 0.089216 1.483187 0.610047
v 0.117004 1.489199 0.608412
v 0.069360 1.463568 0.625128
v 0.051557 1.443701 0.625428
v 0.059064 1.438856 0.638190
v 0.040933 1.419234 0.625019
v 0.038159 1.392721 0.623973
v 0.046898 1.392564 0.636869
v 0.049417 1.416639 0.637819
v 0.043907 1.366720 0.622363
v 0.057221 1.343688 0.620370
v 0.064207 1.348039 0.633597
v 0.052117 1.368953 0.635407
v 0.077146 1.326084 0.618175
v 0.101463 1.315330 0.615996
v 0.104381 1.322289 0.629625
v 0.082300 1.332054 0.631603
v 0.127954 1.312848 0.614054
v 0.153986 1.318480 0.612522
v 0.152074 1.325149 0.626470
v 0.128436 1.320035 0.627861
v 0.176924 1.332068 0.611575
v 0.194727 1.351935 0.611274
v 0.189070 1.355528 0.625337
v 0.172904 1.337488 0.625610
v 0.205351 1.376402 0.611683
v 0.208125 1.402915 0.612729
v 0.201236 1.401821 0.626659
v 0.198717 1.377746 0.625709
v 0.202377 1.428917 0.614339
v 0.189063 1.451948 0.616332
v 0.183927 1.446345 0.629930
v 0.196017 1.425431 0.628121
v 0.169138 1.469552 0.618527
v 0.144821 1.480306 0.620706
v 0.143753 1.472095 0.633901
v 0.165834 1.462330 0.631923
v 0.118330 1.482788 0.622648
v 0.092299 1.477156 0.624180
v 0.096060 1.469235 0.637057
v 0.119698 1.474349 0.635665
v 0.082209 1.448813 0.649095
v 0.068081 1.433047 0.649333
v 0.078369 1.426428 0.658605
v 0.090114 1.439535 0.658407
v 0.059649 1.413630 0.649009
v 0.057448 1.392589 0.648178
v 0.069529 1.392795 0.657644
v 0.071359 1.410286 0.658334
v 0.062010 1.371954 0.646901
v 0.072576 1.353676 0.645319
v 0.082105 1.360445 0.655268
v 0.073321 1.375641 0.656583
v 0.088388 1.339706 0.643577
v 0.107686 1.331172 0.641848
v 0.111293 1.341737 0.652382
v 0.095250 1.348832 0.653819
v 0.128710 1.329202 0.640306
v 0.149369 1.333672 0.639090
v 0.145944 1.343815 0.650089
v 0.128770 1.340100 0.651100
v 0.167573 1.344455 0.638338
v 0.181701 1.360221 0.638100
v 0.172823 1.365886 0.649266
v 0.161078 1.352780 0.649464
v 0.190133 1.379639 0.638425
v 0.192334 1.400679 0.639255
v 0.181663 1.399520 0.650226
v 0.179832 1.382029 0.649536
v 0.187773 1.421314 0.640533
v 0.177206 1.439592 0.642114
v 0.169086 1.431869 0.652603
v 0.177870 1.416674 0.651288
v 0.161394 1.453563 0.643856
v 0.142096 1.462097 0.645585
v 0.139898 1.450578 0.655489
v 0.155941 1.443483 0.654051
v 0.121073 1.464067 0.647127
v 0.100414 1.459597 0.648343
v 0.122421 1.452215 0.656771
v 0.098759 1.429275 0.665599
v 0.110446 1.436199 0.665116
v 0.089688 1.419153 0.665751
v 0.101244 1.411731 0.670571
v 0.107122 1.419269 0.670413
v 0.115658 1.423567 0.670129
v 0.084274 1.406686 0.665543
v 0.082861 1.393177 0.665010
v 0.096504 1.393694 0.670056
v 0.096847 1.403244 0.670374
v 0.085789 1.379929 0.664190
v 0.092573 1.368193 0.663174
v 0.103248 1.376347 0.668781
v 0.097922 1.384261 0.669414
v 0.102726 1.359224 0.662056
v 0.115116 1.353745 0.660945
v 0.118900 1.366314 0.667234
v 0.109937 1.369573 0.667900
v 0.128614 1.352480 0.659956
v 0.141877 1.355350 0.659175
v 0.137483 1.367429 0.666005
v 0.128303 1.364788 0.666410
v 0.153565 1.362273 0.658692
v 0.162636 1.372395 0.658539
v 0.151896 1.379265 0.665563
v 0.146004 1.371736 0.665514
v 0.168050 1.384862 0.658748
v 0.169463 1.398371 0.659281
v 0.156637 1.397301 0.666078
v 0.156280 1.387761 0.665553
v 0.166534 1.411620 0.660101
v 0.159750 1.423355 0.661116
v 0.149893 1.414649 0.667353
v 0.155205 1.406744 0.666513
v 0.149598 1.432324 0.662235
v 0.137208 1.437804 0.663345
v 0.134240 1.424681 0.668900
v 0.143190 1.421433 0.668027
v 0.123710 1.439068 0.664335
v 0.110446 1.436199 0.665116
v 0.115658 1.423567 0.670129
v 0.124824 1.426217 0.669517
v 0.100647 1.419914 0.476290
v 0.098651 1.413872 0.475729
v 0.093992 1.409535 0.476264
v 0.095926 1.403505 0.475433
v 0.098651 1.413872 0.475729
v 0.113066 1.404638 0.472220
v 0.094689 1.397242 0.475643
v 0.099803 1.393533 0.474700
v 0.095926 1.403505 0.475433
v 0.113066 1.404638 0.472220
v 0.102470 1.387730 0.474662
v 0.108800 1.387766 0.473811
v 0.099803 1.393533 0.474700
v 0.113066 1.404638 0.472220
v 0.114363 1.384631 0.473697
v 0.119481 1.388407 0.473104
v 0.108800 1.387766 0.473811
v 0.113066 1.404638 0.472220
v 0.125827 1.389130 0.473117
v 0.127766 1.395210 0.472850
v 0.119481 1.388407 0.473104
v 0.113066 1.404638 0.472220
v 0.132482 1.399509 0.473143
v 0.130491 1.405578 0.473146
v 0.127766 1.395210 0.472850
v 0.113066 1.404638 0.472220
v 0.131786 1.411802 0.473764
v 0.126615 1.415550 0.473879
v 0.130491 1.405578 0.473146
v 0.113066 1.404638 0.472220
v 0.124004 1.421315 0.474745
v 0.117617 1.421317 0.474768
v 0.126615 1.415550 0.473879
v 0.113066 1.404638 0.472220
v 0.112111 1.424413 0.475709
v 0.117617 1.421317 0.474768
v 0.114183 1.410752 0.672593
v 0.120529 1.411476 0.672606
v 0.112244 1.404672 0.672860
v 0.126944 1.395245 0.673489
v 0.107528 1.400374 0.672567
v 0.112244 1.404672 0.672860
v 0.109519 1.394305 0.672564
v 0.126944 1.395245 0.673489
v 0.108224 1.388081 0.671946
v 0.109519 1.394305 0.672564
v 0.113395 1.384333 0.671831
v 0.126944 1.395245 0.673489
v 0.116005 1.378568 0.670965
v 0.113395 1.384333 0.671831
v 0.122393 1.378566 0.670941
v 0.126944 1.395245 0.673489
v 0.127899 1.375470 0.670001
v 0.122393 1.378566 0.670941
v 0.133074 1.379207 0.670235
v 0.126944 1.395245 0.673489
v 0.139363 1.379969 0.669420
v 0.133074 1.379207 0.670235
v 0.141359 1.386010 0.669981
v 0.126944 1.395245 0.673489
v 0.146018 1.390347 0.669446
v 0.141359 1.386010 0.669981
v 0.144084 1.396378 0.670277
v 0.126944 1.395245 0.673489
v 0.145321 1.402641 0.670067
v 0.144084 1.396378 0.670277
v 0.140208 1.406350 0.671010
v 0.126944 1.395245 0.673489
v 0.137540 1.412153 0.671048
v 0.140208 1.406350 0.671010
v 0.131210 1.412116 0.671899
v 0.126944 1.395245 0.673489
v 0.125647 1.415252 0.672013
v 0.131210 1.412116 0.671899
v 0.120529 1.411476 0.672606
v 0.126944 1.395245 0.673489
v 0.090050 1.470300 0.649546
v 0.069117 1.446893 0.645903
v 0.081915 1.438918 0.664105
v 0.097804 1.453618 0.666245
v 0.071006 1.434793 0.637721
v 0.080758 1.433153 0.652629
v 0.088930 1.425782 0.661440
v 0.089956 1.429402 0.670511
v 0.103981 1.438886 0.672227
v 0.199752 1.446479 0.554437
v 0.204641 1.458997 0.555565
v 0.207419 1.451114 0.567852
v 0.203290 1.442490 0.569808
v 0.202821 1.472541 0.567442
v 0.205984 1.457701 0.578783
v 0.201386 1.450625 0.579529
v 0.121165 1.448322 0.660762
v 0.118196 1.464976 0.650879
v 0.126557 1.448657 0.649657
v 0.126110 1.465726 0.636096
v 0.119209 1.476658 0.612411
v 0.112371 1.486357 0.621593
v 0.105431 1.411723 0.472924
v 0.093402 1.400025 0.482773
v 0.090945 1.421233 0.480320
v 0.104002 1.433563 0.467949
v 0.076233 1.395033 0.509532
v 0.074998 1.429110 0.496401
v 0.093451 1.453209 0.478361
v 0.202821 1.472541 0.567442
v 0.192685 1.473851 0.579516
v 0.198306 1.462629 0.586224
v 0.205984 1.457701 0.578783
v 0.185377 1.464327 0.583227
v 0.194178 1.454005 0.588179
v 0.201386 1.450625 0.579529
v 0.023192 1.397560 0.617261
v 0.012972 1.392891 0.611368
v 0.027708 1.386363 0.624924
v 0.036654 1.386429 0.631403
v 0.013318 1.390918 0.608135
v 0.031908 1.385908 0.623448
v 0.046256 1.385502 0.632289
v 0.106561 1.424118 0.665382
v 0.117541 1.433879 0.664898
v 0.105382 1.425313 0.671572
v 0.095402 1.421473 0.671340
v 0.105431 1.411723 0.472924
v 0.117346 1.400632 0.471832
v 0.104289 1.388302 0.484203
v 0.118653 1.401199 0.489280
v 0.093451 1.453209 0.478361
v 0.112194 1.440656 0.475525
v 0.114889 1.421840 0.469380
v 0.104002 1.433563 0.467949
v 0.013318 1.390918 0.608135
v 0.022299 1.389899 0.601368
v 0.033677 1.386466 0.616252
v 0.031908 1.385908 0.623448
v 0.038146 1.391884 0.600488
v 0.046256 1.385502 0.632289
v 0.015622 1.435777 0.555449
v 0.027827 1.426921 0.540891
v 0.010406 1.414663 0.557157
v 0.000457 1.417075 0.566887
v 0.036751 1.403757 0.553323
v 0.012769 1.401525 0.566748
v 0.003271 1.405634 0.573820
v 0.107425 1.514985 0.559252
v 0.083920 1.489725 0.618055
v 0.107974 1.475910 0.572782
v 0.115846 1.476152 0.550295
v 0.113411 1.503390 0.533421
v 0.117871 1.512065 0.500011
v 0.109332 1.524739 0.491018
v 0.113685 1.558963 0.435916
v 0.111715 1.549105 0.492392
v 0.103191 1.551752 0.499075
v 0.096047 1.529006 0.555890
v 0.082949 1.508281 0.587219
v 0.070690 1.504966 0.481812
v 0.080106 1.524590 0.473329
v 0.104931 1.493307 0.472284
v 0.078822 1.482858 0.482682
v 0.082287 1.558724 0.425836
v 0.098484 1.546767 0.422178
v 0.113685 1.558963 0.435916
v 0.109332 1.524739 0.491018
v 0.117871 1.512065 0.500011
v 0.126022 1.484988 0.494019
v 0.134457 1.448756 0.512002
v 0.116243 1.431237 0.507911
v 0.051681 1.487820 0.536225
v 0.064935 1.498303 0.568027
v 0.076245 1.528408 0.513981
v 0.058400 1.496541 0.502640
v 0.096047 1.529006 0.555890
v 0.103191 1.551752 0.499075
v 0.089103 1.552390 0.477060
v 0.138357 1.493200 0.533319
v 0.143291 1.501032 0.515426
v 0.139841 1.472599 0.547060
v 0.166880 1.485166 0.547569
v 0.172380 1.491374 0.533838
v 0.157614 1.454895 0.520866
v 0.179136 1.454103 0.531884
v 0.152575 1.479037 0.512364
v 0.143291 1.501032 0.515426
v 0.172380 1.491374 0.533838
v 0.177816 1.473565 0.528218
v 0.183600 1.480040 0.564799
v 0.191921 1.482821 0.551818
v 0.192441 1.450823 0.542435
v 0.194973 1.466683 0.542487
v 0.191921 1.482821 0.551818
v 0.046069 1.403888 0.630258
v 0.037453 1.408166 0.627561
v 0.040490 1.390705 0.635818
v 0.047886 1.391335 0.637064
v 0.051922 1.449554 0.512030
v 0.078822 1.482858 0.482682
v 0.060299 1.409458 0.536953
v 0.037339 1.459792 0.544764
v 0.058400 1.496541 0.502640
v 0.070690 1.504966 0.481812
v 0.044356 1.399611 0.574059
v 0.036751 1.403757 0.553323
v 0.018863 1.422902 0.591286
v 0.049395 1.450207 0.609687
v 0.001394 1.397883 0.589665
v 0.002601 1.406473 0.588490
v 0.016031 1.394095 0.583176
v 0.012769 1.401525 0.566748
v 0.001394 1.397883 0.589665
v 0.003271 1.405634 0.573820
vn -0.8051 0.5802 -0.1233
vn -0.6093 0.3742 -0.6991
vn -0.5923 0.5961 -0.5421
vn -0.6939 0.6687 -0.2671
vn 0.0460 0.6143 -0.7877
vn -0.4156 0.6832 -0.6004
vn -0.4474 0.7973 -0.4051
vn -0.5279 0.7715 -0.3550
vn -0.6205 0.7675 -0.1610
vn 0.0460 0.6144 -0.7877
vn 0.9424 0.3265 -0.0721
vn 0.8010 0.5724 -0.1754
vn 0.3063 0.8035 -0.5105
vn 0.6819 0.4679 0.5622
vn 0.8617 0.5074 0.0028
vn 0.7998 0.5940 -0.0866
vn 0.7468 0.6372 -0.1907
vn 0.4590 0.7581 -0.4632
vn -0.4155 0.6833 -0.6004
vn -0.1865 0.8073 -0.5600
vn -0.3812 0.8281 -0.4110
vn 0.3062 0.8035 -0.5105
vn 0.4589 0.7581 -0.4633
vn -0.0510 0.7864 -0.6156
vn -0.3468 0.7710 -0.5341
vn -0.6205 0.7675 -0.1609
vn -0.5279 0.7716 -0.3550
vn -0.4551 0.8390 -0.2983
vn -0.5269 0.8238 -0.2089
vn -0.3468 0.7711 -0.5340
vn -0.4587 0.7850 -0.4164
vn -0.5257 0.7830 -0.3324
vn 0.8616 0.5076 0.0028
vn 0.7717 0.6334 -0.0573
vn 0.7534 0.6465 -0.1199
vn 0.6819 0.4678 0.5622
vn 0.7373 0.6553 0.1641
vn 0.7746 0.6220 0.1146
vn 0.7484 0.6624 -0.0328
vn 0.7412 0.6597 -0.1244
vn 0.4590 0.7581 -0.4633
vn 0.7498 0.6267 -0.2121
vn 0.5449 0.6623 -0.5143
vn 0.7544 0.6106 -0.2409
vn 0.5901 0.5838 -0.5576
vn -0.0510 0.7863 -0.6157
vn 0.0258 0.6743 -0.7380
vn -0.3063 0.6712 -0.6750
vn 0.4589 0.7581 -0.4634
vn 0.5448 0.6623 -0.5143
vn 0.5900 0.5837 -0.5578
vn 0.0788 0.5500 -0.8314
vn -0.2543 0.5580 -0.7899
vn -0.5258 0.7830 -0.3324
vn -0.4587 0.7849 -0.4165
vn -0.4501 0.6952 -0.5604
vn -0.5197 0.7137 -0.4697
vn -0.3469 0.7710 -0.5341
vn -0.3065 0.6712 -0.6750
vn -0.2544 0.5580 -0.7899
vn -0.4005 0.6065 -0.6868
vn -0.4816 0.6511 -0.5866
vn 0.6821 0.4678 0.5621
vn -0.2428 0.4239 0.8726
vn -0.2220 0.7323 0.6438
vn 0.1023 0.7316 0.6740
vn -0.5140 0.7485 0.4189
vn -0.3541 0.7813 0.5141
vn -0.1861 0.7894 0.5849
vn 0.0122 0.7748 0.6321
vn -0.8051 0.5802 -0.1232
vn -0.6939 0.6687 -0.2670
vn -0.6550 0.7358 0.1721
vn -0.5141 0.7484 0.4189
vn -0.6627 0.7425 0.0975
vn -0.5642 0.7731 0.2899
vn -0.5048 0.7627 0.4043
vn -0.3541 0.7813 0.5140
vn 0.7746 0.6220 0.1147
vn 0.7372 0.6554 0.1643
vn 0.4833 0.6959 0.5311
vn 0.7229 0.6290 0.2858
vn 0.6819 0.4678 0.5623
vn 0.1024 0.7316 0.6740
vn 0.0123 0.7747 0.6322
vn 0.3600 0.7227 0.5901
vn 0.6434 0.6576 0.3920
vn 0.7412 0.6597 -0.1243
vn 0.7415 0.6654 0.0864
vn 0.7305 0.6827 -0.0158
vn 0.7230 0.6290 0.2857
vn 0.6434 0.6575 0.3920
vn 0.7143 0.6631 0.2238
vn 0.7093 0.6928 0.1300
vn 0.0122 0.7747 0.6322
vn -0.1862 0.7895 0.5849
vn -0.1695 0.7640 0.6225
vn -0.0034 0.7673 0.6413
vn -0.3540 0.7813 0.5141
vn -0.2938 0.7598 0.5800
vn -0.2410 0.7419 0.6257
vn -0.1571 0.7278 0.6676
vn -0.0093 0.7247 0.6890
vn -0.5048 0.7627 0.4044
vn -0.3952 0.7717 0.4984
vn -0.5642 0.7731 0.2900
vn -0.4422 0.8051 0.3952
vn -0.3349 0.8093 0.4826
vn -0.2920 0.7732 0.5630
vn 0.6434 0.6575 0.3921
vn 0.3599 0.7227 0.5901
vn 0.2672 0.7404 0.6168
vn 0.5471 0.6845 0.4819
vn 0.0124 0.7747 0.6322
vn -0.0033 0.7673 0.6413
vn -0.0092 0.7247 0.6890
vn 0.2319 0.7045 0.6707
vn 0.4845 0.6748 0.5566
vn 0.7093 0.6928 0.1301
vn 0.7143 0.6630 0.2239
vn 0.6702 0.6640 0.3316
vn 0.6829 0.6885 0.2442
vn 0.5471 0.6845 0.4818
vn 0.4846 0.6748 0.5566
vn 0.6163 0.6676 0.4177
vn 0.6533 0.6849 0.3227
vn -0.6622 0.7437 -0.0917
vn -0.6708 0.7415 0.0103
vn -0.6541 0.7045 -0.2754
vn -0.7518 0.6073 -0.2568
vn -0.7753 0.6307 -0.0323
vn -0.7547 0.6532 0.0617
vn 0.5902 0.5837 -0.5576
vn 0.7646 0.5839 -0.2728
vn 0.6078 0.5462 -0.5764
vn 0.7627 0.6264 -0.1612
vn 0.8013 0.5739 -0.1691
vn 0.7791 0.5557 -0.2902
vn 0.6052 0.5501 -0.5754
vn -0.2543 0.5579 -0.7900
vn 0.0788 0.5499 -0.8315
vn 0.1131 0.4756 -0.8724
vn -0.2102 0.4674 -0.8587
vn 0.5901 0.5837 -0.5578
vn 0.6077 0.5462 -0.5765
vn 0.6051 0.5501 -0.5756
vn 0.1239 0.4870 -0.8646
vn -0.1814 0.4619 -0.8682
vn -0.5197 0.7136 -0.4697
vn -0.6102 0.6537 -0.4476
vn -0.6541 0.7045 -0.2755
vn -0.5078 0.5969 -0.6212
vn -0.5140 0.5617 -0.6483
vn -0.6629 0.5876 -0.4640
vn -0.4005 0.6064 -0.6869
vn -0.3641 0.5246 -0.7695
vn -0.2103 0.4674 -0.8587
vn -0.1815 0.4619 -0.8682
vn -0.3427 0.5105 -0.7886
vn -0.5139 0.5617 -0.6484
vn -0.5642 0.7731 0.2898
vn -0.6671 0.7382 0.1004
vn -0.5944 0.7750 0.2146
vn -0.7348 0.6716 0.0951
vn -0.6947 0.6965 0.1798
vn 0.7510 0.6581 -0.0532
vn 0.7285 0.6773 0.1029
vn 0.7889 0.6051 0.1070
vn 0.8045 0.5921 -0.0467
vn -0.1571 0.7277 0.6676
vn -0.1286 0.7073 0.6952
vn 0.0257 0.6868 0.7264
vn -0.2411 0.7419 0.6257
vn -0.1922 0.7395 0.6451
vn -0.1624 0.7586 0.6310
vn -0.0996 0.7305 0.6757
vn 0.0743 0.6924 0.7177
vn -0.3348 0.8093 0.4826
vn -0.4755 0.8090 0.3455
vn -0.3068 0.8110 0.4982
vn -0.5641 0.7731 0.2900
vn -0.5944 0.7750 0.2147
vn -0.6946 0.6965 0.1799
vn -0.5898 0.7357 0.3331
vn -0.3282 0.7730 0.5429
vn -0.2250 0.7784 0.5860
vn -0.1921 0.7396 0.6451
vn -0.3068 0.8109 0.4983
vn -0.3282 0.7730 0.5430
vn -0.2027 0.7759 0.5974
vn 0.2621 0.6611 0.7030
vn 0.4716 0.6487 0.5973
vn 0.0258 0.6868 0.7264
vn 0.0744 0.6924 0.7177
vn 0.2997 0.6423 0.7055
vn 0.4560 0.6301 0.6285
vn 0.6829 0.6884 0.2442
vn 0.6916 0.6868 0.2237
vn 0.7284 0.6773 0.1029
vn 0.6534 0.6848 0.3228
vn 0.6354 0.6879 0.3507
vn 0.6280 0.6697 0.3965
vn 0.7494 0.6187 0.2357
vn 0.7889 0.6051 0.1071
vn 0.6533 0.6848 0.3227
vn 0.5801 0.6628 0.4734
vn 0.4717 0.6487 0.5972
vn 0.5455 0.6607 0.5157
vn 0.6279 0.6697 0.3965
vn -0.7754 0.6307 -0.0323
vn -0.8271 0.5610 -0.0339
vn -0.8022 0.5945 0.0555
vn -0.7519 0.6073 -0.2566
vn -0.7988 0.5422 -0.2608
vn -0.8394 0.4643 -0.2826
vn -0.8585 0.5074 -0.0742
vn -0.8176 0.5752 0.0246
vn 0.8024 0.5216 -0.2899
vn 0.6082 0.5415 -0.5804
vn 0.8013 0.5738 -0.1691
vn 0.8450 0.5101 -0.1608
vn 0.8824 0.4462 -0.1492
vn 0.8337 0.4704 -0.2892
vn 0.6405 0.4727 -0.6052
vn 0.1239 0.4871 -0.8645
vn 0.1334 0.5098 -0.8499
vn -0.1549 0.5009 -0.8515
vn 0.6404 0.4727 -0.6053
vn 0.1684 0.4754 -0.8635
vn -0.1233 0.5241 -0.8427
vn -0.7518 0.6073 -0.2569
vn -0.6629 0.5875 -0.4640
vn -0.6903 0.5435 -0.4776
vn -0.7987 0.5422 -0.2608
vn -0.5029 0.5533 -0.6640
vn -0.4960 0.5478 -0.6737
vn -0.7221 0.4872 -0.4911
vn -0.8393 0.4643 -0.2827
vn -0.5139 0.5616 -0.6484
vn -0.3115 0.5351 -0.7853
vn -0.5028 0.5533 -0.6641
vn -0.2854 0.5614 -0.7768
vn -0.6947 0.6965 0.1799
vn -0.7349 0.6715 0.0951
vn -0.7858 0.6126 0.0845
vn -0.7685 0.6191 0.1615
vn -0.8176 0.5752 0.0247
vn -0.7955 0.6012 0.0756
vn -0.7972 0.5830 0.1570
vn 0.8014 0.5738 -0.1690
vn 0.8669 0.4978 -0.0250
vn 0.8683 0.4792 0.1278
vn 0.9357 0.3300 0.1244
vn 0.9231 0.3843 -0.0092
vn 0.8824 0.4462 -0.1491
vn -0.5899 0.7356 0.3331
vn -0.6717 0.6780 0.2986
vn -0.3294 0.7799 0.5322
vn -0.6947 0.6964 0.1799
vn -0.8018 0.5625 0.2020
vn -0.8110 0.5517 0.1946
vn -0.5146 0.7756 0.3656
vn -0.2886 0.8106 0.5095
vn 0.7495 0.6186 0.2357
vn 0.8051 0.5327 0.2609
vn 0.8683 0.4792 0.1279
vn 0.6281 0.6696 0.3964
vn 0.5587 0.7060 0.4353
vn 0.4739 0.7602 0.4444
vn 0.6780 0.6540 0.3356
vn 0.9194 0.3195 0.2295
vn 0.9293 0.3169 0.1895
vn -0.8586 0.5073 -0.0742
vn -0.9027 0.4065 -0.1411
vn -0.8592 0.5107 -0.0302
vn -0.8912 0.3346 -0.3062
vn -0.9472 0.1273 -0.2943
vn -0.9654 0.1909 -0.1777
vn -0.9556 0.2853 -0.0741
vn 0.8805 0.3632 -0.3046
vn 0.6972 0.3393 -0.6315
vn 0.9206 0.3595 -0.1528
vn 0.9699 0.1880 -0.1548
vn 0.9306 0.1837 -0.3167
vn 0.7430 0.1796 -0.6448
vn 0.1684 0.4753 -0.8636
vn 0.2377 0.3696 -0.8983
vn -0.0812 0.4651 -0.8815
vn 0.7428 0.1797 -0.6450
vn 0.3092 0.2068 -0.9282
vn -0.0385 0.2554 -0.9661
vn -0.8394 0.4643 -0.2827
vn -0.7222 0.4872 -0.4910
vn -0.7841 0.3703 -0.4980
vn -0.8912 0.3346 -0.3063
vn -0.4962 0.5478 -0.6736
vn -0.5359 0.4604 -0.7077
vn -0.6181 0.1975 -0.7609
vn -0.8646 0.1418 -0.4820
vn -0.2825 0.5012 -0.8179
vn -0.1234 0.5241 -0.8427
vn -0.0813 0.4651 -0.8815
vn -0.0386 0.2554 -0.9661
vn -0.3055 0.2511 -0.9185
vn -0.6180 0.1975 -0.7610
vn -0.8370 0.5436 0.0623
vn -0.8500 0.4920 0.1880
vn -0.9556 0.2851 -0.0741
vn -0.9442 0.3267 0.0430
vn -0.9324 0.2954 0.2082
vn 0.9232 0.3843 -0.0092
vn 0.9548 0.2964 -0.0248
vn 0.9206 0.3594 -0.1528
vn 0.9358 0.3300 0.1244
vn 0.9650 0.2443 0.0950
vn 0.9861 0.1585 0.0507
vn 0.9852 0.1656 -0.0440
vn 0.9294 0.3168 0.1895
vn 0.9565 0.2496 0.1507
vn 0.9254 0.3133 0.2133
vn 0.9254 0.3218 0.2003
vn 0.9458 0.2662 0.1858
vn 0.9700 0.1805 0.1630
vn 0.9782 0.1804 0.1026
vn -0.9557 0.2850 -0.0741
vn -0.9654 0.1908 -0.1776
vn -0.9869 -0.0158 -0.1604
vn -0.9971 0.0232 -0.0727
vn -0.9472 0.1272 -0.2943
vn -0.9659 -0.0453 -0.2551
vn -0.9601 -0.1914 -0.2041
vn -0.9746 -0.1925 -0.1146
vn -0.9805 -0.1905 -0.0485
vn 0.9306 0.1836 -0.3167
vn 0.9540 0.0446 -0.2965
vn 0.7750 0.1519 -0.6134
vn 0.9907 0.0088 -0.1360
vn 0.9847 -0.1317 -0.1145
vn 0.9665 -0.0682 -0.2473
vn 0.7457 0.2602 -0.6134
vn -0.0385 0.2553 -0.9661
vn 0.3092 0.2067 -0.9283
vn 0.3297 0.2693 -0.9049
vn -0.0337 0.2606 -0.9649
vn 0.7428 0.1796 -0.6450
vn 0.7456 0.2603 -0.6135
vn 0.2267 0.5986 -0.7683
vn -0.0499 0.6051 -0.7946
vn -0.8647 0.1416 -0.4819
vn -0.9025 -0.0224 -0.4302
vn -0.9658 -0.0453 -0.2552
vn -0.6181 0.1974 -0.7609
vn -0.6866 0.0858 -0.7219
vn -0.6700 0.2973 -0.6802
vn -0.9246 -0.0973 -0.3684
vn -0.9601 -0.1913 -0.2041
vn -0.6180 0.1974 -0.7610
vn -0.3055 0.2510 -0.9185
vn -0.3382 0.2064 -0.9182
vn -0.6866 0.0859 -0.7220
vn -0.0386 0.2553 -0.9661
vn -0.0338 0.2606 -0.9649
vn -0.0499 0.6050 -0.7946
vn -0.2760 0.5907 -0.7582
vn -0.6699 0.2974 -0.6803
vn -0.9324 0.2953 0.2082
vn -0.9443 0.3263 0.0430
vn -0.9980 0.0505 0.0372
vn -0.9744 0.0538 0.2181
vn -0.9971 0.0232 -0.0726
vn -0.9826 -0.1830 0.0325
vn -0.9641 -0.1700 0.2042
vn 0.9988 0.0114 -0.0475
vn 0.9995 0.0290 0.0122
vn 0.9953 -0.0970 -0.0078
vn 0.9927 -0.1092 -0.0507
vn 0.9847 -0.1316 -0.1145
vn -0.9458 0.1385 0.2938
vn -0.9262 0.2064 0.3156
vn -0.9366 0.0023 0.3504
vn -0.9248 -0.0668 0.3746
vn -0.9324 0.2953 0.2083
vn -0.9744 0.0538 0.2182
vn -0.9641 -0.1699 0.2042
vn -0.9164 -0.1884 0.3531
vn -0.8886 -0.2214 0.4017
vn 0.9977 0.0355 0.0586
vn 0.9995 0.0290 0.0123
vn 0.9700 0.1804 0.1630
vn 0.9862 0.0427 0.1599
vn 0.9730 -0.1372 0.1854
vn 0.9907 -0.1212 0.0616
vn 0.9953 -0.0970 -0.0077
vn -0.9805 -0.1906 -0.0485
vn -0.9369 -0.3453 -0.0551
vn -0.9315 -0.3635 -0.0130
vn -0.9302 -0.3377 -0.1435
vn -0.9041 -0.4098 -0.1209
vn -0.9244 -0.3796 -0.0365
vn -0.9241 -0.3821 0.0035
vn 0.7456 0.2602 -0.6135
vn 0.9665 -0.0683 -0.2473
vn 0.9267 -0.3409 -0.1579
vn 0.9023 -0.3544 -0.2454
vn 0.9481 -0.3030 -0.0969
vn 0.8656 -0.4948 -0.0769
vn 0.7834 -0.6119 -0.1088
vn 0.5541 -0.8275 -0.0906
vn -0.0061 0.9994 -0.0329
vn -0.0054 0.9993 -0.0382
vn 0.3257 -0.7025 -0.6328
vn 0.0214 -0.1437 -0.9894
vn 0.0110 0.9994 -0.0339
vn 0.2858 -0.9577 -0.0319
vn 0.0546 -0.9985 0.0035
vn 0.0320 -0.9993 -0.0195
vn 0.0052 -0.9995 -0.0296
vn -0.9246 -0.0973 -0.3683
vn -0.9155 -0.3088 -0.2578
vn -0.8962 -0.2618 -0.3582
vn -0.5252 -0.8380 -0.1481
vn -0.8230 -0.5342 -0.1931
vn -0.9041 -0.4098 -0.1210
vn -0.0133 0.9997 -0.0212
vn -0.0041 0.9996 -0.0283
vn -0.3477 0.3673 -0.8627
vn -0.5019 -0.8501 -0.1592
vn 0.0215 -0.1437 -0.9894
vn -0.0194 -0.9994 -0.0297
vn -0.0390 -0.9991 -0.0186
vn -0.9641 -0.1700 0.2041
vn -0.9825 -0.1831 0.0325
vn -0.9256 -0.3779 0.0213
vn -0.9130 -0.3782 0.1528
vn -0.9315 -0.3636 -0.0130
vn -0.9150 -0.4025 0.0282
vn -0.8961 -0.4232 0.1336
vn 0.9927 -0.1093 -0.0507
vn 0.9629 -0.2644 -0.0534
vn 0.9635 -0.2675 -0.0064
vn 0.8568 -0.5152 0.0232
vn 0.8791 -0.4758 -0.0282
vn 0.8655 -0.4949 -0.0769
vn -0.9164 -0.1885 0.3531
vn -0.8743 -0.3732 0.3103
vn -0.8547 -0.3518 0.3817
vn -0.9640 -0.1701 0.2042
vn -0.9130 -0.3782 0.1529
vn -0.8961 -0.4232 0.1337
vn -0.8622 -0.4208 0.2819
vn -0.8549 -0.3764 0.3570
vn 0.9364 -0.3410 0.0825
vn 0.9730 -0.1373 0.1854
vn 0.8901 -0.4006 0.2175
vn 0.7427 -0.6281 0.2323
vn 0.7919 -0.6001 0.1133
vn -0.8737 -0.4865 0.0001
vn -0.8853 -0.4630 0.0431
vn -0.8266 -0.5553 -0.0910
vn -0.5357 -0.8439 0.0275
vn -0.6204 -0.7734 0.1304
vn -0.6514 -0.7410 0.1633
vn 0.6430 -0.7597 -0.0968
vn 0.4712 -0.8708 -0.1402
vn 0.8655 -0.4950 -0.0769
vn 0.7239 -0.6889 -0.0382
vn 0.4686 -0.8823 0.0433
vn 0.4154 -0.9094 -0.0208
vn 0.2988 -0.9510 -0.0795
vn 0.0217 -0.9997 0.0075
vn 0.2210 -0.9753 -0.0013
vn 0.2241 -0.9627 -0.1514
vn 0.0075 -0.9878 -0.1554
vn 0.2986 -0.9511 -0.0795
vn 0.1412 -0.9848 -0.1007
vn 0.0061 -0.9941 -0.1082
vn -0.8230 -0.5343 -0.1931
vn -0.7153 -0.6737 -0.1858
vn -0.4896 -0.8402 -0.2333
vn -0.2830 -0.9489 -0.1396
vn -0.4369 -0.8963 -0.0763
vn -0.5356 -0.8440 0.0275
vn -0.5250 -0.8381 -0.1481
vn -0.1671 -0.9859 -0.0128
vn -0.2075 -0.9568 -0.2035
vn -0.4895 -0.8402 -0.2333
vn 0.0060 -0.9941 -0.1082
vn -0.1231 -0.9834 -0.1332
vn -0.2829 -0.9489 -0.1396
vn -0.8706 -0.4868 0.0712
vn -0.8338 -0.5288 0.1586
vn -0.6515 -0.7409 0.1633
vn -0.6318 -0.7576 0.1640
vn -0.5821 -0.7865 0.2063
vn 0.8655 -0.4950 -0.0768
vn 0.7313 -0.6810 0.0387
vn 0.7239 -0.6888 -0.0382
vn 0.8567 -0.5153 0.0232
vn 0.6840 -0.7234 0.0941
vn 0.4851 -0.8575 0.1713
vn 0.4977 -0.8587 0.1223
vn 0.4685 -0.8824 0.0434
vn -0.8549 -0.3764 0.3571
vn -0.8623 -0.4208 0.2819
vn -0.7666 -0.5789 0.2778
vn -0.7003 -0.6235 0.3476
vn -0.8961 -0.4232 0.1338
vn -0.8338 -0.5288 0.1587
vn -0.4952 -0.8215 0.2825
vn -0.3881 -0.8615 0.3273
vn 0.8567 -0.5153 0.0233
vn 0.7917 -0.6003 0.1133
vn 0.5982 -0.7864 0.1541
vn 0.7426 -0.6282 0.2322
vn 0.5349 -0.8104 0.2389
vn 0.3456 -0.9023 0.2578
vn 0.4282 -0.8787 0.2108
vn 0.4852 -0.8575 0.1713
vn -0.1974 -0.9590 0.2032
vn -0.1652 -0.9630 0.2130
vn -0.1469 -0.9756 0.1634
vn -0.1377 -0.9784 0.1542
vn -0.1447 -0.9702 0.1944
vn -0.1539 -0.9697 0.1896
vn 0.0201 -0.9810 0.1929
vn 0.1111 -0.9903 0.0838
vn 0.1465 -0.9829 0.1113
vn 0.1448 -0.9818 0.1227
vn 0.1014 -0.9889 0.1090
vn 0.1565 -0.9810 0.1144
vn 0.1202 -0.9874 0.1029
vn 0.0202 -0.9810 0.1929
vn 0.0452 -0.9979 0.0471
vn 0.0631 -0.9963 0.0589
vn 0.0658 -0.9943 0.0837
vn 0.0611 -0.9938 0.0928
vn 0.1014 -0.9888 0.1091
vn -0.1197 -0.9829 0.1400
vn -0.1600 -0.9693 0.1867
vn -0.0664 -0.9950 0.0747
vn -0.0449 -0.9896 0.1370
vn 0.0088 -0.9992 0.0401
vn 0.0403 -0.9959 0.0813
vn 0.0612 -0.9938 0.0930
vn -0.2422 -0.9481 0.2061
vn -0.2274 -0.9517 0.2061
vn -0.1684 -0.9704 0.1732
vn -0.1425 -0.9744 0.1739
vn -0.1377 -0.9784 0.1543
vn 0.0200 -0.9810 0.1929
vn 0.1827 -0.9764 0.1151
vn 0.1092 -0.9920 0.0637
vn 0.1201 -0.9874 0.1028
vn 0.2307 -0.9594 0.1625
vn 0.1068 -0.9842 0.1414
vn -0.2193 -0.9210 0.3219
vn -0.2480 -0.9323 0.2633
vn -0.1696 -0.9618 0.2150
vn -0.1185 -0.9583 0.2601
vn -0.2421 -0.9481 0.2061
vn 0.0201 -0.9810 0.1930
vn 0.2307 -0.9593 0.1626
vn 0.2782 -0.9194 0.2779
vn 0.1872 -0.9446 0.2696
vn 0.2601 -0.9161 0.3052
vn 0.1646 -0.9467 0.2770
vn 0.0202 -0.9810 0.1930
vn 0.9397 0.2660 0.2151
vn 0.9590 0.1910 0.2092
vn 0.9254 0.3217 0.2003
vn 0.9179 0.3252 0.2273
vn 0.9112 0.3329 0.2426
vn 0.9267 0.3042 0.2205
vn 0.9467 0.2466 0.2072
vn -0.9303 -0.1515 0.3341
vn -0.9668 -0.0217 0.2547
vn -0.8965 -0.2454 0.3689
vn -0.9136 -0.2782 0.2965
vn -0.9329 -0.2247 0.2813
vn -0.9598 -0.1453 0.2403
vn 0.9730 0.0809 0.2161
vn 0.9623 -0.1114 0.2480
vn 0.9682 0.1319 0.2124
vn 0.9605 -0.0876 0.2643
vn -0.8728 -0.3200 0.3686
vn -0.8965 -0.2455 0.3689
vn -0.8743 -0.3318 0.3543
vn -0.8770 -0.3594 0.3189
vn -0.8940 -0.3262 0.3073
vn -0.9136 -0.2783 0.2966
vn 0.8900 -0.4006 0.2176
vn 0.8764 -0.3846 0.2898
vn 0.7653 -0.5723 0.2945
vn 0.9623 -0.1115 0.2480
vn 0.9604 -0.0878 0.2643
vn 0.8776 -0.3505 0.3271
vn 0.8101 -0.4779 0.3396
vn -0.7003 -0.6235 0.3477
vn -0.6843 -0.6329 0.3621
vn -0.3881 -0.8615 0.3274
vn -0.3193 -0.8858 0.3367
vn -0.2978 -0.8829 0.3630
vn -0.6744 -0.6432 0.3626
vn 0.5638 -0.7739 0.2883
vn 0.2979 -0.9107 0.2862
vn 0.7426 -0.6281 0.2323
vn 0.6156 -0.7050 0.3523
vn 0.2880 -0.8917 0.3491
vn 0.0511 -0.9179 0.3934
vn -0.1331 -0.9183 0.3727
vn -0.0811 -0.9465 0.3124
vn 0.0471 -0.9477 0.3156
vn 0.1525 -0.9429 0.2963
vn 0.0472 -0.9477 0.3156
vn 0.2016 -0.9183 0.3406
vn 0.1706 -0.9321 0.3194
vn 0.0226 -0.9342 0.3560
vn 0.2717 -0.9200 0.2826
vn 0.3455 -0.9023 0.2578
vn 0.2977 -0.9107 0.2862
vn 0.1157 -0.9314 0.3452
vn 0.0144 -0.9350 0.3544
vn -0.2657 -0.9073 0.3258
vn -0.1480 -0.9258 0.3479
vn -0.1002 -0.9305 0.3523
vn -0.2977 -0.8830 0.3630
vn -0.4950 -0.8217 0.2825
vn -0.3240 -0.9034 0.2808
vn -0.3460 -0.9107 0.2257
vn -0.6316 -0.7577 0.1641
vn -0.3468 -0.9123 0.2177
vn -0.6513 -0.7410 0.1633
vn -0.3329 -0.9132 0.2352
vn -0.6203 -0.7735 0.1304
vn -0.2876 -0.9309 0.2253
vn -0.3329 -0.9132 0.2351
vn -0.5354 -0.8442 0.0276
vn -0.2209 -0.9633 0.1527
vn -0.5355 -0.8441 0.0275
vn -0.4368 -0.8963 -0.0763
vn -0.1693 -0.9836 0.0616
vn -0.2829 -0.9490 -0.1396
vn -0.1099 -0.9939 -0.0025
vn -0.1230 -0.9834 -0.1331
vn -0.0389 -0.9991 -0.0148
vn -0.1098 -0.9940 -0.0025
vn 0.0215 -0.9998 -0.0022
vn 0.1412 -0.9849 -0.1007
vn 0.0799 -0.9968 0.0091
vn 0.1543 -0.9875 0.0310
vn 0.4151 -0.9095 -0.0208
vn 0.2101 -0.9750 0.0721
vn 0.4683 -0.8825 0.0434
vn 0.2423 -0.9639 0.1102
vn 0.4975 -0.8588 0.1223
vn 0.2904 -0.9448 0.1515
vn 0.4851 -0.8575 0.1714
vn 0.3332 -0.9233 0.1910
vn 0.4282 -0.8788 0.2109
vn 0.3331 -0.9081 0.2539
vn 0.1359 0.8808 0.4535
vn 0.1413 0.6262 0.7668
vn 0.2359 0.6193 0.7489
vn 0.2876 0.8611 0.4192
vn 0.1147 0.0472 0.9923
vn 0.1034 0.0442 0.9937
vn 0.0341 0.0622 0.9975
vn 0.2267 0.6744 0.7027
vn 0.3154 0.8858 0.3404
vn 0.1147 0.0471 0.9923
vn 0.1412 0.6262 0.7668
vn 0.0166 0.6473 0.7620
vn 0.0816 0.0547 0.9952
vn -0.0359 0.8954 0.4439
vn -0.1312 0.9112 0.3904
vn -0.0703 0.6865 0.7237
vn 0.0272 0.0571 0.9980
vn -0.0704 0.6866 0.7236
vn -0.0767 0.8096 0.5820
vn 0.0919 0.1532 0.9839
vn -0.1312 0.9112 0.3905
vn -0.1760 0.9453 0.2747
vn -0.2812 0.9524 0.1174
vn -0.0476 0.9657 0.2552
vn 0.4324 0.6122 0.6620
vn 0.4325 0.6123 0.6618
vn -0.0473 0.9658 0.2551
vn -0.2151 0.9639 0.1568
vn 0.5725 0.7872 0.2293
vn -0.2813 0.9524 0.1174
vn -0.6873 0.7199 0.0970
vn -0.8953 0.4272 0.1261
vn -0.3935 0.9017 0.1790
vn 0.5813 0.8027 0.1329
vn 0.3154 0.8858 0.3403
vn 0.2266 0.6744 0.7028
vn 0.1861 0.8102 0.5558
vn 0.3205 0.9176 0.2350
vn 0.0340 0.0622 0.9975
vn -0.1048 0.2353 0.9663
vn -0.2384 0.6875 0.6859
vn 0.2630 0.9004 0.3466
vn 0.4463 0.8785 0.1704
vn 0.4372 0.8522 0.2874
vn 0.7572 0.6265 0.1847
vn -0.2380 0.6879 0.6857
vn -0.1679 0.9266 0.3364
vn -0.0243 0.9855 0.1681
vn 0.5731 0.7992 0.1810
vn 0.8907 0.4255 0.1601
vn -0.3936 0.9016 0.1791
vn -0.6798 0.6738 0.2895
vn 0.5385 0.8162 0.2094
vn -0.9672 0.1891 0.1694
vn -0.9761 -0.0416 0.2131
vn -0.8434 0.3951 0.3642
vn 0.4878 0.8301 0.2703
vn 0.8908 0.4253 0.1601
vn 0.5732 0.7992 0.1810
vn 0.8125 0.5388 0.2227
vn 0.9599 0.2051 0.1910
vn -0.0447 0.9887 0.1430
vn -0.1801 0.9477 0.2634
vn 0.9008 0.0446 0.4320
vn 0.9416 -0.1329 0.3095
vn 0.4878 0.8300 0.2703
vn -0.8433 0.3952 0.3642
vn -0.9009 0.1647 0.4016
vn 0.4353 0.8427 0.3168
vn -0.9761 -0.0417 0.2131
vn -0.9534 -0.1921 0.2325
vn -0.9339 -0.2680 0.2365
vn -0.9069 0.0171 0.4210
vn 0.3462 0.8402 0.4175
vn 0.3461 0.8401 0.4176
vn -0.9069 0.0170 0.4211
vn -0.8627 -0.1481 0.4836
vn 0.2388 0.7830 0.5744
vn -0.9339 -0.2680 0.2366
vn -0.8957 -0.3602 0.2608
vn -0.8149 -0.4828 0.3208
vn -0.7367 -0.3078 0.6021
vn 0.2074 0.6575 0.7244
vn 0.9416 -0.1330 0.3095
vn 0.9008 0.0445 0.4319
vn 0.8074 -0.2731 0.5229
vn 0.8439 -0.3657 0.3925
vn -0.1802 0.9477 0.2635
vn -0.1154 0.8244 0.5542
vn 0.0880 0.5256 0.8462
vn 0.6956 -0.4021 0.5954
vn 0.7671 -0.4599 0.4472
vn 0.2074 0.6574 0.7244
vn -0.7366 -0.3077 0.6022
vn -0.5164 -0.4589 0.7230
vn 0.1989 0.5760 0.7929
vn -0.8148 -0.4828 0.3208
vn -0.6310 -0.6565 0.4133
vn -0.3066 -0.8318 0.4627
vn -0.2262 -0.5864 0.7778
vn 0.1422 0.5556 0.8192
vn 0.7670 -0.4600 0.4473
vn 0.5038 -0.4952 0.7078
vn 0.5963 -0.6061 0.5264
vn 0.0986 0.3988 0.9117
vn 0.0968 0.3828 0.9187
vn 0.2939 -0.5751 0.7635
vn 0.3102 -0.7784 0.5458
vn -0.0305 -0.6379 0.7695
vn 0.0864 0.5101 0.8558
vn -0.3064 -0.8319 0.4627
vn -0.0745 -0.8909 0.4481
vn 0.0410 -0.8898 0.4545
vn 0.0804 -0.6536 0.7526
vn 0.0839 0.4268 0.9004
vn 0.3101 -0.7784 0.5458
vn 0.2940 -0.5750 0.7635
vn 0.1739 -0.6213 0.7640
vn 0.1403 -0.8556 0.4983
vn 0.1001 0.3867 0.9168
vn 0.0804 -0.6536 0.7525
vn 0.0411 -0.8898 0.4545
vn 0.7982 0.5659 0.2063
vn 0.9257 0.3307 0.1835
vn 0.6709 0.6920 0.2664
vn 0.4267 0.8733 0.2352
vn 0.4401 0.8755 0.1995
vn -0.9749 0.1217 0.1865
vn -0.9398 0.2923 0.1772
vn -0.9723 -0.0816 0.2192
vn -0.9431 -0.2266 0.2434
vn -0.9722 -0.0817 0.2192
vn -0.9136 -0.2783 0.2965
vn -0.9237 -0.2901 0.2503
vn 0.9605 -0.0874 0.2643
vn 0.9651 0.1764 0.1935
vn 0.9558 -0.0959 0.2779
vn -0.8940 -0.3262 0.3072
vn -0.8976 -0.3529 0.2642
vn -0.9237 -0.2902 0.2503
vn -0.8480 -0.4339 0.3044
vn 0.8776 -0.3505 0.3270
vn 0.8670 -0.3439 0.3607
vn 0.8125 -0.4259 0.3981
vn 0.9604 -0.0877 0.2643
vn 0.9557 -0.0962 0.2780
vn -0.6745 -0.6431 0.3626
vn -0.6617 -0.6428 0.3859
vn -0.2978 -0.8829 0.3631
vn -0.2999 -0.8576 0.4178
vn 0.6156 -0.7049 0.3523
vn 0.6418 -0.6174 0.4548
vn 0.3006 -0.8351 0.4607
vn 0.8125 -0.4259 0.3982
vn -0.2977 -0.8829 0.3631
vn -0.0787 -0.9124 0.4016
vn -0.2998 -0.8577 0.4177
vn 0.0242 -0.9140 0.4050
vn 0.0145 -0.9350 0.3544
vn 0.1164 -0.8956 0.4294
vn 0.3005 -0.8351 0.4607
vn -0.2737 0.9206 0.2786
vn -0.5679 0.7664 0.3003
vn -0.7830 0.5962 0.1773
vn -0.2864 0.9368 0.2007
vn -0.8948 0.3489 0.2786
vn -0.9118 0.3124 0.2665
vn -0.9458 0.1386 0.2938
vn -0.9398 0.2923 0.1771
vn -0.8948 0.3489 0.2787
vn -0.8719 0.4179 0.2553
vn -0.8759 0.4037 0.2642
vn -0.9457 0.1387 0.2938
vn 0.1221 0.7392 0.6624
vn 0.1457 0.8208 0.5523
vn 0.3273 0.7587 0.5633
vn 0.3042 0.6419 0.7039
vn 0.1485 0.8832 0.4449
vn 0.3263 0.8501 0.4133
vn 0.3750 0.8632 0.3379
vn 0.3859 0.7684 0.5106
vn 0.3834 0.6472 0.6589
vn 0.1456 0.8208 0.5523
vn -0.0598 0.8606 0.5057
vn -0.0557 0.8999 0.4325
vn 0.1220 0.7392 0.6624
vn -0.0667 0.8076 0.5859
vn -0.1661 0.8064 0.5676
vn -0.1826 0.8655 0.4664
vn -0.1767 0.9079 0.3802
vn -0.1768 0.9079 0.3802
vn -0.1827 0.8655 0.4664
vn -0.2371 0.8670 0.4383
vn -0.2357 0.9206 0.3112
vn -0.2177 0.7884 0.5754
vn -0.2886 0.8106 0.5096
vn -0.2523 0.8788 0.4050
vn -0.2737 0.9206 0.2787
vn 0.3982 0.8143 0.4223
vn 0.4258 0.7173 0.5516
vn 0.3749 0.8633 0.3379
vn 0.3831 0.8871 0.2573
vn 0.4266 0.8733 0.2352
vn 0.4133 0.8378 0.3568
vn -0.0996 0.7305 0.6756
vn -0.0800 0.7788 0.6222
vn 0.1056 0.7191 0.6869
vn -0.1592 0.7879 0.5949
vn -0.2080 0.7745 0.5975
vn 0.3077 0.6365 0.7072
vn 0.4173 0.6330 0.6521
vn 0.4825 0.6837 0.5475
vn 0.5586 0.7060 0.4354
vn 0.4173 0.6330 0.6520
vn -0.0557 0.8999 0.4324
vn -0.0469 0.9022 0.4287
vn 0.1420 0.8873 0.4388
vn -0.1555 0.9137 0.3754
vn -0.2357 0.9207 0.3112
vn -0.2106 0.9360 0.2820
vn -0.2863 0.9369 0.2007
vn 0.3077 0.8612 0.4046
vn 0.3467 0.8791 0.3272
vn 0.1486 0.8832 0.4449
vn 0.4266 0.8734 0.2351
vn 0.3831 0.8872 0.2572
vn 0.3558 0.9043 0.2361
vn 0.4400 0.8756 0.1995
vn 0.3750 0.8633 0.3379
vn 0.3467 0.8790 0.3272
vn -0.2529 0.8789 0.4045
vn -0.5118 0.7828 0.3541
vn -0.5678 0.7664 0.3003
vn 0.6385 0.7046 0.3097
vn 0.9112 0.3330 0.2426
vn 0.9179 0.3253 0.2273
vn -0.0499 0.6052 -0.7945
vn 0.2267 0.5988 -0.7682
vn 0.1036 0.8114 -0.5752
vn -0.0435 0.8234 -0.5658
vn 0.3744 0.7137 -0.5919
vn 0.1349 0.9430 -0.3042
vn 0.0301 0.9522 -0.3041
vn -0.0245 0.9553 -0.2945
vn 0.9023 -0.3544 -0.2455
vn 0.8660 -0.4200 -0.2713
vn 0.3201 -0.9394 0.1224
vn 0.1451 -0.9760 0.1627
vn 0.7594 -0.6439 0.0937
vn 0.1425 -0.9788 0.1470
vn 0.0217 -0.9997 0.0076
vn 0.0205 -0.9904 0.1365
vn 0.0132 -0.9962 0.0858
vn 0.0672 -0.9915 0.1111
vn -0.6700 0.2974 -0.6802
vn -0.2760 0.5909 -0.7581
vn -0.1636 0.8178 -0.5517
vn -0.3385 0.7609 -0.5536
vn -0.0696 0.9542 -0.2911
vn -0.1361 0.9499 -0.2814
vn 0.0216 -0.9997 0.0076
vn -0.1671 -0.9859 -0.0127
vn -0.0874 -0.9862 0.1408
vn 0.0204 -0.9904 0.1365
vn -0.2353 -0.9640 0.1242
vn -0.0896 -0.9863 0.1382
vn -0.0336 -0.9944 0.1002
vn -0.8962 -0.2616 -0.3583
vn -0.8859 -0.2793 -0.3704
vn -0.8223 -0.5683 0.0299
vn -0.0007 0.9958 -0.0912
vn -0.0101 0.9967 -0.0811
vn 0.0475 0.9956 -0.0813
vn 0.4637 -0.8502 0.2494
vn 0.0720 -0.9943 0.0790
vn 0.0335 -0.9992 0.0237
vn 0.0076 -1.0000 0.0048
vn -0.0179 0.9963 -0.0835
vn -0.0499 0.9963 -0.0706
vn -0.0101 0.9967 -0.0810
vn -0.0153 -0.9998 0.0142
vn 0.0075 -1.0000 0.0048
vn -0.0452 -0.9976 0.0516
vn -0.4907 -0.8400 0.2315
vn 0.4022 0.2489 -0.8811
vn -0.0109 -0.2054 -0.9786
vn 0.0312 -0.2047 -0.9783
vn 0.3866 0.1922 -0.9020
vn -0.2512 -0.6171 -0.7457
vn -0.2395 -0.5339 -0.8109
vn -0.4186 -0.3983 -0.8162
vn -0.2994 -0.1297 -0.9453
vn 0.1028 0.2058 -0.9732
vn 0.7022 0.7083 -0.0722
vn 0.7042 0.7077 -0.0572
vn 0.6878 0.7240 -0.0520
vn 0.6844 0.7270 -0.0553
vn 0.7088 0.7016 -0.0734
vn 0.6918 0.7200 -0.0554
vn -0.0754 0.9954 -0.0583
vn -0.0823 0.9949 -0.0582
vn -0.0895 0.9943 -0.0581
vn -0.2380 -0.3037 0.9226
vn -0.0173 0.2214 0.9750
vn -0.0021 0.2100 0.9777
vn -0.2681 -0.2093 0.9404
vn 0.3293 0.5821 0.7434
vn 0.3226 0.5327 0.7824
vn 0.0322 0.5488 0.8354
vn -0.3434 0.2397 0.9081
vn -0.4625 -0.0699 0.8838
vn -0.3651 -0.9266 0.0901
vn -0.3538 -0.9310 0.0904
vn -0.5526 -0.8312 0.0619
vn -0.5597 -0.8264 0.0616
vn -0.3425 -0.9351 0.0906
vn -0.5454 -0.8359 0.0622
vn -0.9143 -0.4043 0.0248
vn -0.9154 -0.4018 0.0247
vn -0.9163 -0.3997 0.0246
vn -0.0752 0.9955 -0.0583
vn -0.9919 0.1270 -0.0060
vn -0.9919 0.1270 -0.0061
vn -0.0822 0.9949 -0.0583
vn -0.9164 -0.3994 0.0246
vn -0.9155 -0.4017 0.0247
vn -0.9144 -0.4040 0.0248
vn -0.0892 0.9943 -0.0582
vn 0.7181 0.6903 -0.0881
vn 0.6971 0.7146 -0.0580
vn 0.7263 0.6836 -0.0716
vn 0.7017 0.7104 -0.0541
vn -0.0612 0.9964 -0.0584
vn -0.0684 0.9960 -0.0583
vn -0.0611 0.9964 -0.0583
vn -0.0682 0.9960 -0.0583
vn -0.9184 -0.3949 0.0243
vn -0.9174 -0.3971 0.0244
vn -0.3876 -0.9175 0.0895
vn -0.3763 -0.9221 0.0898
vn -0.5668 -0.8216 0.0612
vn -0.5738 -0.8167 0.0609
vn -0.9173 -0.3973 0.0245
vn -0.9183 -0.3951 0.0243
vn 0.7214 0.6488 -0.2420
vn 0.6960 0.6515 -0.3019
vn -0.0650 0.8813 -0.4681
vn -0.8762 -0.4240 -0.2290
vn -0.9324 0.0903 -0.3501
vn -0.0649 0.8813 -0.4680
vn -0.2513 -0.6172 -0.7456
vn -0.3951 -0.9110 -0.1186
vn -0.5368 -0.8227 -0.1873
vn -0.2396 -0.5339 -0.8109
vn -0.4187 -0.3983 -0.8161
vn -0.3523 -0.8813 0.3149
vn -0.5282 -0.7791 0.3376
vn -0.8825 -0.3641 0.2978
vn -0.9298 0.1951 0.3121
vn -0.1061 0.9567 0.2712
vn -0.4626 -0.0699 0.8838
vn 0.0321 0.5488 0.8354
vn 0.6649 0.7388 0.1101
vn 0.6427 0.7436 0.1843
vn -0.1062 0.9566 0.2712
vn -0.4451 -0.8186 -0.3631
vn -0.3489 -0.0652 -0.9349
vn -0.3282 -0.0424 -0.9437
vn -0.4205 -0.8772 -0.2317
vn 0.2872 0.7781 -0.5586
vn 0.3237 0.8374 -0.4405
vn 0.3701 0.8453 -0.3854
vn 0.1834 -0.2761 -0.9435
vn -0.3481 -0.9286 -0.1282
vn 0.2779 0.9136 0.2967
vn -0.2921 0.3537 0.8886
vn -0.2827 0.3497 0.8932
vn 0.3176 0.9298 0.1861
vn -0.4217 -0.6559 0.6260
vn -0.4061 -0.7707 0.4910
vn -0.3231 -0.8546 0.4065
vn 0.1962 0.1149 0.9738
vn 0.3639 0.9208 0.1405
vn -0.2806 -0.9500 0.1372
vn -0.2847 -0.9488 0.1372
vn -0.2733 -0.9513 0.1426
vn -0.2699 -0.9516 0.1467
vn -0.2920 -0.9470 0.1338
vn -0.2800 -0.9501 0.1375
vn -0.2739 -0.9520 0.1369
vn -0.2700 -0.9516 0.1470
vn -0.2368 -0.9593 0.1536
vn -0.2448 -0.9586 0.1458
vn -0.2351 -0.9591 0.1575
vn -0.3240 -0.9448 0.0494
vn -0.3032 -0.9497 0.0778
vn -0.2567 -0.9652 0.0507
vn -0.2416 -0.9651 0.1010
vn -0.2714 -0.9540 0.1277
vn 0.5034 0.8534 -0.1355
vn 0.4661 0.8747 -0.1327
vn 0.5089 0.8467 -0.1555
vn 0.4764 0.8627 -0.1695
vn 0.4453 0.8782 -0.1744
vn 0.4372 0.8941 -0.0974
vn 0.4515 0.8792 -0.1522
vn 0.4568 0.8634 -0.2139
vn 0.4731 0.8514 -0.2266
vn 0.4372 0.8680 -0.2353
vn 0.4705 0.8728 -0.1296
vn 0.4381 0.8884 -0.1374
vn 0.4423 0.8851 -0.1447
vn 0.4350 0.8742 -0.2156
vn 0.4175 0.8748 -0.2458
vn 0.4024 0.8759 -0.2663
vn 0.9225 -0.3795 0.0706
vn 0.9028 -0.4158 -0.1098
vn 0.0294 -0.9980 0.0558
vn 0.8473 -0.4639 -0.2587
vn 0.9144 -0.3387 -0.2215
vn 0.9379 -0.1809 -0.2961
vn 0.6241 0.7356 -0.2633
vn 0.8786 0.3919 -0.2730
vn 0.6939 -0.3925 -0.6037
vn 0.3138 -0.9473 -0.0639
vn 0.4720 0.8810 -0.0329
vn 0.4385 0.8978 -0.0400
vn 0.4993 0.8615 -0.0923
vn 0.4772 0.8745 -0.0874
vn 0.4305 0.8974 -0.0970
vn 0.3914 0.9192 -0.0422
vn 0.3904 0.9175 -0.0761
vn 0.4277 0.9006 -0.0774
vn 0.4925 0.8630 -0.1129
vn 0.4618 0.8791 -0.1179
vn 0.4323 0.9016 -0.0161
vn 0.4029 0.9122 -0.0747
vn 0.4076 0.9011 -0.1479
vn -0.2924 -0.9302 0.2221
vn -0.2794 -0.9392 0.1995
vn -0.2691 -0.9529 0.1396
vn -0.2651 -0.9525 0.1500
vn -0.2485 -0.9548 0.1633
vn -0.2357 -0.9602 0.1497
vn -0.1817 -0.9641 0.1939
vn -0.2189 -0.9438 0.2476
vn -0.2756 -0.9511 0.1394
vn -0.2664 -0.9515 0.1539
vn -0.2300 -0.9579 0.1716
vn -0.2022 -0.9603 0.1924
vn -0.2485 -0.9516 0.1810
vn 0.6964 0.7170 0.0313
vn 0.8939 -0.3719 0.2504
vn 0.4619 -0.8109 0.3592
vn 0.8520 -0.3121 0.4204
vn 0.5516 0.8336 0.0291
vn 0.1389 -0.9331 0.3317
vn 0.6394 -0.1213 0.7592
vn 0.9080 0.1710 0.3824
vn 0.7765 -0.4491 0.4420
vn -0.3293 -0.9368 0.1182
vn -0.3656 -0.9305 -0.0234
vn -0.3239 -0.9448 0.0494
vn -0.3978 -0.7053 -0.5868
vn -0.4450 -0.8186 -0.3631
vn -0.3071 -0.9442 0.1188
vn -0.3178 -0.9406 0.1192
vn -0.2847 -0.9487 0.1372
vn -0.2692 -0.9529 0.1395
vn -0.2870 -0.9505 0.1191
vn -0.2974 -0.9473 0.1189
vn -0.4218 -0.6558 0.6261
vn -0.3538 -0.4559 0.8167
vn -0.3100 -0.9132 0.2644
vn 0.2779 0.9136 0.2968
vn 0.2431 0.7939 0.5573
vn -0.1726 0.2980 0.9388
vn 0.5773 0.8108 -0.0966
vn 0.5449 0.8381 -0.0261
vn 0.5686 0.8153 -0.1094
vn 0.5672 0.8218 -0.0547
vn 0.5090 0.8466 -0.1555
vn 0.6088 0.7848 -0.1161
vn 0.5845 0.7947 -0.1636
vn 0.2916 0.5453 -0.7859
vn 0.5963 0.7818 -0.1823
vn -0.3978 -0.7052 -0.5869
vn -0.2156 -0.1271 -0.9682
vn -0.5366 0.2648 0.8012
vn 0.1022 0.0549 0.9932
vn 0.0435 0.0509 0.9978
vn -0.5118 0.2299 0.8278
vn 0.5447 -0.2652 0.7956
vn 0.4754 -0.1625 0.8646
vn 0.5731 -0.0024 0.8195
vn 0.3415 0.2089 0.9164
vn -0.2447 0.3664 0.8977
vn -0.9468 0.3199 -0.0357
vn -0.9477 0.3165 -0.0417
vn -0.9462 0.3198 -0.0489
vn -0.9452 0.3230 -0.0485
vn -0.9489 0.3138 -0.0342
vn -0.9473 0.3168 -0.0472
vn -0.4435 0.8817 -0.1608
vn -0.4363 0.8852 -0.1614
vn -0.4293 0.8885 -0.1620
vn 0.4434 -0.4004 -0.8019
vn -0.0463 -0.0526 -0.9975
vn -0.0788 -0.0533 -0.9955
vn 0.3901 -0.2899 -0.8739
vn -0.5796 0.1754 -0.7958
vn -0.5636 0.1399 -0.8141
vn -0.2976 0.2573 -0.9194
vn 0.2486 0.1043 -0.9630
vn 0.5022 -0.1076 -0.8580
vn 0.7739 -0.6279 0.0822
vn 0.7688 -0.6341 0.0832
vn 0.8864 -0.4574 0.0709
vn 0.8889 -0.4527 0.0700
vn 0.7633 -0.6405 0.0842
vn 0.8839 -0.4622 0.0717
vn 0.9996 -0.0291 0.0019
vn 0.9996 -0.0278 0.0017
vn 0.9996 -0.0265 0.0015
vn -0.4434 0.8818 -0.1607
vn 0.9010 0.4260 -0.0817
vn -0.4364 0.8852 -0.1614
vn 0.9996 -0.0265 0.0014
vn 0.9996 -0.0277 0.0017
vn 0.9996 -0.0290 0.0019
vn -0.4292 0.8886 -0.1621
vn -0.9505 0.3094 -0.0268
vn -0.9486 0.3131 -0.0456
vn -0.9521 0.3040 -0.0327
vn -0.9498 0.3094 -0.0461
vn -0.4574 0.8748 -0.1595
vn -0.4505 0.8783 -0.1601
vn -0.4575 0.8748 -0.1594
vn 0.9010 0.4261 -0.0817
vn 0.9997 -0.0237 0.0010
vn 0.9997 -0.0252 0.0012
vn 0.7843 -0.6152 0.0802
vn 0.7792 -0.6215 0.0812
vn 0.8914 -0.4479 0.0693
vn 0.8937 -0.4434 0.0686
vn 0.9997 -0.0240 0.0010
vn -0.9408 0.3151 0.1251
vn -0.9297 0.3231 0.1767
vn -0.4023 0.8806 0.2503
vn 0.9721 -0.0045 0.2347
vn 0.8504 0.4611 0.2535
vn -0.4025 0.8806 0.2502
vn 0.5448 -0.2652 0.7955
vn 0.7816 -0.5654 0.2634
vn 0.8617 -0.4142 0.2931
vn 0.4755 -0.1625 0.8646
vn 0.5732 -0.0024 0.8194
vn 0.7535 -0.6455 -0.1244
vn 0.8528 -0.4908 -0.1784
vn 0.9667 -0.0625 -0.2483
vn 0.8239 0.4011 -0.4003
vn -0.3769 0.7992 -0.4682
vn 0.9667 -0.0624 -0.2483
vn 0.5023 -0.1075 -0.8580
vn -0.2975 0.2574 -0.9194
vn -0.9284 0.3118 -0.2023
vn -0.9163 0.3031 -0.2617
vn -0.3769 0.7992 -0.4683
vn 0.4511 -0.7290 0.5148
vn 0.3729 0.0924 0.9232
vn 0.3283 0.0921 0.9401
vn 0.2705 -0.8678 0.4168
vn -0.2535 0.8557 0.4512
vn -0.1597 0.9412 0.2978
vn -0.1592 0.9607 0.2275
vn -0.2425 0.0012 0.9701
vn 0.1383 -0.9296 0.3417
vn -0.2728 0.7651 -0.5833
vn 0.3256 0.0548 -0.9439
vn 0.3568 0.0439 -0.9331
vn -0.1305 0.8673 -0.4803
vn 0.4402 -0.8040 -0.3998
vn 0.2824 -0.9240 -0.2578
vn 0.1372 -0.9755 -0.1718
vn -0.2072 -0.0888 -0.9743
vn -0.1209 0.8954 -0.4285
vn 0.2654 -0.9598 0.0914
vn 0.2635 -0.9615 0.0784
vn 0.0920 -0.9883 0.1215
vn 0.0941 -0.9921 0.0825
vn 0.3176 -0.9453 0.0746
vn 0.1139 -0.9896 0.0873
vn 0.0255 -0.9938 0.1084
vn 0.0708 -0.9835 0.1666
vn 0.0643 -0.9880 0.1404
vn 0.0422 -0.9919 0.1200
vn 0.0251 -0.9973 0.0688
vn 0.3268 -0.9311 0.1622
vn 0.1122 -0.9879 0.1069
vn 0.0345 -0.9918 0.1234
vn 0.0495 -0.9971 0.0575
vn 0.0414 -0.9988 0.0252
vn -0.5118 0.8577 -0.0483
vn -0.2951 0.9547 -0.0383
vn -0.5339 0.8451 -0.0280
vn -0.3279 0.9441 -0.0332
vn -0.2136 0.9756 -0.0504
vn -0.2213 0.9742 -0.0454
vn -0.2630 0.9647 0.0135
vn -0.2524 0.9654 0.0650
vn -0.4571 0.8890 0.0292
vn -0.2692 0.9631 -0.0077
vn -0.4604 0.8837 -0.0844
vn -0.2702 0.9592 -0.0833
vn -0.2422 0.9675 -0.0731
vn -0.2413 0.9700 -0.0282
vn -0.2491 0.9680 -0.0288
vn -0.2166 0.9758 -0.0291
vn -0.9855 -0.1682 -0.0229
vn -0.9724 -0.1440 0.1838
vn -0.2041 -0.9636 0.1728
vn -0.9337 0.0247 0.3572
vn -0.9420 -0.0314 0.3340
vn -0.9280 -0.0997 0.3591
vn -0.4606 0.8856 0.0592
vn -0.7297 0.6450 0.2268
vn -0.7134 -0.0552 0.6985
vn -0.4003 -0.8720 0.2816
vn -0.4585 0.8659 -0.1999
vn -0.2651 0.9500 -0.1651
vn -0.5340 0.8329 -0.1451
vn -0.3282 0.9313 -0.1578
vn -0.1899 0.9726 -0.1344
vn -0.1893 0.9737 -0.1269
vn -0.2163 0.9703 -0.1081
vn -0.2291 0.9660 -0.1196
vn -0.5213 0.8450 -0.1196
vn -0.2934 0.9434 -0.1548
vn -0.2180 0.9352 -0.2790
vn -0.2093 0.9502 -0.2311
vn -0.1856 0.9700 -0.1572
vn 0.3105 -0.9503 0.0251
vn 0.0888 -0.9922 0.0879
vn 0.3050 -0.9455 0.1143
vn 0.0957 -0.9904 0.1001
vn -0.0093 -0.9981 0.0607
vn -0.0054 -0.9864 0.1640
vn -0.0076 -0.9895 0.1445
vn -0.0083 -0.9973 0.0728
vn 0.2580 -0.9601 0.1078
vn 0.0801 -0.9957 0.0473
vn 0.0258 -0.9995 0.0199
vn 0.0297 -0.9995 -0.0143
vn 0.0391 -0.9991 -0.0187
vn -0.5510 0.8016 -0.2320
vn -0.9576 -0.1776 -0.2269
vn -0.7952 -0.5259 -0.3017
vn -0.8912 -0.2144 -0.3998
vn -0.4199 0.8622 -0.2834
vn -0.1518 -0.9876 -0.0408
vn -0.6746 -0.1481 -0.7231
vn -0.4064 -0.9060 -0.1181
vn -0.8148 0.3371 -0.4717
vn 0.3180 -0.9452 0.0746
vn 0.6326 -0.7715 0.0674
vn 0.6616 -0.7192 0.2121
vn 0.6219 -0.4267 0.6566
vn 0.4511 -0.7291 0.5147
vn 0.6011 -0.7946 0.0852
vn 0.6127 -0.7875 0.0660
vn 0.2636 -0.9614 0.0784
vn 0.3051 -0.9454 0.1143
vn 0.6118 -0.7845 0.1015
vn 0.6025 -0.7914 0.1034
vn 0.2582 -0.9600 0.1079
vn 0.4402 -0.8039 -0.3998
vn 0.5526 -0.5437 -0.6317
vn 0.6291 -0.7752 -0.0579
vn 0.3107 -0.9502 0.0252
vn -0.2730 0.7650 -0.5833
vn -0.5031 0.4529 -0.7360
vn 0.1393 0.0203 -0.9900
vn 0.3255 0.0548 -0.9440
vn -0.5341 0.8329 -0.1451
vn -0.8307 0.5507 -0.0809
vn -0.8224 0.5508 -0.1427
vn -0.5214 0.8449 -0.1196
vn -0.4606 0.8836 -0.0844
vn -0.8134 0.5791 -0.0558
vn -0.8158 0.5676 -0.1106
vn -0.5340 0.8450 -0.0281
vn -0.8394 0.5428 -0.0288
vn -0.8206 0.5715 0.0014
vn -0.4573 0.8888 0.0292
vn -0.4604 0.5586 0.6900
vn -0.8342 0.5505 0.0335
vn -0.5120 0.8576 -0.0483
vn 0.6218 -0.4267 0.6567
vn 0.2865 0.1088 0.9519
vn 0.8667 0.4517 -0.2116
vn 0.6073 0.7062 -0.3639
vn 0.6086 0.6553 -0.4475
vn 0.8706 0.4257 -0.2466
vn 0.2781 0.8476 -0.4519
vn 0.2735 0.8164 -0.5086
vn 0.1371 0.6696 0.7300
vn -0.0844 0.9052 -0.4165
vn -0.1008 0.8593 -0.5014
vn -0.4575 0.8326 -0.3121
vn -0.4698 0.8111 -0.3485
vn -0.7603 0.6412 -0.1037
vn -0.7580 0.6317 -0.1625
vn -0.9329 0.3378 0.1252
vn -0.9045 0.4062 0.1302
vn -0.9346 -0.0209 0.3550
vn -0.9324 0.0599 0.3564
vn -0.7957 -0.3078 0.5216
vn -0.7769 -0.1363 0.6147
vn -0.5471 -0.5570 0.6248
vn -0.5451 -0.4546 0.7044
vn -0.2485 -0.6825 0.6873
vn -0.2075 -0.4990 0.8414
vn 0.0765 -0.7364 0.6722
vn 0.1178 -0.6453 0.7548
vn 0.4308 -0.6607 0.6148
vn 0.4926 -0.5015 0.7112
vn 0.7221 -0.4974 0.4808
vn 0.7627 -0.4276 0.4853
vn 0.9423 -0.2015 0.2675
vn 0.9538 -0.1283 0.2715
vn 0.9900 0.1378 0.0292
vn 0.9913 0.1285 -0.0296
vn 0.8668 0.4517 -0.2115
vn 0.8707 0.4255 -0.2466
vn 0.1302 0.1018 -0.9862
vn 0.7378 0.3879 -0.5524
vn 0.8960 0.0936 -0.4341
vn 0.1235 0.0869 -0.9885
vn 0.8767 0.4684 -0.1092
vn 0.9902 0.0950 0.1021
vn 0.9006 -0.2968 0.3176
vn 0.9210 -0.2858 -0.2648
vn 0.1336 0.0746 -0.9882
vn 0.5074 0.5866 -0.6312
vn 0.6155 0.7430 -0.2629
vn 0.1148 0.1036 -0.9880
vn 0.1090 0.1180 -0.9870
vn 0.2521 0.7010 -0.6671
vn 0.2838 0.8998 -0.3313
vn -0.0270 0.7397 -0.6724
vn -0.0862 0.9447 -0.3164
vn 0.0966 0.1088 -0.9894
vn 0.0825 0.1155 -0.9899
vn -0.3353 0.6957 -0.6353
vn -0.4714 0.8560 -0.2122
vn -0.6390 0.5347 -0.5530
vn -0.7933 0.6079 -0.0342
vn 0.0806 0.0992 -0.9918
vn 0.0656 0.0942 -0.9934
vn -0.8839 0.2338 -0.4051
vn -0.9555 0.2370 0.1758
vn -0.9623 -0.1453 -0.2299
vn -0.9269 -0.1348 0.3502
vn 0.0762 0.0817 -0.9937
vn 0.0701 0.0678 -0.9952
vn -0.8547 -0.5164 -0.0537
vn -0.7655 -0.4362 0.4730
vn -0.6096 -0.7899 0.0665
vn -0.5352 -0.6438 0.5469
vn 0.0851 0.0660 -0.9942
vn 0.0907 0.0526 -0.9945
vn -0.2833 -0.9504 0.1287
vn -0.2650 -0.7664 0.5851
vn 0.0831 -0.9892 0.1204
vn 0.0314 -0.8067 0.5901
vn 0.1024 0.0610 -0.9929
vn 0.1161 0.0546 -0.9917
vn 0.4497 -0.8919 0.0478
vn 0.3442 -0.7553 0.5577
vn 0.7610 -0.6416 -0.0957
vn 0.6557 -0.5900 0.4711
vn 0.1182 0.0696 -0.9905
vn 0.0996 0.0842 -0.9915
vn 0.8767 0.4685 -0.1092
vn 0.6069 0.7391 -0.2923
vn 0.8665 0.4805 -0.1355
vn 0.2830 0.8892 -0.3594
vn -0.0863 0.9447 -0.3164
vn -0.0769 0.9357 -0.3442
vn -0.4715 0.8560 -0.2122
vn -0.4528 0.8599 -0.2357
vn -0.7677 0.6384 -0.0557
vn -0.9424 0.2917 0.1636
vn -0.9312 -0.0797 0.3557
vn -0.7797 -0.3883 0.4912
vn -0.5420 -0.6110 0.5771
vn -0.2603 -0.7415 0.6183
vn 0.0313 -0.8067 0.5901
vn 0.0502 -0.7814 0.6220
vn 0.3791 -0.7217 0.5793
vn 0.6556 -0.5900 0.4711
vn 0.6880 -0.5455 0.4787
vn 0.9005 -0.2969 0.3177
vn 0.9205 -0.2442 0.3052
vn 0.9902 0.0949 0.1022
vn 0.9880 0.1335 0.0778
vn 0.8665 0.4804 -0.1355
vn -0.7451 0.6315 -0.2146
vn -0.9066 0.4124 0.0893
vn -0.9386 0.3450 0.0026
vn -0.7550 0.6009 -0.2626
vn -0.9223 0.1446 0.3584
vn -0.9541 0.1025 0.2813
vn 0.0515 0.7361 0.6750
vn -0.7767 -0.1011 0.6217
vn -0.8223 -0.1660 0.5443
vn -0.5204 -0.3232 0.7904
vn -0.5597 -0.3460 0.7530
vn -0.1531 -0.4587 0.8753
vn -0.2035 -0.4916 0.8467
vn 0.2324 -0.5113 0.8274
vn 0.1796 -0.4729 0.8626
vn 0.6076 -0.4539 0.6517
vn 0.5575 -0.4401 0.7039
vn 0.8542 -0.3126 0.4154
vn 0.8020 -0.2192 0.5556
vn 0.9881 -0.1094 0.1079
vn 0.9744 -0.0609 0.2165
vn 0.9817 0.1221 -0.1459
vn 0.9686 0.2460 0.0374
vn 0.8519 0.3475 -0.3918
vn 0.8600 0.4128 -0.3002
vn 0.6182 0.5658 -0.5457
vn 0.6143 0.6745 -0.4095
vn 0.3000 0.7198 -0.6260
vn 0.2891 0.7535 -0.5905
vn -0.0785 0.8024 -0.5916
vn -0.0893 0.8340 -0.5445
vn -0.4485 0.7772 -0.4414
vn -0.4724 0.7422 -0.4753
vn -0.7450 0.6316 -0.2147
vn -0.7549 0.6010 -0.2627
vn -0.6232 -0.7028 -0.3432
vn -0.9158 0.2424 -0.3203
vn -0.7052 0.3694 -0.6052
vn -0.6105 -0.7104 -0.3502
vn -0.7078 0.6889 -0.1561
vn -0.4178 0.8004 -0.4299
vn -0.0556 0.7926 -0.6073
vn -0.3755 0.4075 -0.8324
vn -0.6070 -0.7059 -0.3649
vn -0.9983 0.0488 -0.0319
vn -0.8648 0.4753 0.1618
vn -0.6170 -0.7131 -0.3329
vn -0.6237 -0.7138 -0.3184
vn -0.9628 -0.1612 0.2170
vn -0.8615 0.2135 0.4608
vn -0.8310 -0.3768 0.4092
vn -0.7111 -0.0523 0.7011
vn -0.6117 -0.7242 -0.3185
vn -0.6089 -0.7321 -0.3054
vn -0.6140 -0.5758 0.5399
vn -0.4339 -0.2837 0.8551
vn -0.3250 -0.7445 0.5831
vn -0.0661 -0.4489 0.8911
vn -0.5978 -0.7366 -0.3163
vn -0.5873 -0.7471 -0.3114
vn 0.0258 -0.8516 0.5236
vn 0.3359 -0.5147 0.7888
vn 0.3681 -0.8643 0.3429
vn 0.6781 -0.4694 0.5655
vn -0.5842 -0.7429 -0.3268
vn -0.5721 -0.7494 -0.3333
vn 0.6470 -0.7597 0.0657
vn 0.9031 -0.3299 0.2750
vn 0.7851 -0.5670 -0.2492
vn 0.9904 -0.1372 -0.0182
vn -0.5785 -0.7398 -0.3435
vn -0.5721 -0.7385 -0.3568
vn 0.7753 -0.3172 -0.5462
vn 0.9570 0.0814 -0.2783
vn 0.6215 -0.0642 -0.7808
vn 0.8218 0.3019 -0.4831
vn -0.5835 -0.7293 -0.3573
vn -0.5858 -0.7212 -0.3697
vn 0.3527 0.1654 -0.9210
vn 0.5986 0.5098 -0.6179
vn -0.0027 0.3313 -0.9435
vn 0.2977 0.6836 -0.6664
vn -0.5966 -0.7172 -0.3601
vn -0.5973 -0.7270 -0.3385
vn -0.8754 0.4594 0.1501
vn -0.7175 0.6788 -0.1565
vn -0.8614 0.2136 0.4608
vn -0.8749 0.2033 0.4396
vn -0.7322 -0.0569 0.6787
vn -0.4631 -0.2798 0.8410
vn -0.1048 -0.4384 0.8927
vn 0.2938 -0.5025 0.8131
vn 0.6782 -0.4694 0.5655
vn 0.6468 -0.4592 0.6089
vn 0.8857 -0.3247 0.3317
vn 0.9911 -0.1282 0.0345
vn 0.9685 0.0914 -0.2318
vn 0.8219 0.3019 -0.4831
vn 0.8354 0.3189 -0.4477
vn 0.6073 0.5299 -0.5919
vn 0.2983 0.7025 -0.6462
vn -0.0555 0.7926 -0.6072
vn -0.0642 0.8041 -0.5910
vn -0.4307 0.7994 -0.4189
vn -0.7077 0.6890 -0.1561
vn -0.7174 0.6788 -0.1567
vn 0.4507 0.8380 -0.3075
vn 0.0966 0.8738 -0.4766
vn 0.1296 0.8228 -0.5533
vn 0.4701 0.8148 -0.3394
vn -0.2508 0.7863 -0.5647
vn -0.2348 0.7512 -0.6169
vn -0.2983 0.7121 0.6355
vn -0.5806 0.6277 -0.5186
vn -0.5647 0.5704 -0.5964
vn -0.8456 0.3668 -0.3879
vn -0.8420 0.3378 -0.4207
vn -0.9876 0.0642 -0.1430
vn -0.9784 0.0503 -0.2003
vn -0.9594 -0.2509 0.1292
vn -0.9760 -0.1787 0.1246
vn -0.7599 -0.5118 0.4007
vn -0.8050 -0.4451 0.3922
vn -0.4856 -0.6415 0.5938
vn -0.5725 -0.4805 0.6644
vn -0.1418 -0.6854 0.7142
vn -0.2020 -0.5916 0.7805
vn 0.1721 -0.6060 0.7766
vn 0.0946 -0.4148 0.9050
vn 0.4685 -0.4636 0.7521
vn 0.4469 -0.3557 0.8208
vn 0.7150 -0.2051 0.6683
vn 0.6703 -0.0287 0.7416
vn 0.8618 0.0777 0.5013
vn 0.8543 0.1580 0.4952
vn 0.8761 0.4163 0.2430
vn 0.8431 0.4825 0.2375
vn 0.7258 0.6870 -0.0368
vn 0.7339 0.6727 -0.0940
vn 0.4509 0.8380 -0.3074
vn 0.4702 0.8148 -0.3391
vn 0.0770 0.0314 -0.9965
vn 0.3930 0.6686 -0.6313
vn 0.6887 0.5379 -0.4861
vn 0.0802 0.0153 -0.9967
vn 0.4460 0.8704 -0.2086
vn 0.7485 0.6619 0.0407
vn 0.8959 0.3218 0.3063
vn 0.9238 0.2682 -0.2734
vn 0.0955 0.0113 -0.9954
vn 0.0926 0.6855 -0.7221
vn 0.0789 0.9211 -0.3813
vn 0.0634 0.0238 -0.9977
vn 0.0503 0.0322 -0.9982
vn -0.1805 0.6256 -0.7590
vn -0.2800 0.8470 -0.4518
vn -0.4301 0.4948 -0.7551
vn -0.6079 0.6712 -0.4242
vn 0.0456 0.0173 -0.9988
vn 0.0303 0.0144 -0.9994
vn -0.6569 0.2859 -0.6977
vn -0.8735 0.3904 -0.2910
vn -0.8135 -0.0089 -0.5815
vn -0.9973 0.0271 -0.0684
vn 0.0382 0.0001 -0.9993
vn 0.0289 -0.0129 -0.9995
vn -0.8432 -0.3741 -0.3861
vn -0.9209 -0.3387 0.1928
vn -0.6928 -0.7026 -0.1625
vn -0.6875 -0.5997 0.4095
vn 0.0448 -0.0169 -0.9989
vn 0.0480 -0.0318 -0.9983
vn -0.3954 -0.9170 0.0518
vn -0.3852 -0.7337 0.5598
vn -0.0409 -0.9805 0.1920
vn -0.0796 -0.7585 0.6468
vn 0.0612 -0.0244 -0.9978
vn 0.0735 -0.0320 -0.9968
vn 0.3158 -0.9134 0.2570
vn 0.2104 -0.6963 0.6862
vn 0.6371 -0.7340 0.2354
vn 0.4750 -0.5568 0.6814
vn 0.0782 -0.0183 -0.9968
vn 0.0930 -0.0155 -0.9955
vn 0.8815 -0.4530 0.1334
vn 0.7010 -0.3387 0.6276
vn 0.9945 -0.0895 -0.0546
vn 0.8616 -0.0365 0.5062
vn 0.0859 -0.0020 -0.9963
vn 0.0623 -0.0010 -0.9981
vn 0.0750 0.9092 -0.4096
vn 0.4315 0.8708 -0.2356
vn -0.2737 0.8344 -0.4784
vn -0.6080 0.6712 -0.4241
vn -0.5942 0.6659 -0.4511
vn -0.8735 0.3904 -0.2909
vn -0.8598 0.4013 -0.3157
vn -0.9935 0.0637 -0.0947
vn -0.9209 -0.3388 0.1928
vn -0.9416 -0.2887 0.1734
vn -0.7232 -0.5570 0.4084
vn -0.4250 -0.7010 0.5727
vn -0.1051 -0.7320 0.6731
vn 0.2104 -0.6962 0.6863
vn 0.1988 -0.6693 0.7159
vn 0.4747 -0.5215 0.7090
vn 0.7093 -0.2887 0.6431
vn 0.8616 -0.0365 0.5063
vn 0.8619 0.0191 0.5068
vn 0.8959 0.3217 0.3064
vn 0.8820 0.3741 0.2866
vn 0.7252 0.6884 0.0120
vn 0.4461 0.8703 -0.2085
vn 0.4316 0.8708 -0.2356
vn -0.4332 -0.7649 -0.4767
vn 0.7095 -0.3393 -0.6176
vn 0.7419 -0.5837 -0.3300
vn -0.4414 -0.7686 -0.4631
vn 0.9168 0.0019 -0.3994
vn 0.9614 -0.2494 -0.1162
vn 0.8706 -0.4490 0.2010
vn 0.6440 -0.7649 -0.0168
vn -0.4347 -0.7782 -0.4532
vn 0.5457 -0.0797 -0.8342
vn 0.7486 0.2641 -0.6082
vn -0.4469 -0.7569 -0.4768
vn -0.4494 -0.7472 -0.4896
vn 0.2807 0.1631 -0.9458
vn 0.4839 0.5029 -0.7162
vn -0.0491 0.3443 -0.9376
vn 0.1592 0.6853 -0.7107
vn -0.4621 -0.7460 -0.4795
vn -0.4736 -0.7361 -0.4837
vn -0.3876 0.4430 -0.8084
vn -0.1813 0.7866 -0.5903
vn -0.6885 0.4366 -0.5791
vn -0.4915 0.7889 -0.3688
vn -0.4775 -0.7427 -0.4694
vn -0.4907 -0.7381 -0.4630
vn -0.8979 0.3352 -0.2855
vn -0.7211 0.6886 -0.0758
vn -0.9891 0.1451 0.0258
vn -0.8329 0.4958 0.2459
vn -0.4840 -0.7486 -0.4532
vn -0.4910 -0.7516 -0.4404
vn -0.9473 -0.0907 0.3071
vn -0.8038 0.2417 0.5436
vn -0.7838 -0.3481 0.5143
vn -0.6378 -0.0353 0.7694
vn -0.4782 -0.7599 -0.4404
vn -0.4752 -0.7685 -0.4285
vn -0.5233 -0.5796 0.6246
vn -0.3605 -0.2884 0.8871
vn -0.2059 -0.7608 0.6155
vn -0.0166 -0.4793 0.8775
vn -0.4637 -0.7702 -0.4379
vn -0.4523 -0.7794 -0.4336
vn 0.1288 -0.8592 0.4952
vn 0.3408 -0.5764 0.7427
vn 0.4243 -0.8635 0.2726
vn 0.6524 -0.5658 0.5042
vn -0.4486 -0.7739 -0.4471
vn -0.4631 -0.7587 -0.4582
vn 0.7496 0.2611 -0.6082
vn 0.9185 -0.0026 -0.3954
vn 0.4817 0.5038 -0.7171
vn 0.4551 0.4756 -0.7528
vn 0.7309 0.2242 -0.6446
vn 0.9032 -0.0364 -0.4276
vn 0.1515 0.6906 -0.7072
vn -0.1812 0.7866 -0.5903
vn -0.1885 0.7932 -0.5790
vn -0.2204 0.7865 -0.5770
vn 0.1085 0.6789 -0.7261
vn -0.4914 0.7960 -0.3535
vn -0.7160 0.6959 -0.0548
vn -0.7102 0.7034 -0.0275
vn -0.4971 0.7959 -0.3455
vn -0.8204 0.5046 0.2689
vn -0.8038 0.2418 0.5436
vn -0.7858 0.2558 0.5631
vn -0.7497 0.2848 0.5973
vn -0.7971 0.5164 0.3131
vn -0.6377 -0.0352 0.7694
vn -0.6205 -0.0154 0.7841
vn -0.3476 -0.2658 0.8992
vn -0.3206 -0.2220 0.9208
vn -0.5865 0.0273 0.8095
vn -0.0111 -0.4578 0.8890
vn 0.3406 -0.5602 0.7551
vn 0.3445 -0.5403 0.7677
vn 0.0002 -0.4197 0.9077
vn 0.6507 -0.5568 0.5164
vn 0.8684 -0.4475 0.2136
vn 0.8639 -0.4617 0.2014
vn 0.6528 -0.5554 0.5152
vn 0.9616 -0.2525 -0.1076
vn 0.9168 0.0018 -0.3993
vn 0.9186 -0.0027 -0.3952
vn 0.9033 -0.0365 -0.4275
vn 0.9514 -0.2790 -0.1307
vn 0.8128 -0.0829 -0.5766
vn 0.8657 0.1079 -0.4888
vn 0.9769 -0.1294 -0.1700
vn 0.9060 -0.3033 -0.2953
vn 0.0687 0.6662 0.7426
vn 0.1008 0.5680 0.8168
vn 0.1007 0.4972 0.8618
vn 0.9203 -0.3298 0.2103
vn 0.8785 -0.4739 0.0603
vn 0.0687 0.6663 0.7425
vn 0.8656 0.1077 -0.4889
vn 0.6867 0.2796 -0.6710
vn 0.0141 0.7299 0.6834
vn 0.8127 -0.0828 -0.5767
vn 0.6516 0.1149 -0.7498
vn 0.3640 0.3625 -0.8580
vn 0.3805 0.3103 -0.8712
vn 0.2007 -0.3960 -0.8961
vn 0.1842 0.8645 0.4677
vn -0.0357 0.7309 0.6815
vn 0.1825 0.7763 0.6034
vn -0.4065 0.8560 -0.3194
vn -0.4282 0.8789 -0.2103
vn 0.3887 0.7552 0.5278
vn -0.3774 0.7711 -0.5127
vn -0.5064 0.7987 -0.3251
vn -0.6858 0.7195 0.1098
vn -0.6137 0.7504 0.2453
vn 0.3253 0.7142 0.6197
vn -0.5904 0.4419 0.6754
vn 0.2168 0.5710 0.7918
vn -0.6824 0.4880 0.5442
vn -0.5919 0.3422 0.7298
vn -0.5528 0.3112 0.7730
vn 0.6566 -0.1306 -0.7429
vn 0.5521 0.4992 0.6679
vn 0.2563 0.4935 0.8311
vn -0.0293 0.7089 0.7047
vn 0.0110 0.6597 0.7514
vn -0.0488 0.7140 0.6984
vn -0.0140 0.6781 0.7348
vn 0.0850 0.7716 0.6304
vn -0.2238 0.7602 0.6100
vn -0.1386 0.7627 0.6317
vn 0.1720 0.7725 0.6112
vn -0.3210 0.7574 0.5687
vn -0.1765 0.7690 0.6144
vn 0.3909 0.7289 0.5620
vn 0.3782 0.6609 0.6482
vn 0.3519 0.6101 0.7098
vn 0.3191 0.7130 0.6243
vn 0.2922 0.5460 0.7852
vn 0.2920 0.5168 0.8048
vn 0.0480 0.5044 0.8621
vn 0.0428 0.4885 0.8715
vn 0.0487 0.4893 0.8707
vn 0.0572 0.5101 0.8582
vn 0.0591 0.4751 0.8780
vn 0.0858 0.4677 0.8797
vn 0.0516 0.5746 0.8168
vn 0.0111 0.6597 0.7515
vn 0.0347 0.5865 0.8092
vn 0.6834 0.1526 -0.7139
vn 0.8565 -0.0851 -0.5090
vn 0.3973 0.4128 -0.8196
vn 0.0012 0.6597 -0.7515
vn -0.2896 0.7721 -0.5656
vn -0.1341 0.6672 -0.7327
vn -0.5022 0.7954 -0.3393
vn -0.6964 0.7170 0.0307
vn -0.7430 0.5248 0.4153
vn -0.6713 0.3329 0.6622
vn -0.5167 0.1106 0.8490
vn -0.2623 -0.1381 0.9550
vn -0.2137 -0.0771 0.9738
vn -0.4566 0.1712 0.8730
vn 0.0264 -0.3459 0.9379
vn 0.3628 -0.5047 0.7833
vn 0.3760 -0.4759 0.7951
vn 0.0379 -0.2809 0.9590
vn 0.6752 -0.5545 0.4864
vn 0.8661 -0.4798 0.1402
vn 0.7142 -0.5525 0.4297
vn 0.9266 -0.3127 -0.2086
vn 0.8566 -0.0853 -0.5089
vn 0.8128 -0.0830 -0.5766
vn 0.9060 -0.3033 -0.2954
vn -0.4703 0.8600 -0.1981
vn -0.2536 0.7739 -0.5803
vn -0.0676 0.8850 0.4606
vn 0.3614 0.9324 0.0020
vn -0.4279 0.2232 0.8758
vn -0.0791 0.8854 0.4581
vn -0.2183 -0.0958 0.9712
vn -0.5148 -0.4932 0.7012
vn -0.5085 0.2318 0.8293
vn -0.0771 0.8889 0.4515
vn 0.6711 0.5556 0.4908
vn 0.3869 0.1980 0.9006
vn 0.0798 -0.1902 0.9785
vn 0.6646 0.5514 0.5043
vn 0.3518 -0.5031 0.7894
vn -0.3623 -0.1639 -0.9175
vn 0.4141 0.6146 -0.6714
vn 0.6540 0.5558 0.5132
vn -0.2711 0.7282 0.6295
vn 0.7258 -0.4363 0.5318
vn -0.0592 0.8948 0.4425
vn -0.0648 0.8938 0.4438
vn -0.0527 0.8937 0.4456
vn -0.0596 0.8930 0.4461
vn 0.6679 0.5677 0.4813
vn 0.6717 0.5653 0.4788
vn 0.6677 0.5715 0.4771
vn 0.6712 0.5688 0.4754
vn -0.0125 0.7143 0.6998
vn -0.1153 0.7315 0.6720
vn -0.1334 0.7376 0.6619
vn 0.1807 0.6990 0.6919
vn 0.1621 0.6831 0.7121
vn 0.1531 0.6804 0.7167
vn 0.4454 0.7399 0.5041
vn 0.4428 0.7440 0.5004
vn 0.4602 0.7308 0.5041
vn 0.2695 0.5542 0.7875
vn 0.2918 0.5543 0.7795
vn 0.2819 0.5467 0.7884
vn 0.1405 0.6504 0.7465
vn 0.6677 0.5714 0.4770
vn -0.0782 0.8047 0.5885
vn 0.3000 0.7211 0.6245
vn 0.3381 0.5485 0.7648
vn 0.1894 0.6661 0.7215
vn 0.0300 -0.8801 -0.4739
vn 0.2941 -0.7713 -0.5645
vn 0.2621 -0.7371 -0.6229
vn -0.0453 -0.8833 -0.4666
vn 0.6045 -0.5253 -0.5988
vn 0.6176 -0.4927 -0.6130
vn 0.5850 -0.4065 0.7018
vn 0.8588 -0.1624 -0.4858
vn 0.8362 -0.1581 -0.5252
vn 0.9352 0.1927 -0.2970
vn 0.9590 0.1609 -0.2332
vn 0.8768 0.4758 -0.0693
vn 0.8933 0.4483 -0.0320
vn 0.7238 0.6654 0.1823
vn 0.7666 0.5601 0.3139
vn 0.4755 0.7779 0.4109
vn 0.5259 0.7007 0.4821
vn 0.1966 0.7555 0.6249
vn 0.3273 0.6006 0.7295
vn -0.1461 0.6384 0.7557
vn -0.0352 0.5688 0.8217
vn -0.4385 0.3822 0.8134
vn -0.2096 0.3137 0.9261
vn -0.6593 0.0862 0.7469
vn -0.5817 0.0575 0.8114
vn -0.7540 -0.2874 0.5907
vn -0.6397 -0.2802 0.7157
vn -0.6921 -0.6574 0.2980
vn -0.7206 -0.6057 0.3374
vn -0.4954 -0.8686 -0.0096
vn -0.5723 -0.8153 0.0879
vn -0.1816 -0.9338 -0.3083
vn -0.3128 -0.9031 -0.2943
vn 0.0298 -0.8801 -0.4739
vn -0.0454 -0.8833 -0.4666
vn 0.2289 -0.8837 -0.4082
vn 0.3367 -0.8190 -0.4647
vn 0.3217 -0.7993 -0.5076
vn 0.1402 -0.8892 -0.4354
vn 0.6083 -0.5938 -0.5267
vn 0.6226 -0.5626 -0.5439
vn 0.8522 -0.1797 -0.4913
vn 0.8691 -0.1611 -0.4677
vn 0.9159 0.1444 -0.3746
vn 0.9297 0.1983 -0.3105
vn 0.9016 0.3768 -0.2123
vn 0.8781 0.4625 -0.1229
vn 0.7292 0.6776 0.0951
vn 0.7092 0.6936 0.1263
vn 0.3259 0.8517 0.4103
vn 0.4211 0.8246 0.3778
vn 0.0099 0.8340 0.5516
vn 0.1084 0.8193 0.5631
vn -0.2829 0.6960 0.6599
vn -0.2236 0.6783 0.6999
vn -0.5520 0.4234 0.7183
vn -0.5195 0.4128 0.7481
vn -0.7033 0.1147 0.7016
vn -0.6954 0.1081 0.7104
vn -0.7409 -0.3251 0.5876
vn -0.7641 -0.2939 0.5743
vn -0.5389 -0.7822 0.3128
vn -0.6319 -0.7193 0.2887
vn -0.1661 -0.9858 -0.0252
vn -0.3309 -0.9429 -0.0378
vn 0.1329 -0.9413 -0.3102
vn -0.0214 -0.9492 -0.3141
vn 0.1402 -0.8893 -0.4354
vn -0.0293 0.6907 -0.7225
vn 0.3909 -0.5399 -0.7455
vn 0.2094 -0.4043 -0.8903
vn -0.3107 0.8335 -0.4569
vn 0.3585 -0.8339 -0.4197
vn 0.2918 -0.8962 -0.3342
vn -0.0062 -0.9976 -0.0692
vn -0.6807 -0.2912 -0.6722
vn -0.4070 0.8698 -0.2790
vn 0.2444 -0.6546 -0.7154
vn 0.3536 -0.8297 -0.4320
vn -0.3024 0.5801 -0.7564
vn -0.6452 0.2561 -0.7198
vn 0.3567 -0.5683 -0.7415
vn 0.5775 -0.6350 -0.5131
vn 0.4302 -0.0834 -0.8989
vn 0.8173 -0.2363 -0.5256
vn -0.6798 0.4515 -0.5780
vn -0.6812 0.5660 -0.4644
vn 0.4240 0.3707 -0.8263
vn 0.8864 0.0154 -0.4627
vn 0.3976 0.6782 -0.6180
vn 0.9144 0.1826 -0.3614
vn -0.6560 0.6734 -0.3410
vn -0.6340 0.7244 -0.2707
vn 0.3046 0.9105 -0.2796
vn 0.8189 0.5735 -0.0208
vn -0.2861 0.9467 0.1477
vn 0.1353 0.8553 0.5002
vn -0.6372 0.7156 -0.2862
vn -0.6391 0.7089 -0.2984
vn -0.4680 0.8632 0.1892
vn -0.1680 0.8013 0.5742
vn -0.5677 0.7827 0.2551
vn -0.3567 0.6935 0.6259
vn -0.6522 0.7028 -0.2841
vn -0.6638 0.6987 -0.2669
vn -0.7231 0.6036 0.3358
vn -0.5879 0.4124 0.6959
vn -0.8208 0.4576 0.3418
vn -0.7110 0.0750 0.6992
vn -0.5991 0.7785 -0.1870
vn -0.5572 0.8221 -0.1168
vn -0.9065 0.2785 0.3172
vn -0.6798 -0.4414 0.5857
vn -0.9866 0.1131 0.1177
vn -0.4006 -0.8662 0.2987
vn -0.5025 0.8440 -0.1876
vn -0.5509 0.7527 -0.3605
vn 0.3471 -0.8280 -0.4403
vn 0.3017 -0.8650 -0.4009
vn 0.5876 -0.6204 -0.5194
vn 0.8283 -0.2166 -0.5167
vn 0.8997 0.0649 -0.4316
vn 0.9144 0.1825 -0.3614
vn 0.9170 0.2649 -0.2982
vn 0.8190 0.5734 -0.0208
vn 0.7638 0.6426 0.0612
vn 0.1354 0.8553 0.5001
vn 0.2104 0.8579 0.4687
vn -0.1679 0.8013 0.5742
vn -0.0964 0.8199 0.5643
vn -0.3278 0.6974 0.6373
vn -0.5706 0.4222 0.7044
vn -0.7110 0.0749 0.6992
vn -0.7035 0.1005 0.7035
vn -0.7060 -0.3762 0.6000
vn -0.4004 -0.8663 0.2987
vn -0.4614 -0.8240 0.3288
vn -0.0520 -0.9981 -0.0335
vn 0.2918 -0.8962 -0.3341
vn 0.2422 -0.9168 -0.3176
vn 0.0101 0.7002 -0.7139
vn -0.2825 0.5219 -0.8049
vn -0.2566 0.4376 -0.8618
vn 0.0108 0.6741 -0.7385
vn -0.5915 0.2140 -0.7774
vn -0.5437 0.1549 -0.8248
vn -0.6714 0.6753 0.3053
vn -0.8236 -0.1224 -0.5538
vn -0.7528 -0.1519 -0.6404
vn -0.8786 -0.3697 -0.3023
vn -0.8606 -0.3647 -0.3555
vn -0.8493 -0.5279 0.0033
vn -0.8375 -0.5460 -0.0200
vn -0.7123 -0.6134 0.3410
vn -0.7497 -0.5541 0.3619
vn -0.4806 -0.5920 0.6469
vn -0.5121 -0.5536 0.6567
vn -0.2003 -0.4544 0.8680
vn -0.2998 -0.3253 0.8968
vn 0.1092 -0.2472 0.9628
vn 0.0379 -0.1725 0.9843
vn 0.3656 0.0344 0.9301
vn 0.2181 0.1695 0.9611
vn 0.5735 0.3062 0.7598
vn 0.4958 0.3733 0.7841
vn 0.6584 0.5692 0.4925
vn 0.5269 0.6601 0.5355
vn 0.6443 0.7489 0.1552
vn 0.6051 0.7781 0.1683
vn 0.5072 0.8402 -0.1921
vn 0.4512 0.8774 -0.1631
vn 0.2769 0.8207 -0.4997
vn 0.2932 0.8033 -0.5184
vn 0.0102 0.7003 -0.7138
vn 0.0109 0.6743 -0.7384
vn 0.6001 -0.6536 -0.4611
vn 0.2416 0.4064 -0.8812
vn 0.5248 0.5121 -0.6799
vn 0.6317 -0.6581 -0.4097
vn -0.0074 0.7314 -0.6819
vn 0.2568 0.8268 -0.5004
vn 0.5091 0.8331 -0.2162
vn 0.7663 0.5123 -0.3877
vn 0.6549 -0.6461 -0.3920
vn -0.0264 0.2265 -0.9737
vn -0.2779 0.5664 -0.7759
vn 0.5845 -0.6596 -0.4725
vn 0.5435 -0.6502 -0.5308
vn -0.3182 -0.0716 -0.9453
vn -0.6259 0.2470 -0.7397
vn -0.5165 -0.4290 -0.7411
vn -0.8558 -0.1444 -0.4968
vn 0.5811 -0.6641 -0.4704
vn 0.5829 -0.6744 -0.4533
vn -0.5814 -0.6553 -0.4822
vn -0.8967 -0.3678 -0.2464
vn -0.5571 -0.8086 -0.1893
vn -0.8564 -0.5163 0.0052
vn 0.6117 -0.6821 -0.4008
vn 0.6119 -0.6974 -0.3732
vn -0.4158 -0.9003 0.1289
vn -0.7131 -0.6248 0.3180
vn -0.1696 -0.8949 0.4128
vn -0.4626 -0.6351 0.6186
vn 0.6243 -0.6887 -0.3686
vn 0.6297 -0.6911 -0.3548
vn 0.1199 -0.7813 0.6125
vn -0.1525 -0.5293 0.8346
vn 0.4193 -0.5830 0.6959
vn 0.1699 -0.3242 0.9306
vn 0.6382 -0.6800 -0.3611
vn 0.6491 -0.6739 -0.3528
vn 0.6770 -0.3262 0.6598
vn 0.4507 -0.0514 0.8912
vn 0.8629 -0.0535 0.5026
vn 0.6470 0.2448 0.7222
vn 0.6493 -0.6667 -0.3659
vn 0.6595 -0.6555 -0.3678
vn 0.9457 0.2048 0.2524
vn 0.7264 0.5190 0.4505
vn 0.9145 0.4000 -0.0603
vn 0.6778 0.7253 0.1201
vn 0.6515 -0.6563 -0.3805
vn 0.6268 -0.6710 -0.3961
vn -0.2779 0.5665 -0.7758
vn -0.2907 0.5728 -0.7664
vn -0.0105 0.7352 -0.6778
vn -0.6260 0.2470 -0.7397
vn -0.6359 0.2677 -0.7238
vn -0.8632 -0.1161 -0.4913
vn -0.9027 -0.3540 -0.2447
vn -0.8564 -0.5162 0.0052
vn -0.8583 -0.5129 0.0137
vn -0.7135 -0.6160 0.3338
vn -0.4627 -0.6351 0.6186
vn -0.4685 -0.6154 0.6339
vn -0.1526 -0.5293 0.8346
vn -0.1639 -0.5021 0.8491
vn 0.1489 -0.2948 0.9439
vn 0.4250 -0.0248 0.9049
vn 0.6469 0.2448 0.7222
vn 0.6200 0.2667 0.7379
vn 0.7264 0.5191 0.4505
vn 0.7040 0.5325 0.4698
vn 0.6778 0.7254 0.1201
vn 0.6643 0.7345 0.1386
vn 0.5090 0.8331 -0.2162
vn 0.5068 0.8388 -0.1989
vn 0.2568 0.8269 -0.5004
vn 0.2600 0.8312 -0.4915
vn -0.0102 0.7353 -0.6777
vn -0.7166 -0.5246 -0.4597
vn -0.5961 -0.7458 -0.2975
vn -0.5461 -0.7605 -0.3512
vn -0.7192 -0.4697 -0.5120
vn -0.3608 -0.9319 -0.0367
vn -0.3260 -0.9449 -0.0292
vn -0.6031 0.0444 0.7964
vn -0.0517 -0.9526 0.2997
vn -0.0359 -0.9653 0.2587
vn 0.2352 -0.8016 0.5497
vn 0.1863 -0.7771 0.6012
vn 0.4467 -0.5459 0.7088
vn 0.4094 -0.5350 0.7390
vn 0.5650 -0.2272 0.7932
vn 0.4263 -0.1798 0.8865
vn 0.6187 0.1240 0.7758
vn 0.5233 0.1279 0.8425
vn 0.5478 0.4603 0.6986
vn 0.3658 0.4207 0.8302
vn 0.4109 0.7614 0.5014
vn 0.3221 0.7227 0.6115
vn 0.1587 0.9506 0.2667
vn 0.0542 0.8674 0.4947
vn -0.1001 0.9950 -0.0013
vn -0.1479 0.9848 0.0915
vn -0.4130 0.8763 -0.2482
vn -0.4443 0.8921 -0.0823
vn -0.6902 0.5554 -0.4639
vn -0.6504 0.6123 -0.4495
vn -0.8154 0.1631 -0.5555
vn -0.7884 0.2946 -0.5401
vn -0.8065 -0.2738 -0.5239
vn -0.7765 -0.1708 -0.6066
vn -0.7166 -0.5245 -0.4597
vn -0.7449 -0.6099 -0.2705
vn -0.6708 -0.7106 -0.2124
vn -0.6395 -0.7281 -0.2467
vn -0.7397 -0.5717 -0.3550
vn -0.4465 -0.8948 -0.0024
vn -0.4123 -0.9110 0.0038
vn -0.0665 -0.9554 0.2877
vn -0.0557 -0.9461 0.3190
vn 0.2108 -0.8538 0.4761
vn 0.2445 -0.8066 0.5382
vn 0.3901 -0.6841 0.6163
vn 0.4486 -0.5880 0.6731
vn 0.6005 -0.2917 0.7445
vn 0.6079 -0.2529 0.7527
vn 0.6949 0.2366 0.6791
vn 0.6745 0.1448 0.7240
vn 0.6497 0.5459 0.5291
vn 0.6290 0.4859 0.6068
vn 0.4972 0.7936 0.3506
vn 0.4672 0.7799 0.4165
vn 0.2283 0.9648 0.1304
vn 0.2087 0.9629 0.1713
vn -0.0587 0.9967 -0.0569
vn -0.0677 0.9966 -0.0468
vn -0.4488 0.8585 -0.2482
vn -0.4144 0.8699 -0.2675
vn -0.8194 0.4413 -0.3660
vn -0.7492 0.4972 -0.4377
vn -0.9348 -0.0887 -0.3439
vn -0.8846 0.0197 -0.4660
vn -0.8239 -0.4857 -0.2920
vn -0.8252 -0.3873 -0.4112
vn -0.7397 -0.5716 -0.3550
vn 0.8632 -0.3768 -0.3361
vn -0.3273 -0.8987 -0.2919
vn -0.1510 -0.8580 -0.4910
vn 0.9369 0.0286 -0.3484
vn -0.6982 -0.6953 -0.1707
vn -0.7793 -0.6004 -0.1793
vn -0.9394 -0.2291 -0.2549
vn -0.0723 -0.0874 -0.9935
vn 0.9262 0.2283 -0.3002
vn -0.4408 -0.8006 -0.4059
vn -0.6906 -0.7001 -0.1813
vn 0.7753 -0.2400 -0.5842
vn 0.4655 -0.0450 -0.8839
vn -0.3545 -0.8783 -0.3208
vn -0.4888 -0.8720 -0.0253
vn 0.1522 -0.9521 -0.2652
vn -0.1103 -0.9673 0.2282
vn 0.6155 0.1165 -0.7795
vn 0.6943 0.2206 -0.6850
vn 0.5689 -0.8121 -0.1299
vn 0.1120 -0.9216 0.3717
vn 0.8080 -0.5874 0.0459
vn 0.2439 -0.8362 0.4912
vn 0.7628 0.3130 -0.5658
vn 0.7919 0.3585 -0.4944
vn 0.9415 -0.2379 0.2387
vn 0.5292 -0.4544 0.7166
vn 0.8789 0.4710 0.0760
vn 0.6800 0.4290 0.5946
vn 0.7877 0.3479 -0.5084
vn 0.7847 0.3391 -0.5190
vn 0.7934 0.6066 -0.0507
vn 0.6180 0.6745 0.4039
vn 0.7012 0.7059 -0.1001
vn 0.5066 0.8176 0.2736
vn 0.7753 0.3570 -0.5209
vn 0.7671 0.3764 -0.5195
vn 0.5122 0.8348 -0.2020
vn 0.2251 0.9704 0.0871
vn 0.3736 0.8773 -0.3014
vn -0.0960 0.9927 -0.0724
vn 0.8196 0.4060 -0.4042
vn 0.8409 0.4368 -0.3194
vn 0.2110 0.8836 -0.4179
vn -0.5620 0.7951 -0.2279
vn 0.1097 0.7620 -0.6382
vn -0.9010 0.3236 -0.2890
vn 0.8795 0.3533 -0.3189
vn 0.8409 0.2435 -0.4833
vn -0.6865 -0.7015 -0.1911
vn -0.7313 -0.6497 -0.2077
vn -0.4734 -0.8806 -0.0187
vn -0.0941 -0.9647 0.2461
vn 0.1119 -0.9216 0.3716
vn 0.1506 -0.8988 0.4116
vn 0.2438 -0.8362 0.4912
vn 0.3055 -0.7771 0.5502
vn 0.5291 -0.4545 0.7166
vn 0.5750 -0.3457 0.7415
vn 0.6886 0.3569 0.6312
vn 0.6180 0.6744 0.4040
vn 0.6362 0.6231 0.4549
vn 0.5062 0.8073 0.3032
vn 0.2250 0.9704 0.0872
vn 0.2315 0.9669 0.1075
vn -0.0960 0.9927 -0.0725
vn -0.0729 0.9956 -0.0589
vn -0.5621 0.7951 -0.2279
vn -0.5025 0.8348 -0.2249
vn -0.9010 0.3235 -0.2890
vn -0.8666 0.3937 -0.3067
vn -0.9482 -0.1728 -0.2666
vn -0.8019 -0.5592 -0.2101
vn -0.6981 -0.6953 -0.1707
vn 0.7997 -0.4892 -0.3481
vn 0.9077 -0.3992 0.1295
vn 0.1077 -0.6119 0.7835
vn 0.4938 -0.8557 -0.1546
vn 0.9904 0.1196 0.0688
vn 0.8263 0.1470 0.5437
vn 0.6048 0.6297 0.4876
vn 0.2757 0.4585 0.8448
vn -0.1315 0.7390 0.6607
vn -0.4180 0.3356 0.8442
vn -0.7852 0.3834 0.4863
vn -0.8274 -0.1461 0.5422
vn -0.9713 -0.2280 0.0670
vn -0.7155 -0.6868 0.1280
vn -0.5823 -0.7341 -0.3494
vn -0.1694 -0.9732 -0.1553
vn 0.1495 -0.8409 -0.5202
vn 0.7975 -0.5155 -0.3134
vn 0.5112 -0.7607 -0.4000
vn 0.5124 -0.7866 -0.3446
vn 0.8010 -0.5207 -0.2955
vn 0.1600 -0.9007 -0.4038
vn 0.1631 -0.9183 -0.3608
vn -0.0816 0.4650 -0.8816
vn -0.2179 -0.8899 -0.4007
vn -0.2103 -0.9147 -0.3452
vn -0.5713 -0.7580 -0.3147
vn -0.5728 -0.7641 -0.2968
vn -0.8502 -0.4815 -0.2129
vn -0.8499 -0.4904 -0.1928
vn -0.9897 -0.1222 -0.0739
vn -0.9909 -0.0745 -0.1124
vn -0.9627 0.2610 0.0708
vn -0.9573 0.2859 0.0420
vn -0.7867 0.5945 0.1662
vn -0.7579 0.6490 0.0665
vn -0.5058 0.8239 0.2558
vn -0.4978 0.8465 0.1887
vn -0.1689 0.9519 0.2558
vn -0.1731 0.9764 0.1289
vn 0.1914 0.9474 0.2565
vn 0.1763 0.9660 0.1893
vn 0.5342 0.8286 0.1674
vn 0.4886 0.8699 0.0677
vn 0.8143 0.5759 0.0725
vn 0.8007 0.5975 0.0437
vn 0.9716 0.2255 -0.0718
vn 0.9563 0.2706 -0.1106
vn 0.9643 -0.1600 -0.2112
vn 0.9670 -0.1684 -0.1911
vn 0.8011 -0.5206 -0.2955
vn 0.7997 -0.4892 -0.3482
vn 0.4938 -0.8557 -0.1547
vn 0.5043 -0.6478 -0.5710
vn 0.7924 -0.4205 -0.4419
vn 0.1378 -0.7745 -0.6173
vn 0.1315 -0.7387 -0.6611
vn 0.4968 -0.6131 -0.6142
vn 0.7853 -0.3883 -0.4821
vn -0.1694 -0.9732 -0.1554
vn -0.2500 -0.7814 -0.5717
vn -0.5822 -0.7341 -0.3495
vn -0.5989 -0.6670 -0.4432
vn -0.6034 -0.6342 -0.4834
vn -0.2547 -0.7462 -0.6150
vn -0.7156 -0.6867 0.1279
vn -0.8592 -0.4475 -0.2479
vn -0.9714 -0.2278 0.0670
vn -0.9870 -0.1597 -0.0205
vn -0.9894 -0.1356 -0.0519
vn -0.8615 -0.4199 -0.2854
vn -0.8275 -0.1460 0.5421
vn -0.9649 0.1575 0.2100
vn -0.7853 0.3832 0.4863
vn -0.7973 0.4497 0.4025
vn -0.7994 0.4656 0.3796
vn -0.9676 0.1755 0.1817
vn -0.5076 0.6774 0.5325
vn -0.1316 0.7391 0.6607
vn -0.1429 0.8036 0.5777
vn -0.1452 0.8165 0.5588
vn -0.5105 0.6906 0.5123
vn 0.2757 0.4586 0.8448
vn 0.2430 0.8104 0.5331
vn 0.5935 0.6962 0.4038
vn 0.5901 0.7118 0.3810
vn 0.2412 0.8237 0.5131
vn 0.8263 0.1471 0.5436
vn 0.8517 0.4794 0.2116
vn 0.9818 0.1891 -0.0187
vn 0.9758 0.2127 -0.0503
vn 0.8480 0.4972 0.1836
vn 0.9077 -0.3991 0.1294
vn 0.9611 -0.1249 -0.2462
vn 0.7925 -0.4204 -0.4418
vn 0.7855 -0.3882 -0.4820
vn 0.9539 -0.0981 -0.2837
vn 0.4977 -0.6118 -0.6148
vn 0.7869 -0.3871 -0.4805
vn 0.1313 -0.7375 -0.6625
vn 0.1378 -0.7742 -0.6178
vn 0.5049 -0.6449 -0.5738
vn 0.7935 -0.4104 -0.4494
vn -0.2560 -0.7454 -0.6155
vn -0.6052 -0.6338 -0.4817
vn -0.6034 -0.6579 -0.4507
vn -0.2515 -0.7789 -0.5745
vn -0.8627 -0.4205 -0.2809
vn -0.9896 -0.1370 -0.0440
vn -0.9903 -0.1313 -0.0462
vn -0.8629 -0.4304 -0.2650
vn -0.9664 0.1712 0.1917
vn -0.7974 0.4592 0.3915
vn -0.7973 0.4885 0.3546
vn -0.9665 0.1910 0.1714
vn -0.5085 0.6822 0.5254
vn -0.1436 0.8073 0.5724
vn -0.1496 0.8416 0.5190
vn -0.5106 0.7159 0.4763
vn 0.2422 0.8152 0.5261
vn 0.5904 0.7050 0.3929
vn 0.5802 0.7326 0.3559
vn 0.2326 0.8476 0.4770
vn 0.8483 0.4929 0.1934
vn 0.9765 0.2114 -0.0422
vn 0.9752 0.2170 -0.0444
vn 0.8417 0.5115 0.1731
vn 0.9551 -0.0983 -0.2794
vn 0.7870 -0.3871 -0.4804
vn 0.7935 -0.4103 -0.4494
vn 0.9587 -0.1076 -0.2633
vn 0.5107 -0.7117 -0.4824
vn 0.7983 -0.4627 -0.3855
vn 0.1499 -0.8432 -0.5162
vn -0.2342 -0.8437 -0.4831
vn -0.5901 -0.7086 -0.3868
vn -0.8564 -0.4576 -0.2391
vn -0.9902 -0.1252 -0.0617
vn -0.9664 0.2295 0.1158
vn -0.7968 0.5447 0.2614
vn -0.5120 0.7813 0.3571
vn -0.1610 0.9065 0.3903
vn 0.2117 0.9095 0.3578
vn 0.5607 0.7853 0.2627
vn 0.8285 0.5476 0.1174
vn 0.9730 0.2227 -0.0598
vn 0.9619 -0.1354 -0.2374
vn 0.7984 -0.4625 -0.3855
vn 0.9175 -0.3970 -0.0242
vn 0.9158 -0.1137 0.3852
vn 0.0467 -0.2353 0.9708
vn 0.6400 -0.7217 0.2637
vn 0.9279 0.3493 0.1301
vn 0.6727 0.5158 0.5305
vn 0.3947 0.8817 0.2584
vn 0.0330 0.7892 0.6133
vn -0.3691 0.8846 0.2850
vn -0.6201 0.5271 0.5810
vn -0.9140 0.3564 0.1941
vn -0.8843 -0.1092 0.4539
vn -0.9191 -0.3921 0.0392
vn -0.6125 -0.7271 0.3101
vn -0.3836 -0.9193 -0.0882
vn 0.0156 -0.9724 0.2329
vn 0.3749 -0.9200 -0.1142
vn 0.9127 -0.4083 0.0176
vn 0.6898 -0.7240 0.0047
vn 0.6842 -0.7264 0.0656
vn 0.9134 -0.4055 0.0364
vn 0.3718 -0.9282 0.0168
vn 0.3691 -0.9272 0.0632
vn 0.0202 0.0718 -0.9972
vn 0.0033 -0.9996 -0.0291
vn 0.0038 -0.9995 0.0321
vn -0.3760 -0.9255 -0.0458
vn -0.3800 -0.9246 -0.0272
vn -0.7085 -0.6989 -0.0980
vn -0.7107 -0.6993 -0.0761
vn -0.9259 -0.3533 -0.1335
vn -0.9269 -0.3250 -0.1879
vn -0.9867 0.0521 -0.1541
vn -0.9797 0.0650 -0.1897
vn -0.8859 0.4268 -0.1818
vn -0.8470 0.4449 -0.2909
vn -0.6663 0.7282 -0.1604
vn -0.6491 0.7253 -0.2295
vn -0.3596 0.9170 -0.1727
vn -0.3429 0.8909 -0.2979
vn -0.0099 0.9917 -0.1281
vn -0.0144 0.9800 -0.1983
vn 0.3578 0.9260 -0.1207
vn 0.3265 0.9160 -0.2332
vn 0.6864 0.7236 -0.0718
vn 0.6755 0.7294 -0.1082
vn 0.9207 0.3878 -0.0425
vn 0.9064 0.4109 -0.0977
vn 0.9998 -0.0131 -0.0140
vn 0.9999 -0.0126 0.0080
vn 0.9128 -0.4081 0.0176
vn 0.9134 -0.4054 0.0364
vn 0.9175 -0.3970 -0.0243
vn 0.6400 -0.7217 0.2636
vn 0.6989 -0.6876 -0.1969
vn 0.9181 -0.3717 -0.1379
vn 0.3722 -0.8991 -0.2305
vn 0.3691 -0.8845 -0.2855
vn 0.6946 -0.6742 -0.2510
vn 0.9141 -0.3592 -0.1882
vn 0.0156 -0.9724 0.2328
vn -0.0113 -0.9727 -0.2318
vn -0.3836 -0.9193 -0.0883
vn -0.3919 -0.8975 -0.2024
vn -0.3935 -0.8839 -0.2527
vn -0.0129 -0.9582 -0.2858
vn -0.6125 -0.7272 0.3099
vn -0.7157 -0.6833 -0.1446
vn -0.9192 -0.3920 0.0391
vn -0.9278 -0.3666 -0.0696
vn -0.9277 -0.3573 -0.1082
vn -0.7150 -0.6729 -0.1900
vn -0.8844 -0.1093 0.4538
vn -0.9999 0.0103 0.0137
vn -0.9140 0.3562 0.1941
vn -0.9197 0.3823 0.0898
vn -0.9197 0.3876 0.0624
vn -0.9997 0.0154 -0.0193
vn -0.6202 0.5271 0.5810
vn -0.6991 0.6992 0.1495
vn -0.3691 0.8846 0.2849
vn -0.3740 0.9093 0.1823
vn -0.3745 0.9134 0.1596
vn -0.7001 0.7029 0.1255
vn 0.0330 0.7893 0.6131
vn 0.0076 0.9828 0.1843
vn 0.3898 0.9079 0.1542
vn 0.3885 0.9127 0.1267
vn 0.0077 0.9870 0.1604
vn 0.6728 0.5158 0.5304
vn 0.7105 0.6969 0.0978
vn 0.9258 0.3774 0.0216
vn 0.9226 0.3854 -0.0173
vn 0.7097 0.7015 0.0648
vn 0.9158 -0.1137 0.3851
vn 0.9982 0.0047 -0.0602
vn 0.9175 -0.3969 -0.0243
vn 0.9181 -0.3716 -0.1379
vn 0.9141 -0.3591 -0.1882
vn 0.9943 0.0132 -0.1059
vn 0.6954 -0.6730 -0.2519
vn 0.9151 -0.3573 -0.1870
vn 0.3690 -0.8839 -0.2872
vn 0.3722 -0.8989 -0.2312
vn 0.6995 -0.6860 -0.2005
vn 0.9190 -0.3653 -0.1487
vn -0.0142 -0.9579 -0.2868
vn -0.3956 -0.8833 -0.2515
vn -0.3962 -0.8930 -0.2134
vn -0.0126 -0.9718 -0.2355
vn -0.7169 -0.6720 -0.1857
vn -0.9290 -0.3561 -0.1008
vn -0.9304 -0.3513 -0.1048
vn -0.7185 -0.6751 -0.1673
vn -0.9998 0.0156 -0.0087
vn -0.9191 0.3867 0.0760
vn -0.9163 0.3993 0.0307
vn -0.9991 0.0258 -0.0350
vn -0.6994 0.7007 0.1408
vn -0.3742 0.9105 0.1758
vn -0.3749 0.9202 0.1129
vn -0.6971 0.7122 0.0827
vn 0.0074 0.9844 0.1758
vn 0.3875 0.9111 0.1404
vn 0.3806 0.9199 0.0945
vn 0.0027 0.9931 0.1172
vn 0.7087 0.7014 0.0754
vn 0.9220 0.3871 -0.0096
vn 0.9201 0.3914 -0.0138
vn 0.7033 0.7092 0.0488
vn 0.9947 0.0150 -0.1018
vn 0.9151 -0.3572 -0.1870
vn 0.9191 -0.3650 -0.1487
vn 0.9965 0.0133 -0.0830
vn 0.6977 -0.7107 -0.0899
vn 0.9194 -0.3873 -0.0690
vn 0.3749 -0.9206 -0.1097
vn -0.0036 -0.9922 -0.1244
vn -0.3879 -0.9120 -0.1333
vn -0.7131 -0.6885 -0.1321
vn -0.9282 -0.3516 -0.1213
vn -0.9941 0.0397 -0.1010
vn -0.9065 0.4153 -0.0765
vn -0.6854 0.7263 -0.0521
vn -0.3710 0.9281 -0.0315
vn -0.0041 0.9998 -0.0185
vn 0.3716 0.9283 -0.0137
vn 0.6958 0.7180 -0.0179
vn 0.9202 0.3903 -0.0303
vn 0.9989 -0.0013 -0.0479
vn 0.9194 -0.3872 -0.0690
vn 0.5608 -0.4716 -0.6805
vn 0.7591 -0.6037 -0.2434
vn 0.0369 -0.8796 0.4743
vn 0.1925 -0.8093 -0.5549
vn 0.9808 -0.1344 -0.1413
vn 0.9034 -0.2625 0.3391
vn 0.8276 0.2384 0.5082
vn 0.5189 0.0152 0.8547
vn 0.1895 0.4265 0.8844
vn -0.1726 0.0556 0.9834
vn -0.5579 0.3193 0.7660
vn -0.7451 -0.1662 0.6459
vn -0.9747 -0.0202 0.2226
vn -0.8588 -0.5091 0.0577
vn -0.8168 -0.3911 -0.4242
vn -0.4685 -0.7707 -0.4319
vn -0.1819 -0.5769 -0.7963
vn 0.5560 -0.5083 -0.6576
vn 0.2009 -0.6310 -0.7493
vn 0.2026 -0.6764 -0.7081
vn 0.5604 -0.5209 -0.6439
vn -0.1725 -0.6787 -0.7139
vn -0.1685 -0.7120 -0.6817
vn -0.0697 0.7814 -0.6201
vn -0.5259 -0.5886 -0.6140
vn -0.5178 -0.6343 -0.5741
vn -0.8083 -0.4286 -0.4036
vn -0.8089 -0.4408 -0.3890
vn -0.9757 -0.1618 -0.1478
vn -0.9751 -0.1778 -0.1327
vn -0.9818 0.1339 0.1350
vn -0.9744 0.1920 0.1174
vn -0.8224 0.4129 0.3913
vn -0.8142 0.4454 0.3724
vn -0.5443 0.6348 0.5485
vn -0.5156 0.7167 0.4696
vn -0.1984 0.7433 0.6388
vn -0.1940 0.7884 0.5838
vn 0.1574 0.7848 0.5994
vn 0.1420 0.8578 0.4939
vn 0.4966 0.7027 0.5095
vn 0.4779 0.7492 0.4587
vn 0.7724 0.5579 0.3034
vn 0.7269 0.6441 0.2384
vn 0.9489 0.3094 0.0617
vn 0.9382 0.3430 0.0463
vn 0.9735 0.0199 -0.2279
vn 0.9666 0.0787 -0.2439
vn 0.8329 -0.2675 -0.4844
vn 0.8360 -0.2836 -0.4698
vn 0.5562 -0.5083 -0.6575
vn 0.5605 -0.5208 -0.6439
vn 0.5607 -0.4716 -0.6806
vn 0.1925 -0.8092 -0.5551
vn 0.2026 -0.4610 -0.8640
vn 0.5602 -0.3716 -0.7403
vn -0.1877 -0.4767 -0.8588
vn -0.1895 -0.4259 -0.8847
vn 0.1992 -0.4115 -0.8894
vn 0.5572 -0.3254 -0.7639
vn -0.4685 -0.7706 -0.4321
vn -0.5494 -0.4171 -0.7240
vn -0.8167 -0.3911 -0.4242
vn -0.8265 -0.2905 -0.4821
vn -0.8271 -0.2441 -0.5063
vn -0.5498 -0.3677 -0.7500
vn -0.8588 -0.5090 0.0577
vn -0.9794 -0.1156 -0.1657
vn -0.9747 -0.0200 0.2226
vn -0.9822 0.0788 0.1705
vn -0.9821 0.1134 0.1506
vn -0.9790 -0.0754 -0.1892
vn -0.7452 -0.1662 0.6458
vn -0.8345 0.2660 0.4826
vn -0.5580 0.3192 0.7660
vn -0.5622 0.4143 0.7158
vn -0.5628 0.4380 0.7010
vn -0.8359 0.2937 0.4637
vn -0.1727 0.0557 0.9834
vn -0.2026 0.5035 0.8399
vn 0.1895 0.4266 0.8844
vn 0.1856 0.5194 0.8341
vn 0.1844 0.5389 0.8219
vn -0.2044 0.5239 0.8269
vn 0.5189 0.0153 0.8547
vn 0.5456 0.4598 0.7007
vn 0.8242 0.3334 0.4577
vn 0.8222 0.3571 0.4432
vn 0.5449 0.4801 0.6874
vn 0.9034 -0.2624 0.3390
vn 0.9763 0.1602 0.1456
vn 0.9802 -0.0359 -0.1947
vn 0.9769 -0.0011 -0.2138
vn 0.9739 0.1880 0.1269
vn 0.7593 -0.6035 -0.2435
vn 0.8352 -0.2217 -0.5034
vn 0.5604 -0.3716 -0.7402
vn 0.5573 -0.3254 -0.7639
vn 0.8307 -0.1814 -0.5264
vn 0.2004 -0.4102 -0.8897
vn 0.5592 -0.3254 -0.7625
vn -0.1896 -0.4245 -0.8854
vn -0.1877 -0.4762 -0.8591
vn 0.2035 -0.4576 -0.8656
vn 0.5631 -0.3599 -0.7439
vn -0.5509 -0.3664 -0.7498
vn -0.8283 -0.2443 -0.5042
vn -0.8292 -0.2784 -0.4847
vn -0.5504 -0.4135 -0.7253
vn -0.9796 -0.0778 -0.1854
vn -0.9816 0.1087 0.1572
vn -0.9807 0.1151 0.1578
vn -0.9803 -0.0929 -0.1744
vn -0.8346 0.2856 0.4711
vn -0.5611 0.4272 0.7090
vn -0.5577 0.4678 0.6856
vn -0.8318 0.3114 0.4595
vn -0.2030 0.5109 0.8354
vn 0.1853 0.5251 0.8306
vn 0.1818 0.5780 0.7955
vn -0.2023 0.5607 0.8029
vn 0.5452 0.4670 0.6962
vn 0.8223 0.3462 0.4517
vn 0.8153 0.3876 0.4301
vn 0.5385 0.5174 0.6651
vn 0.9745 0.1800 0.1344
vn 0.9782 -0.0057 -0.2077
vn 0.9784 0.0007 -0.2068
vn 0.9706 0.2062 0.1241
vn 0.8325 -0.1836 -0.5227
vn 0.5595 -0.3253 -0.7623
vn 0.5633 -0.3597 -0.7438
vn 0.8354 -0.1990 -0.5123
vn 0.2028 -0.5546 -0.8071
vn 0.5618 -0.4328 -0.7050
vn -0.1816 -0.5807 -0.7936
vn -0.5397 -0.5112 -0.6689
vn -0.8222 -0.3519 -0.4474
vn -0.9784 -0.1288 -0.1618
vn -0.9812 0.1265 0.1458
vn -0.8285 0.3678 0.4222
vn -0.5545 0.5549 0.6202
vn -0.2019 0.6666 0.7176
vn 0.1713 0.6894 0.7039
vn 0.5194 0.6244 0.5834
vn 0.7987 0.4758 0.3684
vn 0.9606 0.2633 0.0893
vn 0.9758 0.0122 -0.2184
vn 0.8341 -0.2347 -0.4991
vn 0.5619 -0.4327 -0.7050
vn 0.2860 0.9444 -0.1622
vn 0.4421 0.8910 -0.1034
vn 0.4645 0.8789 -0.1085
vn 0.3245 0.9304 -0.1707
vn 0.4618 -0.8109 0.3593
vn 0.6964 0.7170 0.0312
vn 0.3904 0.9175 -0.0762
vn -0.0891 -0.9947 0.0516
vn -0.1008 -0.9912 0.0859
vn -0.2412 -0.9611 0.1345
vn -0.2500 -0.9599 0.1265
vn -0.2418 -0.9651 0.1008
vn 0.3137 -0.9474 -0.0639
vn -0.0469 -0.9923 0.1144
vn -0.2423 -0.9630 0.1177
vn 0.4029 0.9122 -0.0748
vn 0.5171 0.8546 -0.0480
vn 0.3149 0.9428 -0.1096
vn -0.2486 -0.9515 0.1810
vn -0.2252 -0.9446 0.2388
vn -0.2147 -0.9594 0.1827
vn -0.1878 -0.9471 0.2601
vn -0.1784 -0.9639 0.1977
vn 0.3213 0.9341 -0.1555
vn 0.3291 0.9334 -0.1429
vn -0.2676 -0.9534 0.1393
vn -0.2742 -0.9519 0.1365
vn -0.2725 -0.9529 0.1329
vn 0.3601 0.9069 -0.2187
vn 0.3868 0.9085 -0.1582
vn 0.3741 0.9014 -0.2181
vn 0.3590 0.9213 -0.1497
vn -0.2713 -0.9540 0.1276
vn -0.2690 -0.9548 0.1264
vn 0.4513 0.8793 -0.1522
vn 0.3842 0.9177 -0.1008
vn 0.3999 0.9094 -0.1148
vn -0.1817 -0.9641 0.1938
vn -0.2025 -0.9712 0.1259
vn -0.1591 -0.9778 0.1365
vn 0.3153 0.9396 -0.1331
vn 0.4945 0.8493 -0.1849
vn 0.5582 0.8192 -0.1316
vn 0.6240 0.7357 -0.2633
vn 0.4918 0.8350 -0.2468
vn 0.5517 0.8335 0.0292
vn 0.9081 0.1709 0.3824
vn 0.0471 -0.9857 0.1617
vn -0.0137 -0.9670 0.2544
vn 0.1387 -0.9331 0.3317
vn -0.0318 -0.9396 0.3409
vn -0.1708 0.9771 -0.1269
vn -0.3178 0.9302 -0.1839
vn -0.3364 0.9252 -0.1754
vn -0.1900 0.9769 -0.0980
vn -0.7952 -0.5260 -0.3017
vn -0.5510 0.8016 -0.2319
vn -0.2040 -0.9636 0.1728
vn -0.0331 -0.9891 0.1434
vn -0.0043 -0.9921 0.1252
vn 0.1172 -0.9887 0.0936
vn 0.1445 -0.9867 0.0738
vn 0.0496 -0.9971 0.0575
vn -0.4003 -0.8721 0.2815
vn -0.0414 -0.9920 0.1192
vn 0.1157 -0.9907 0.0711
vn -0.8149 0.3371 -0.4716
vn -0.3619 0.9060 -0.2195
vn -0.1787 0.9682 -0.1752
vn 0.0794 -0.9965 0.0267
vn 0.0556 -0.9951 0.0818
vn 0.0296 -0.9995 -0.0143
vn 0.0624 -0.9979 0.0189
vn 0.0707 -0.9936 0.0879
vn -0.1721 0.9798 -0.1023
vn -0.1646 0.9783 -0.1256
vn 0.1292 -0.9865 0.1001
vn 0.1128 -0.9900 0.0850
vn -0.2234 0.9745 -0.0227
vn -0.2251 0.9732 -0.0475
vn -0.2475 0.9688 -0.0130
vn -0.2465 0.9683 -0.0401
vn 0.1199 -0.9912 0.0559
vn -0.2212 0.9742 -0.0454
vn -0.2308 0.9709 -0.0645
vn -0.2601 0.9644 -0.0479
vn 0.0518 -0.9875 0.1486
vn 0.0400 -0.9896 0.1383
vn -0.1618 0.9749 -0.1532
vn -0.3713 0.9285 0.0082
vn -0.4189 0.9079 -0.0176
vn -0.9280 -0.0998 0.3590
vn -0.4607 0.8856 0.0592
vn -0.3636 0.9304 0.0469
vn -0.4200 0.8622 -0.2833
vn -0.4062 -0.9061 -0.1181
vn -0.0919 -0.9926 0.0800
vn -0.0623 -0.9977 0.0274
vn -0.1516 -0.9876 -0.0408
vn -0.0639 -0.9976 -0.0247
vn -0.3926 -0.8542 0.3409
vn -0.5429 -0.7683 0.3390
vn -0.5845 -0.7939 0.1673
vn -0.3969 -0.9029 0.1650
vn -0.6623 -0.6483 0.3755
vn -0.7361 -0.6440 0.2085
vn -0.7803 -0.6227 0.0577
vn -0.6060 -0.7954 0.0092
vn -0.3897 -0.9209 0.0075
vn -0.7440 -0.5076 0.4346
vn -0.8360 -0.4678 0.2869
vn -0.7730 -0.3608 0.5218
vn -0.8753 -0.2822 0.3926
vn -0.9406 -0.2063 0.2696
vn -0.8957 -0.4196 0.1470
vn -0.7546 -0.2186 0.6187
vn -0.8492 -0.1063 0.5172
vn -0.6824 -0.1015 0.7239
vn -0.7614 0.0441 0.6468
vn -0.8094 0.1694 0.5623
vn -0.9110 -0.0031 0.4124
vn -0.5707 -0.0117 0.8211
vn -0.6193 0.1524 0.7702
vn -0.4251 0.0307 0.9046
vn -0.4376 0.2103 0.8742
vn -0.4367 0.3608 0.8241
vn -0.6460 0.2951 0.7040
vn -0.2626 0.0340 0.9643
vn -0.2339 0.2096 0.9494
vn -0.0994 -0.0149 0.9949
vn -0.0278 0.1529 0.9879
vn 0.0351 0.2947 0.9549
vn -0.2019 0.3610 0.9105
vn 0.0520 -0.0988 0.9937
vn 0.1597 0.0434 0.9862
vn 0.1703 -0.2208 0.9603
vn 0.3115 -0.1061 0.9443
vn 0.4258 -0.0035 0.9048
vn 0.2516 0.1695 0.9529
vn 0.2531 -0.3596 0.8981
vn 0.4111 -0.2827 0.8666
vn 0.2810 -0.5083 0.8140
vn 0.4507 -0.4678 0.7602
vn 0.5861 -0.4199 0.6929
vn 0.5413 -0.2063 0.8151
vn 0.2637 -0.6486 0.7140
vn 0.4244 -0.6442 0.6363
vn 0.1904 -0.7677 0.6119
vn 0.3367 -0.7941 0.5060
vn 0.4549 -0.7956 0.4001
vn 0.5566 -0.6229 0.5497
vn 0.0798 -0.8554 0.5117
vn 0.1944 -0.9029 0.3833
vn -0.0669 -0.8998 0.4312
vn 0.0130 -0.9603 0.2786
vn 0.0822 -0.9870 0.1383
vn 0.2916 -0.9211 0.2581
vn -0.2283 -0.9012 0.3685
vn -0.1910 -0.9601 0.2041
vn -0.3968 -0.9030 0.1650
vn -0.3895 -0.9210 0.0075
vn -0.1524 -0.9870 0.0516
vn -0.6121 -0.7799 -0.1310
vn -0.3751 -0.9174 -0.1329
vn -0.8032 -0.5906 -0.0780
vn -0.8100 -0.5536 -0.1933
vn -0.6076 -0.7541 -0.2495
vn -0.3566 -0.8998 -0.2515
vn -0.9296 -0.3680 0.0200
vn -0.9789 -0.1342 0.1543
vn -0.9961 -0.0702 0.0527
vn -0.9439 -0.3179 -0.0895
vn -0.9464 0.0885 0.3108
vn -0.8350 0.2775 0.4751
vn -0.8438 0.3660 0.3926
vn -0.9617 0.1657 0.2185
vn -0.6559 0.4152 0.6303
vn -0.4266 0.4872 0.7620
vn -0.4111 0.5881 0.6965
vn -0.6540 0.5118 0.5570
vn -0.1693 0.4874 0.8566
vn 0.0905 0.4148 0.9054
vn 0.1366 0.5115 0.8484
vn -0.1386 0.5883 0.7967
vn 0.3277 0.2776 0.9031
vn 0.5187 0.0881 0.8504
vn 0.5902 0.1653 0.7902
vn 0.3879 0.3660 0.8460
vn 0.6452 -0.1343 0.7521
vn 0.6943 -0.3684 0.6182
vn 0.7763 -0.3182 0.5442
vn 0.7242 -0.0702 0.6860
vn 0.6620 -0.5908 0.4613
vn 0.5505 -0.7801 0.2974
vn 0.6239 -0.7543 0.2043
vn 0.7420 -0.5538 0.3779
vn 0.3716 -0.9175 0.1417
vn 0.1420 -0.9898 0.0105
vn 0.1912 -0.9765 -0.0996
vn 0.4343 -0.8999 0.0394
vn -0.1151 -0.9898 -0.0845
vn -0.3750 -0.9175 -0.1329
vn -0.3565 -0.8998 -0.2515
vn -0.0811 -0.9764 -0.2002
vn -0.5963 -0.7223 -0.3502
vn -0.3359 -0.8734 -0.3526
vn -0.8062 -0.5144 -0.2923
vn -0.7948 -0.4737 -0.3794
vn -0.5801 -0.6863 -0.4386
vn -0.3138 -0.8408 -0.4411
vn -0.9450 -0.2699 -0.1846
vn -0.9992 -0.0130 -0.0372
vn -0.9922 0.0391 -0.1185
vn -0.9368 -0.2237 -0.2691
vn -0.9634 0.2315 0.1349
vn -0.8412 0.4393 0.3153
vn -0.8306 0.5016 0.2420
vn -0.9556 0.2890 0.0575
vn -0.6444 0.5904 0.4859
vn -0.3925 0.6696 0.6305
vn -0.3717 0.7372 0.5643
vn -0.6294 0.6560 0.4166
vn -0.1099 0.6698 0.7344
vn 0.1755 0.5901 0.7880
vn 0.2091 0.6559 0.7253
vn -0.0828 0.7372 0.6705
vn 0.4360 0.4392 0.7855
vn 0.6459 0.2312 0.7276
vn 0.6901 0.2887 0.6636
vn 0.4755 0.5014 0.7228
vn 0.7848 -0.0132 0.6196
vn 0.8389 -0.2702 0.4725
vn 0.8875 -0.2240 0.4027
vn 0.8321 0.0389 0.5532
vn 0.8032 -0.5145 0.3001
vn 0.6809 -0.7225 0.1200
vn 0.7259 -0.6865 0.0423
vn 0.8510 -0.4739 0.2265
vn 0.4842 -0.8735 -0.0509
vn 0.2321 -0.9529 -0.1951
vn 0.2670 -0.9221 -0.2800
vn 0.5247 -0.8409 -0.1323
vn -0.0503 -0.9528 -0.2994
vn -0.3358 -0.8735 -0.3526
vn -0.0219 -0.9220 -0.3866
vn -0.5601 -0.6468 -0.5177
vn -0.2907 -0.8031 -0.5201
vn -0.7774 -0.4315 -0.4577
vn -0.7544 -0.3874 -0.5299
vn -0.5363 -0.6034 -0.5901
vn -0.2657 -0.7604 -0.5926
vn -0.9211 -0.1785 -0.3460
vn -0.9772 0.0875 -0.1937
vn -0.9550 0.1336 -0.2648
vn -0.8987 -0.1334 -0.4178
vn -0.9402 0.3404 -0.0152
vn -0.8136 0.5556 0.1713
vn -0.7908 0.6036 0.1015
vn -0.9178 0.3876 -0.0859
vn -0.6099 0.7120 0.3479
vn -0.3492 0.7940 0.4977
vn -0.3245 0.8430 0.4289
vn -0.5864 0.7605 0.2788
vn -0.0567 0.7939 0.6053
vn 0.2388 0.7117 0.6606
vn 0.2657 0.7604 0.5926
vn -0.0309 0.8430 0.5371
vn 0.5083 0.5551 0.6584
vn 0.7256 0.3401 0.5982
vn 0.7544 0.3874 0.5299
vn 0.5363 0.6034 0.5901
vn 0.8694 0.0872 0.4863
vn 0.9255 -0.1788 0.3340
vn 0.9550 -0.1337 0.2648
vn 0.8987 0.1334 0.4178
vn 0.8885 -0.4317 0.1557
vn 0.7618 -0.6471 -0.0307
vn 0.7908 -0.6036 -0.1015
vn 0.9178 -0.3876 0.0859
vn 0.5583 -0.8033 -0.2075
vn 0.2974 -0.8854 -0.3571
vn 0.3245 -0.8430 -0.4290
vn 0.5864 -0.7605 -0.2789
vn 0.0050 -0.8854 -0.4648
vn -0.2903 -0.8032 -0.5201
vn 0.0309 -0.8430 -0.5371
vn -0.5084 -0.5555 -0.6580
vn -0.2388 -0.7118 -0.6605
vn -0.7257 -0.3401 -0.5981
vn -0.6901 -0.2887 -0.6636
vn -0.4755 -0.5014 -0.7228
vn -0.2092 -0.6559 -0.7253
vn -0.8693 -0.0871 -0.4865
vn -0.9254 0.1789 -0.3341
vn -0.8875 0.2240 -0.4027
vn -0.8322 -0.0389 -0.5532
vn -0.8884 0.4318 -0.1559
vn -0.7618 0.6471 0.0307
vn -0.7259 0.6865 -0.0423
vn -0.8509 0.4739 -0.2266
vn -0.5583 0.8033 0.2076
vn -0.2974 0.8855 0.3571
vn -0.2670 0.9221 0.2800
vn -0.5248 0.8409 0.1324
vn -0.0050 0.8854 0.4648
vn 0.2905 0.8032 0.5201
vn 0.3138 0.8408 0.4411
vn 0.0219 0.9220 0.3865
vn 0.5601 0.6469 0.5175
vn 0.7774 0.4316 0.4576
vn 0.7948 0.4737 0.3793
vn 0.5801 0.6863 0.4387
vn 0.9211 0.1785 0.3459
vn 0.9772 -0.0874 0.1936
vn 0.9922 -0.0390 0.1184
vn 0.9368 0.2237 0.2692
vn 0.9401 -0.3405 0.0153
vn 0.8136 -0.5556 -0.1712
vn 0.8306 -0.5016 -0.2420
vn 0.9556 -0.2891 -0.0575
vn 0.6100 -0.7118 -0.3481
vn 0.3491 -0.7941 -0.4975
vn 0.3717 -0.7371 -0.5643
vn 0.6294 -0.6561 -0.4164
vn 0.0567 -0.7941 -0.6051
vn -0.2091 -0.6559 -0.7253
vn 0.0828 -0.7372 -0.6706
vn -0.4360 -0.4392 -0.7855
vn -0.1755 -0.5902 -0.7880
vn -0.6458 -0.2311 -0.7276
vn -0.5902 -0.1653 -0.7902
vn -0.3879 -0.3660 -0.8459
vn -0.1366 -0.5115 -0.8484
vn -0.7848 0.0131 -0.6196
vn -0.8389 0.2702 -0.4725
vn -0.7763 0.3182 -0.5442
vn -0.7242 0.0703 -0.6860
vn -0.8032 0.5145 -0.3001
vn -0.6809 0.7225 -0.1200
vn -0.6239 0.7543 -0.2043
vn -0.7420 0.5537 -0.3779
vn -0.4842 0.8735 0.0509
vn -0.2322 0.9529 0.1951
vn -0.1912 0.9765 0.0996
vn -0.4344 0.8999 -0.0394
vn 0.0503 0.9528 0.2994
vn 0.3359 0.8734 0.3526
vn 0.3565 0.8998 0.2515
vn 0.0811 0.9764 0.2002
vn 0.5963 0.7223 0.3503
vn 0.8062 0.5144 0.2922
vn 0.8100 0.5536 0.1933
vn 0.6076 0.7541 0.2494
vn 0.9450 0.2699 0.1846
vn 0.9992 0.0130 0.0371
vn 0.9961 0.0702 -0.0527
vn 0.9439 0.3179 0.0895
vn 0.9634 -0.2315 -0.1349
vn 0.8412 -0.4393 -0.3153
vn 0.8438 -0.3659 -0.3926
vn 0.9617 -0.1657 -0.2185
vn 0.6444 -0.5904 -0.4859
vn 0.3925 -0.6697 -0.6305
vn 0.4111 -0.5881 -0.6965
vn 0.6540 -0.5118 -0.5570
vn 0.1099 -0.6698 -0.7344
vn 0.1386 -0.5883 -0.7967
vn -0.3277 -0.2776 -0.9031
vn -0.0905 -0.4148 -0.9054
vn -0.5187 -0.0881 -0.8504
vn -0.4258 0.0035 -0.9048
vn -0.2516 -0.1695 -0.9529
vn -0.0352 -0.2947 -0.9549
vn -0.6452 0.1343 -0.7521
vn -0.6944 0.3684 -0.6182
vn -0.5861 0.4199 -0.6929
vn -0.5413 0.2064 -0.8151
vn -0.6620 0.5908 -0.4613
vn -0.5505 0.7801 -0.2974
vn -0.4549 0.7956 -0.4001
vn -0.5566 0.6229 -0.5497
vn -0.3716 0.9175 -0.1417
vn -0.1421 0.9898 -0.0104
vn -0.0822 0.9870 -0.1384
vn -0.2916 0.9211 -0.2581
vn 0.1151 0.9898 0.0845
vn 0.3750 0.9174 0.1329
vn 0.3896 0.9209 -0.0075
vn 0.1525 0.9870 -0.0517
vn 0.6121 0.7799 0.1310
vn 0.8032 0.5906 0.0780
vn 0.7803 0.6227 -0.0577
vn 0.6060 0.7954 -0.0092
vn 0.9296 0.3680 -0.0200
vn 0.9789 0.1342 -0.1543
vn 0.9406 0.2063 -0.2696
vn 0.8957 0.4196 -0.1470
vn 0.9464 -0.0885 -0.3108
vn 0.8350 -0.2775 -0.4751
vn 0.8094 -0.1694 -0.5623
vn 0.9110 0.0031 -0.4124
vn 0.6559 -0.4152 -0.6303
vn 0.4266 -0.4872 -0.7620
vn 0.4367 -0.3608 -0.8241
vn 0.6460 -0.2951 -0.7040
vn 0.1693 -0.4874 -0.8566
vn -0.0903 -0.4149 -0.9054
vn -0.0351 -0.2947 -0.9549
vn 0.2019 -0.3610 -0.9104
vn -0.1597 -0.0434 -0.9862
vn 0.0278 -0.1529 -0.9879
vn -0.3115 0.1061 -0.9443
vn -0.1703 0.2208 -0.9603
vn -0.0520 0.0988 -0.9937
vn 0.0994 0.0149 -0.9949
vn -0.4111 0.2827 -0.8666
vn -0.4507 0.4678 -0.7603
vn -0.2810 0.5083 -0.8140
vn -0.2531 0.3596 -0.8981
vn -0.4244 0.6442 -0.6363
vn -0.3367 0.7941 -0.5060
vn -0.1904 0.7677 -0.6119
vn -0.2637 0.6486 -0.7140
vn -0.1944 0.9029 -0.3833
vn -0.0130 0.9603 -0.2786
vn 0.0669 0.8998 -0.4312
vn -0.0798 0.8554 -0.5117
vn 0.1910 0.9601 -0.2041
vn 0.3968 0.9030 -0.1650
vn 0.3926 0.8542 -0.3409
vn 0.2283 0.9012 -0.3685
vn 0.5845 0.7939 -0.1673
vn 0.7361 0.6440 -0.2085
vn 0.6623 0.6483 -0.3755
vn 0.5429 0.7683 -0.3390
vn 0.8360 0.4678 -0.2869
vn 0.8753 0.2822 -0.3926
vn 0.7730 0.3608 -0.5218
vn 0.7440 0.5076 -0.4346
vn 0.8492 0.1063 -0.5172
vn 0.7614 -0.0441 -0.6468
vn 0.6824 0.1015 -0.7239
vn 0.7546 0.2186 -0.6187
vn 0.6193 -0.1524 -0.7702
vn 0.4376 -0.2103 -0.8742
vn 0.4251 -0.0307 -0.9046
vn 0.5707 0.0117 -0.8211
vn 0.2339 -0.2096 -0.9494
vn 0.0279 -0.1529 -0.9878
vn 0.2626 -0.0340 -0.9643
vn -0.4613 -0.6967 0.5494
vn -0.4990 -0.6103 0.6153
vn -0.3588 -0.7173 0.5973
vn -0.2950 -0.5211 0.8009
vn -0.5862 -0.5352 0.6083
vn -0.5565 -0.4609 0.6913
vn -0.4990 -0.6102 0.6153
vn -0.2951 -0.5211 0.8009
vn -0.5923 -0.3562 0.7227
vn -0.5094 -0.3261 0.7964
vn -0.5565 -0.4608 0.6914
vn -0.2952 -0.5211 0.8008
vn -0.4785 -0.2281 0.8480
vn -0.3756 -0.2575 0.8903
vn -0.2951 -0.5210 0.8009
vn -0.2876 -0.1993 0.9368
vn -0.2065 -0.2811 0.9372
vn -0.3757 -0.2575 0.8903
vn -0.2950 -0.5210 0.8010
vn -0.0928 -0.2821 0.9549
vn -0.0663 -0.3881 0.9192
vn -0.2064 -0.2812 0.9372
vn -0.2950 -0.5209 0.8010
vn 0.0317 -0.4436 0.8957
vn -0.0088 -0.5376 0.8432
vn -0.2949 -0.5211 0.8009
vn 0.0381 -0.6225 0.7817
vn -0.0558 -0.6723 0.7382
vn -0.0088 -0.5375 0.8432
vn -0.0756 -0.7506 0.6564
vn -0.1895 -0.7409 0.6443
vn -0.0559 -0.6723 0.7381
vn -0.2663 -0.7793 0.5673
vn -0.3587 -0.7173 0.5973
vn -0.2950 -0.5213 0.8008
vn 0.0925 0.2817 -0.9550
vn 0.2064 0.2812 -0.9372
vn 0.0663 0.3881 -0.9192
vn 0.2949 0.5210 -0.8010
vn -0.0317 0.4436 -0.8957
vn 0.0662 0.3882 -0.9192
vn 0.0088 0.5376 -0.8432
vn 0.2949 0.5211 -0.8009
vn -0.0388 0.6226 -0.7816
vn 0.0088 0.5375 -0.8432
vn 0.0559 0.6723 -0.7382
vn 0.0753 0.7509 -0.6561
vn 0.0559 0.6723 -0.7381
vn 0.1896 0.7409 -0.6443
vn 0.2950 0.5213 -0.8008
vn 0.2663 0.7793 -0.5672
vn 0.1895 0.7409 -0.6443
vn 0.3588 0.7172 -0.5973
vn 0.4613 0.6967 -0.5494
vn 0.3588 0.7173 -0.5973
vn 0.4989 0.6103 -0.6153
vn 0.2951 0.5211 -0.8009
vn 0.5856 0.5352 -0.6088
vn 0.5565 0.4609 -0.6913
vn 0.2952 0.5211 -0.8008
vn 0.5923 0.3562 -0.7227
vn 0.5565 0.4608 -0.6914
vn 0.5094 0.3261 -0.7963
vn 0.2951 0.5210 -0.8009
vn 0.4787 0.2276 -0.8479
vn 0.5093 0.3261 -0.7964
vn 0.3757 0.2575 -0.8902
vn 0.2950 0.5210 -0.8009
vn 0.2877 0.1998 -0.9367
vn 0.3757 0.2575 -0.8903
vn 0.2065 0.2811 -0.9372
vn 0.2950 0.5210 -0.8010
vn -0.0000 0.8709 0.4914
vn -0.0000 0.7946 0.6071
vn -0.0000 0.9220 0.3873
vn -0.0000 -0.3073 -0.9516
vn -0.0001 0.2361 -0.9717
vn -0.0000 0.3431 -0.9393
vn -0.0000 -0.9943 0.1071
vn 0.0001 -0.9963 -0.0855
vn -0.0000 -0.9869 -0.1613
vn -0.0000 -0.2870 0.9579
vn -0.0000 -0.3339 0.9426
vn 0.0001 -0.5893 0.8079
vn 0.9878 0.1554 0.0107
vn 0.9877 0.1555 -0.0146
vn 0.9827 0.1835 0.0255
vn 0.9790 0.2020 0.0280
vn -0.9827 -0.1835 -0.0255
vn -0.9877 -0.1555 0.0146
vn -0.9878 -0.1554 -0.0107
vn -0.9790 -0.2019 -0.0280
vn -0.0000 -0.3351 -0.9422
vn 0.9894 0.1451 0.0035
vn 0.9892 0.1461 0.0072
vn -0.0000 -0.6304 0.7763
vn -0.9894 -0.1451 -0.0035
vn -0.9892 -0.1461 -0.0072
vn -0.0000 0.7586 0.6516
vn 0.9901 0.1292 -0.0545
vn 0.9883 0.1528 0.0025
vn 0.9867 0.1609 0.0223
vn -0.0000 -0.9835 -0.1807
vn -0.9867 -0.1609 -0.0223
vn -0.9882 -0.1529 -0.0025
vn -0.9901 -0.1292 0.0545
vn 0.0023 0.5800 0.8146
vn -0.0000 0.5606 0.8281
vn -0.0000 0.6911 0.7227
vn -0.0000 0.6956 -0.7185
vn -0.0000 0.6518 -0.7584
vn -0.0000 0.7630 -0.6463
vn -0.0000 -0.9403 -0.3403
vn -0.0000 -0.8445 -0.5355
vn -0.0000 -0.8715 -0.4904
vn -0.0000 -0.7408 0.6717
vn -0.0000 -0.7209 0.6930
vn -0.0000 -0.7323 0.6809
vn 0.9802 -0.0034 -0.1979
vn 0.9916 0.0110 -0.1285
vn 0.9960 0.0689 -0.0573
vn 0.9952 0.0868 -0.0450
vn -0.9960 -0.0689 0.0573
vn -0.9916 -0.0110 0.1285
vn -0.9802 0.0034 0.1979
vn -0.9952 -0.0868 0.0450
vn -0.0000 0.3861 -0.9225
vn -0.0000 0.2600 -0.9656
vn 0.9670 -0.0581 -0.2481
vn 0.9797 -0.0601 -0.1910
vn -0.0000 -0.8967 0.4426
vn -0.0000 -0.8487 0.5288
vn -0.9797 0.0601 0.1910
vn -0.9670 0.0581 0.2481
vn -0.0000 0.0843 -0.9964
vn 0.9829 -0.0484 -0.1774
vn 0.9686 -0.0593 -0.2414
vn -0.0000 -0.9527 0.3038
vn -0.9829 0.0484 0.1774
vn -0.9686 0.0593 0.2414
vn -0.0000 0.5209 0.8536
vn 0.9918 -0.0388 -0.1214
vn 0.9881 -0.0538 -0.1441
vn 0.9850 -0.0473 -0.1657
vn 0.9962 0.0419 -0.0758
vn -0.0000 -0.8156 -0.5786
vn -0.9962 -0.0419 0.0758
vn -0.9850 0.0473 0.1657
vn -0.9881 0.0539 0.1441
vn -0.9918 0.0388 0.1215
vn 0.1001 -0.9847 0.1429
vn 0.1064 -0.9836 0.1459
vn 0.1356 -0.9791 0.1513
vn 0.1397 -0.9810 0.1347
vn 0.1181 -0.9783 0.1702
vn 0.1781 -0.9649 0.1931
vn 0.1928 -0.9540 0.2295
vn 0.1646 -0.9689 0.1848
vn 0.2100 -0.9672 0.1427
vn 0.1269 -0.9673 0.2195
vn 0.1905 -0.9537 0.2328
vn 0.0170 -0.9668 0.2550
vn 0.0135 -0.9634 0.2678
vn -0.0745 -0.9770 0.1998
vn 0.1753 -0.9603 0.2168
vn -0.0796 -0.9663 0.2447
vn -0.1584 -0.9500 0.2692
vn -0.0796 -0.9816 0.1737
vn -0.1924 -0.9591 0.2075
vn -0.3862 -0.9040 0.1835
vn -0.3151 -0.9257 0.2090
vn -0.0630 -0.9933 0.0968
vn -0.1673 -0.9791 0.1160
vn -0.0549 -0.9983 0.0175
vn -0.1409 -0.9899 0.0132
vn -0.2549 -0.9668 -0.0192
vn -0.3483 -0.9307 0.1122
vn -0.0845 -0.9855 -0.1473
vn -0.1415 -0.9733 -0.1806
vn -0.1388 -0.9390 -0.3148
vn -0.1966 -0.9156 -0.3507
vn -0.1921 -0.8950 -0.4026
vn -0.1712 -0.9534 -0.2485
vn -0.1578 -0.9050 -0.3950
vn -0.2106 -0.8827 -0.4201
vn -0.0911 -0.8987 -0.4290
vn -0.1340 -0.8862 -0.4435
vn -0.1467 -0.8894 -0.4329
vn -0.2107 -0.8716 -0.4425
vn -0.0000 -0.8980 -0.4401
vn -0.0000 -0.8942 -0.4476
vn 0.0903 -0.8984 -0.4297
vn 0.1339 -0.8862 -0.4436
vn 0.1467 -0.8894 -0.4329
vn -0.0000 -0.9089 -0.4171
vn 0.1551 -0.9051 -0.3959
vn 0.2112 -0.8825 -0.4203
vn 0.1371 -0.9394 -0.3141
vn 0.1991 -0.9149 -0.3511
vn 0.1971 -0.8936 -0.4032
vn 0.2120 -0.8713 -0.4426
vn 0.0802 -0.9838 -0.1606
vn 0.1292 -0.9735 -0.1887
vn 0.0496 -0.9986 0.0201
vn 0.0975 -0.9952 0.0089
vn 0.1777 -0.9839 -0.0174
vn 0.1528 -0.9567 -0.2479
vn 0.0722 -0.9907 0.1154
vn 0.1232 -0.9865 0.1083
vn 0.2282 -0.9678 0.1064
vn 0.2360 -0.9507 0.2013
vn 0.3219 -0.9342 0.1538
vn 0.2002 -0.9552 0.2180
vn 0.2590 -0.9618 0.0882
vn 0.3857 -0.9141 0.1248
vn 0.4833 -0.8661 0.1276
vn 0.0894 -0.9833 0.1582
vn -0.2098 -0.9715 0.1099
vn -0.2563 -0.9646 0.0614
vn 0.0214 -0.9993 0.0310
vn -0.4574 -0.8808 0.1220
vn -0.5110 -0.8500 0.1279
vn -0.3667 -0.9144 0.1716
vn -0.3809 -0.9138 0.1413
vn -0.4650 -0.8818 0.0788
vn -0.3629 -0.9289 -0.0732
vn -0.4354 -0.8966 -0.0811
vn -0.3850 -0.9185 0.0905
vn -0.2489 -0.9221 -0.2963
vn -0.2323 -0.8839 -0.4058
vn -0.4529 -0.8500 -0.2690
vn -0.4488 -0.8606 -0.2407
vn -0.2547 -0.8824 -0.3956
vn -0.2020 -0.9247 -0.3226
vn -0.2907 -0.9519 -0.0971
vn -0.4260 -0.8823 -0.2001
vn -0.0000 -0.9626 -0.2710
vn 0.2019 -0.9248 -0.3226
vn 0.2907 -0.9519 -0.0971
vn -0.0000 -0.9990 -0.0442
vn 0.2563 -0.8818 -0.3959
vn 0.2372 -0.8816 -0.4081
vn 0.4596 -0.8451 -0.2730
vn 0.4283 -0.8811 -0.2006
vn 0.2348 -0.9294 -0.2847
vn 0.3124 -0.9493 -0.0345
vn 0.5080 -0.8612 -0.0191
vn 0.4684 -0.8545 -0.2246
vn 0.3720 -0.9219 0.1081
vn 0.4835 -0.8660 0.1276
vn 0.5335 -0.8390 0.1075
vn 0.5424 -0.8399 -0.0176
vn 0.6506 -0.7571 0.0594
vn 0.3412 -0.9344 -0.1019
vn 0.4205 -0.8583 -0.2941
vn 0.6672 -0.7266 -0.1639
vn 0.7942 -0.6072 -0.0246
vn 0.0106 -0.9905 -0.1372
vn -0.2540 -0.9670 -0.0209
vn -0.3101 -0.9267 -0.2123
vn 0.0197 -0.9386 -0.3446
vn -0.3056 -0.9427 0.1338
vn -0.2893 -0.9337 0.2112
vn -0.4760 -0.8681 0.1408
vn -0.4258 -0.9048 -0.0088
vn -0.3610 -0.9171 0.1694
vn -0.5598 -0.8286 -0.0029
vn -0.7769 -0.6239 0.0847
vn -0.6149 -0.7686 0.1763
vn -0.6687 -0.7352 -0.1108
vn -0.6601 -0.7464 -0.0846
vn -0.7951 -0.6024 0.0695
vn -0.8318 -0.5548 0.0149
vn -0.5634 -0.8262 -0.0008
vn -0.3472 -0.9339 0.0858
vn -0.4176 -0.8524 0.3146
vn -0.6731 -0.7158 0.1858
vn -0.0000 -0.9921 0.1254
vn 0.3472 -0.9339 0.0858
vn 0.4176 -0.8524 0.3146
vn -0.0000 -0.9243 0.3816
vn 0.5655 -0.8247 -0.0018
vn 0.6663 -0.7402 -0.0905
vn 0.8004 -0.5962 0.0622
vn 0.6751 -0.7143 0.1844
vn 0.6957 -0.7104 -0.1062
vn 0.6973 -0.7166 0.0154
vn 0.8523 -0.5200 0.0554
vn 0.8466 -0.5322 0.0046
vn 0.6957 -0.7118 0.0964
vn 0.7943 -0.6070 -0.0246
vn 0.8442 -0.5310 0.0738
vn 0.7851 -0.5147 -0.3446
vn 0.9175 -0.3765 -0.1285
vn 0.5062 -0.6645 -0.5497
vn 0.5329 -0.1901 -0.8246
vn 0.8299 -0.1128 -0.5464
vn 0.9691 -0.0411 -0.2430
vn 0.0185 -0.7512 -0.6598
vn -0.4420 -0.7255 -0.5276
vn -0.5357 -0.2080 -0.8184
vn 0.0006 -0.2225 -0.9749
vn -0.6732 -0.6857 -0.2769
vn -0.7879 -0.6145 -0.0399
vn -0.9630 -0.1876 -0.1935
vn -0.8344 -0.2091 -0.5100
vn -0.8778 -0.4678 0.1034
vn -0.9314 -0.3443 0.1182
vn -0.9904 -0.0632 0.1228
vn -0.9936 -0.1104 0.0251
vn -0.9354 -0.3314 0.1230
vn -0.8881 -0.4027 0.2215
vn -0.9200 -0.2010 0.3364
vn -0.9736 -0.1185 0.1950
vn -0.7651 -0.4999 0.4060
vn -0.4906 -0.6025 0.6295
vn -0.4932 -0.2971 0.8176
vn -0.7825 -0.2559 0.5676
vn -0.0000 -0.6586 0.7525
vn 0.4906 -0.6025 0.6295
vn 0.4932 -0.2971 0.8176
vn -0.0000 -0.3203 0.9473
vn 0.7669 -0.4987 0.4040
vn 0.8925 -0.3980 0.2121
vn 0.9244 -0.1990 0.3255
vn 0.7844 -0.2553 0.5653
vn 0.9424 -0.3170 0.1067
vn 0.9572 -0.2754 0.0895
vn 0.9939 -0.0227 0.1078
vn 0.9777 -0.1109 0.1782
vn 0.9570 -0.2874 0.0391
vn 0.9175 -0.3764 -0.1284
vn 0.9692 -0.0410 -0.2429
vn 1.0000 -0.0010 -0.0038
vn 0.6848 0.3727 -0.6262
vn 0.8808 0.3453 -0.3240
vn 0.3975 0.3812 -0.8347
vn 0.2183 0.7078 -0.6719
vn 0.3935 0.7375 -0.5489
vn 0.5883 0.7340 -0.3393
vn -0.0194 0.3873 -0.9218
vn -0.4616 0.3498 -0.8152
vn -0.3465 0.6182 -0.7055
vn -0.0243 0.6859 -0.7273
vn -0.7702 0.2629 -0.5811
vn -0.9386 0.1927 -0.2862
vn -0.9062 0.2923 -0.3056
vn -0.6734 0.4578 -0.5805
vn -0.9806 0.1921 -0.0397
vn -0.9726 0.2013 0.1160
vn -0.9132 0.3885 0.1232
vn -0.9564 0.2883 -0.0469
vn -0.9570 0.1333 0.2576
vn -0.8994 0.0506 0.4343
vn -0.7634 0.3930 0.5126
vn -0.8463 0.4280 0.3173
vn -0.7441 0.0069 0.6680
vn -0.4582 -0.0361 0.8881
vn -0.4003 0.2422 0.8838
vn -0.6258 0.3324 0.7056
vn -0.0000 -0.0667 0.9978
vn 0.4582 -0.0361 0.8881
vn 0.4003 0.2422 0.8838
vn -0.0000 0.1858 0.9826
vn 0.7462 0.0068 0.6656
vn 0.9048 0.0501 0.4229
vn 0.7704 0.3917 0.5031
vn 0.6281 0.3320 0.7037
vn 0.9604 0.1356 0.2433
vn 0.9646 0.2370 0.1160
vn 0.8510 0.5121 0.1166
vn 0.8427 0.4408 0.3092
vn 0.9533 0.2983 -0.0472
vn 0.8809 0.3452 -0.3239
vn 0.5885 0.7339 -0.3392
vn 0.7676 0.6336 -0.0969
vn 0.1786 0.8804 -0.4392
vn 0.3073 0.8942 -0.3254
vn 0.1156 0.8414 -0.5279
vn 0.0950 0.8800 -0.4653
vn 0.1921 0.8826 -0.4290
vn 0.3704 0.8604 -0.3501
vn -0.0113 0.8117 -0.5839
vn -0.2317 0.7524 -0.6166
vn -0.0971 0.8536 -0.5117
vn 0.0069 0.8725 -0.4885
vn -0.5513 0.6034 -0.5762
vn -0.8394 0.4321 -0.3297
vn -0.5476 0.7638 -0.3416
vn -0.2862 0.8150 -0.5038
vn -0.9044 0.4232 -0.0542
vn -0.8278 0.5438 0.1378
vn -0.6941 0.7076 0.1321
vn -0.6793 0.7272 -0.0984
vn -0.7094 0.6138 0.3464
vn -0.5895 0.6104 0.5290
vn -0.5355 0.6659 0.5194
vn -0.6353 0.6882 0.3504
vn -0.4763 0.5648 0.6739
vn -0.3156 0.4890 0.8132
vn -0.2637 0.6111 0.7463
vn -0.4236 0.6393 0.6418
vn -0.0000 0.4435 0.8963
vn 0.3156 0.4890 0.8132
vn 0.2637 0.6111 0.7463
vn -0.0000 0.5972 0.8021
vn 0.4782 0.5647 0.6727
vn 0.5959 0.6101 0.5222
vn 0.5417 0.6657 0.5132
vn 0.4252 0.6393 0.6407
vn 0.6962 0.6342 0.3363
vn 0.7123 0.6944 0.1023
vn 0.6643 0.7426 0.0855
vn 0.6366 0.6960 0.3322
vn 0.5649 0.8132 -0.1397
vn 0.3074 0.8942 -0.3254
vn 0.5857 0.7948 -0.1589
vn 0.2344 0.8560 -0.4608
vn 0.4562 0.8144 -0.3587
vn 0.0818 0.8825 -0.4632
vn 0.0553 0.8709 -0.4883
vn 0.1917 0.8593 -0.4742
vn 0.3982 0.8491 -0.3472
vn 0.0101 0.8944 -0.4471
vn -0.0186 0.8964 -0.4428
vn -0.0352 0.8871 -0.4603
vn -0.0017 0.8810 -0.4731
vn -0.0842 0.9028 -0.4218
vn -0.2454 0.9135 -0.3244
vn -0.2290 0.9165 -0.3279
vn -0.0969 0.8998 -0.4254
vn -0.4412 0.8878 -0.1314
vn -0.5659 0.8178 0.1046
vn -0.4851 0.8718 0.0680
vn -0.3960 0.9064 -0.1474
vn -0.5743 0.7478 0.3330
vn -0.4999 0.7088 0.4978
vn -0.3889 0.8035 0.4507
vn -0.4724 0.8319 0.2912
vn -0.3939 0.6858 0.6120
vn -0.2365 0.6746 0.6992
vn -0.1846 0.7535 0.6310
vn -0.3050 0.7740 0.5549
vn -0.0000 0.6730 0.7396
vn 0.2365 0.6747 0.6992
vn 0.1846 0.7535 0.6310
vn -0.0000 0.7478 0.6639
vn 0.3959 0.6857 0.6108
vn 0.5068 0.7085 0.4912
vn 0.3969 0.8028 0.4449
vn 0.3072 0.7738 0.5539
vn 0.5922 0.7423 0.3136
vn 0.6311 0.7721 0.0751
vn 0.5383 0.8406 0.0606
vn 0.4916 0.8254 0.2774
vn 0.6062 0.7802 -0.1544
vn 0.4563 0.8144 -0.3586
vn 0.3983 0.8490 -0.3472
vn 0.5205 0.8418 -0.1429
vn 0.1285 0.8860 -0.4456
vn 0.2900 0.9066 -0.3067
vn 0.0443 0.8704 -0.4903
vn 0.0284 0.9081 -0.4178
vn 0.0778 0.9254 -0.3710
vn 0.2074 0.9477 -0.2428
vn -0.0104 0.8676 -0.4972
vn -0.0835 0.8708 -0.4846
vn -0.0661 0.9042 -0.4220
vn -0.0084 0.8986 -0.4386
vn -0.1748 0.8832 -0.4351
vn -0.3096 0.8984 -0.3115
vn -0.2737 0.9279 -0.2532
vn -0.1480 0.9138 -0.3782
vn -0.4002 0.9054 -0.1417
vn -0.4202 0.9068 0.0335
vn -0.3431 0.9393 0.0101
vn -0.3325 0.9355 -0.1194
vn -0.3695 0.9003 0.2301
vn -0.2792 0.8845 0.3738
vn -0.2207 0.9289 0.2975
vn -0.2962 0.9396 0.1718
vn -0.2163 0.8571 0.4676
vn -0.1482 0.8278 0.5410
vn -0.1533 0.8866 0.4363
vn -0.1759 0.9103 0.3748
vn 0.0001 0.8168 0.5769
vn 0.1481 0.8281 0.5407
vn 0.1512 0.8878 0.4347
vn 0.0002 0.8751 0.4840
vn 0.2174 0.8574 0.4665
vn 0.2866 0.8844 0.3684
vn 0.2241 0.9303 0.2905
vn 0.1743 0.9115 0.3725
vn 0.3779 0.8993 0.2200
vn 0.4184 0.9076 0.0352
vn 0.3227 0.9465 0.0060
vn 0.2972 0.9415 0.1591
vn 0.3914 0.9115 -0.1264
vn 0.2901 0.9065 -0.3066
vn 0.2074 0.9476 -0.2428
vn 0.2899 0.9508 -0.1096
vn 0.0796 -0.9848 0.1543
vn 0.0452 -0.9873 0.1521
vn 0.0757 -0.9860 0.1487
vn 0.0135 -0.9994 0.0309
vn 0.0392 -0.9840 0.1741
vn -0.0213 -0.9853 0.1693
vn 0.0134 -0.9994 0.0309
vn -0.0525 -0.9824 0.1791
vn -0.0339 -0.9911 0.1289
vn -0.0023 -0.9972 0.0749
vn -0.0000 -0.9998 0.0175
vn -0.0190 -0.9910 -0.1326
vn -0.0642 -0.9718 -0.2271
vn -0.0000 -0.9998 0.0174
vn -0.0962 -0.9368 -0.3364
vn -0.0508 -0.9432 -0.3283
vn 0.0134 -0.9994 0.0308
vn -0.0000 -0.9314 -0.3639
vn 0.0508 -0.9425 -0.3304
vn 0.0135 -0.9994 0.0308
vn 0.0903 -0.9355 -0.3415
vn 0.0715 -0.9677 -0.2418
vn 0.0388 -0.9874 -0.1536
vn 0.0495 -0.9983 0.0314
vn 0.0714 -0.9677 -0.2418
vn 0.0600 -0.9907 0.1223
vn 0.0757 -0.9860 0.1488
vn 0.0495 -0.9983 0.0315
vn 0.0068 0.9643 -0.2648
vn 0.0623 0.9811 -0.1834
vn -0.0181 0.9684 -0.2486
vn -0.0002 0.9991 -0.0433
vn -0.0025 0.9540 -0.2999
vn 0.0132 0.9682 -0.2499
vn -0.0280 0.9630 -0.2679
vn -0.0745 0.9797 -0.1862
vn -0.1859 0.9781 -0.0941
vn -0.1675 0.9855 -0.0286
vn -0.1763 0.9791 0.1016
vn -0.1675 0.9855 -0.0285
vn -0.0641 0.9794 0.1913
vn -0.0002 0.9991 -0.0432
vn -0.0655 0.9638 0.2584
vn -0.0356 0.9641 0.2633
vn -0.0001 0.9991 -0.0430
vn -0.0001 0.9435 0.3315
vn -0.0355 0.9641 0.2633
vn 0.0335 0.9643 0.2627
vn -0.0001 0.9991 -0.0432
vn 0.0639 0.9641 0.2576
vn 0.0336 0.9643 0.2627
vn 0.0630 0.9802 0.1879
vn 0.1769 0.9801 0.0899
vn 0.1622 0.9862 -0.0339
vn 0.1741 0.9801 -0.0951
vn 0.0857 0.0238 0.9960
vn 0.1136 0.0171 0.9934
vn 0.0272 0.0570 0.9980
vn 0.0323 0.0206 0.9993
vn 0.0364 0.0146 0.9992
vn 0.0881 0.0179 0.9959
vn 0.1145 0.0115 0.9934
vn 0.0920 0.1532 0.9839
vn 0.1022 0.1082 0.9889
vn 0.4620 0.5684 0.6808
vn 0.4414 0.5146 0.7351
vn 0.0730 0.0721 0.9947
vn 0.0364 0.0145 0.9992
vn 0.0968 0.0128 0.9952
vn 0.0239 0.0279 0.9993
vn 0.0949 0.0069 0.9955
vn 0.0234 0.0214 0.9995
vn -0.2384 0.6876 0.6858
vn -0.1049 0.2353 0.9663
vn -0.1407 0.2165 0.9661
vn -0.3087 0.7164 0.6257
vn 0.0232 0.0207 0.9995
vn -0.1221 0.1722 0.9775
vn -0.3390 0.6778 0.6524
vn 0.6005 0.7673 0.2249
vn 0.4620 0.5685 0.6807
vn 0.5814 0.8027 0.1329
vn 0.6078 0.7849 0.1203
vn 0.6114 0.7837 0.1100
vn 0.6078 0.7659 0.2097
vn -0.1680 0.9266 0.3364
vn -0.2074 0.9484 0.2399
vn -0.0370 0.9908 0.1299
vn -0.3087 0.7165 0.6255
vn -0.3390 0.6779 0.6523
vn -0.2293 0.9569 0.1782
vn -0.0282 0.9905 0.1345
vn 0.5717 0.8042 0.1627
vn 0.5109 0.8327 0.2136
vn 0.5081 0.8439 0.1722
vn 0.5751 0.8083 0.1259
vn 0.6114 0.7836 0.1100
vn 0.4460 0.8610 0.2443
vn 0.3462 0.8401 0.4175
vn 0.3356 0.8895 0.3101
vn 0.3112 0.9196 0.2399
vn 0.4400 0.8751 0.2014
vn 0.5080 0.8440 0.1722
vn -0.0641 0.9815 0.1803
vn -0.2074 0.9502 0.2326
vn -0.0242 0.9855 0.1681
vn -0.0370 0.9908 0.1300
vn -0.0701 0.9743 0.2141
vn -0.2136 0.9455 0.2458
vn 0.2133 0.8561 0.4707
vn 0.1941 0.7174 0.6691
vn 0.1690 0.7395 0.6516
vn 0.1631 0.9014 0.4011
vn 0.3111 0.9196 0.2398
vn 0.0881 0.5257 0.8461
vn -0.1155 0.8244 0.5541
vn -0.0681 0.8923 0.4463
vn 0.1348 0.5866 0.7986
vn -0.2076 0.9502 0.2326
vn -0.1154 0.9383 0.3259
vn 0.2384 0.6401 0.7304
vn 0.1945 0.6166 0.7629
vn 0.1941 0.7173 0.6692
vn 0.1233 0.5961 0.7934
vn 0.0958 0.6106 0.7861
vn 0.1774 0.6311 0.7552
vn 0.0983 0.4312 0.8969
vn 0.0883 0.4116 0.9071
vn 0.0879 0.5256 0.8462
vn 0.2385 0.6400 0.7304
vn 0.1086 0.4386 0.8921
vn 0.0884 0.4168 0.9047
vn 0.0572 0.5484 0.8343
vn 0.0630 0.4616 0.8849
vn 0.0511 0.4671 0.8827
vn 0.0335 0.5550 0.8312
vn 0.0957 0.6107 0.7861
vn 0.0839 0.4269 0.9004
vn 0.1001 0.3868 0.9167
vn 0.0922 0.4175 0.9040
vn 0.0891 0.4230 0.9017
vn -0.2219 -0.8523 -0.4737
vn 0.2219 -0.8522 -0.4738
vn 0.2179 -0.9075 -0.3591
vn -0.2080 -0.9198 -0.3327
vn 0.6224 -0.6880 -0.3731
vn 0.6046 -0.7621 -0.2315
vn -0.0000 -0.5756 0.8178
vn -0.8997 -0.3939 -0.1879
vn -0.6220 -0.6895 -0.3712
vn -0.6105 -0.7493 -0.2564
vn -0.8754 -0.4811 -0.0464
vn -0.8995 0.3436 0.2699
vn -0.9988 -0.0261 0.0414
vn -0.9820 -0.1041 0.1575
vn -0.8808 0.2284 0.4147
vn -0.2218 0.8026 0.5537
vn -0.6223 0.6383 0.4532
vn -0.6132 0.5448 0.5720
vn -0.2292 0.6737 0.7026
vn 0.6220 0.6399 0.4512
vn 0.2220 0.8025 0.5538
vn 0.2193 0.7058 0.6736
vn 0.6113 0.5168 0.5994
vn 0.9990 -0.0236 0.0388
vn 0.8998 0.3442 0.2681
vn 0.8861 0.2572 0.3856
vn 0.9753 -0.1260 0.1814
vn 0.8997 -0.3932 -0.1898
vn 0.8841 -0.4614 -0.0744
vn 0.6224 -0.6880 -0.3732
vn 0.2220 -0.8413 -0.4928
vn 0.6228 -0.6768 -0.3925
vn -0.2219 -0.8522 -0.4737
vn -0.2222 -0.8415 -0.4924
vn -0.2222 -0.8336 -0.5057
vn 0.2221 -0.8340 -0.5051
vn 0.6229 -0.6689 -0.4057
vn -0.6226 -0.6776 -0.3915
vn -0.8997 -0.3939 -0.1880
vn -0.9005 -0.3811 -0.2092
vn -0.9008 -0.3716 -0.2245
vn -0.6230 -0.6692 -0.4051
vn -0.9998 -0.0111 0.0179
vn -0.9003 0.3595 0.2454
vn -0.9004 0.3717 0.2260
vn -1.0000 -0.0001 0.0009
vn -0.6227 0.6557 0.4270
vn -0.2218 0.8027 0.5536
vn -0.2220 0.8201 0.5275
vn -0.2220 0.8337 0.5057
vn -0.6224 0.6691 0.4060
vn 0.2221 0.8204 0.5269
vn 0.6224 0.6566 0.4261
vn 0.6224 0.6691 0.4062
vn 0.2219 0.8335 0.5060
vn 0.9005 0.3602 0.2438
vn 0.9990 -0.0235 0.0387
vn 0.9998 -0.0097 0.0167
vn 1.0000 -0.0000 0.0009
vn 0.9004 0.3718 0.2260
vn 0.8997 -0.3931 -0.1898
vn 0.9004 -0.3806 -0.2106
vn 0.6230 -0.6689 -0.4056
vn 0.9008 -0.3717 -0.2247
vn 0.0492 0.5227 -0.8511
vn 0.6208 -0.6519 -0.4355
vn 0.2215 -0.8157 -0.5343
vn 0.0182 0.5078 -0.8613
vn 0.6215 -0.6617 -0.4194
vn 0.2218 -0.8259 -0.5183
vn -0.2217 -0.8256 -0.5188
vn -0.2210 -0.8158 -0.5345
vn -0.0176 0.5098 -0.8601
vn 0.6216 -0.6616 -0.4194
vn 0.8973 -0.3572 -0.2592
vn 0.8998 -0.3639 -0.2407
vn 0.0493 0.5227 -0.8511
vn 0.0727 0.5444 -0.8357
vn 0.0775 0.5732 -0.8157
vn 0.9993 0.0173 -0.0342
vn 0.9998 0.0086 -0.0176
vn -0.0176 0.5099 -0.8601
vn -0.2210 -0.8157 -0.5346
vn -0.6209 -0.6511 -0.4365
vn -0.0507 0.5210 -0.8521
vn -0.6217 -0.6609 -0.4204
vn -0.8998 -0.3629 -0.2424
vn -0.8987 -0.3540 -0.2589
vn -0.0705 0.5454 -0.8352
vn -0.9992 0.0189 -0.0357
vn -0.0798 0.5731 -0.8156
vn -0.9998 0.0101 -0.0191
vn -0.9008 0.3831 0.2042
vn -0.9008 0.3915 0.1879
vn -0.0690 0.6005 -0.7967
vn -0.0690 0.6005 -0.7966
vn -0.9008 0.3916 0.1878
vn -0.6228 0.6908 0.3674
vn -0.0488 0.6233 -0.7805
vn -0.6229 0.6818 0.3836
vn -0.2220 0.8471 0.4829
vn -0.2222 0.8559 0.4670
vn -0.0168 0.6337 -0.7734
vn -0.2222 0.8559 0.4669
vn 0.2224 0.8558 0.4671
vn 0.0174 0.6354 -0.7720
vn 0.2222 0.8468 0.4833
vn 0.6229 0.6813 0.3845
vn 0.6234 0.6897 0.3683
vn 0.0474 0.6219 -0.7817
vn 0.6235 0.6896 0.3683
vn 0.9008 0.3907 0.1893
vn 0.0712 0.6012 -0.7959
vn 0.9009 0.3820 0.2060
vn 0.0775 0.5733 -0.8157
vn 0.2222 -0.8281 -0.5146
vn 0.6224 -0.6637 -0.4148
vn -0.2223 -0.8279 -0.5150
vn -0.6227 -0.6629 -0.4156
vn -0.9006 -0.3646 -0.2367
vn -0.9999 0.0081 -0.0127
vn -0.9004 0.3805 0.2112
vn -0.6224 0.6783 0.3906
vn -0.2219 0.8434 0.4893
vn 0.2219 0.8430 0.4900
vn 0.6223 0.6781 0.3910
vn 0.9004 0.3797 0.2124
vn 0.9999 0.0071 -0.0116
vn 0.9006 -0.3655 -0.2354
vn 0.6225 -0.6637 -0.4148
vn 0.0182 0.5079 -0.8612
vn 0.0026 0.5660 -0.8244
vn 0.0049 0.5702 -0.8215
vn -0.0018 0.5689 -0.8224
vn -0.0000 0.5753 -0.8179
vn -0.0071 0.5679 -0.8231
vn -0.0071 0.5725 -0.8199
vn -0.0113 0.5752 -0.8179
vn -0.0069 0.5780 -0.8160
vn -0.0069 0.5823 -0.8129
vn -0.0168 0.6336 -0.7734
vn -0.0017 0.5813 -0.8137
vn 0.0174 0.6353 -0.7721
vn 0.0025 0.5841 -0.8117
vn 0.0474 0.6218 -0.7817
vn 0.0048 0.5801 -0.8145
vn 0.0712 0.6011 -0.7960
vn 0.0101 0.5792 -0.8151
vn 0.0774 0.5732 -0.8157
vn 0.0077 0.5753 -0.8179
vn 0.0103 0.5712 -0.8208
vn 0.7244 -0.6821 -0.1002
vn 0.7634 -0.5476 -0.3427
vn 0.9405 -0.2837 -0.1870
vn 0.8995 -0.4318 0.0666
vn 0.0190 0.5847 -0.8110
vn -0.0287 0.5352 -0.8442
vn -0.0341 0.5748 -0.8176
vn 0.9998 0.0095 -0.0150
vn 0.9541 -0.1728 0.2446
vn 0.7633 -0.5477 -0.3427
vn 0.5071 -0.7104 -0.4880
vn 0.0596 0.6239 -0.7793
vn 0.7243 -0.6822 -0.1002
vn 0.4697 -0.8540 -0.2237
vn 0.1649 -0.9450 -0.2825
vn 0.1737 -0.7992 -0.5754
vn -0.0093 0.6178 -0.7863
vn 0.1738 -0.7993 -0.5753
vn -0.2046 -0.8078 -0.5528
vn -0.0840 0.6040 -0.7925
vn -0.1819 -0.9411 -0.2850
vn -0.5287 -0.8235 -0.2059
vn -0.5593 -0.6974 -0.4482
vn -0.0479 0.5857 -0.8091
vn -0.5593 -0.6973 -0.4482
vn -0.8029 -0.4928 -0.3354
vn 0.0048 0.5590 -0.8292
vn -0.7695 -0.6326 -0.0873
vn -0.8986 -0.4357 0.0523
vn -0.9398 -0.2748 -0.2030
vn 0.0064 0.5774 -0.8164
vn -0.9398 -0.2749 -0.2030
vn -0.9999 -0.0101 -0.0040
vn -0.0056 0.6117 -0.7910
vn -0.9555 -0.1839 0.2306
vn -0.8933 0.1033 0.4375
vn -0.9340 0.2869 0.2129
vn -0.0093 0.6097 -0.7926
vn -0.9340 0.2869 0.2130
vn -0.7573 0.5301 0.3815
vn -0.0309 0.5859 -0.8098
vn -0.7225 0.3443 0.5996
vn -0.4532 0.5198 0.7242
vn -0.4828 0.7098 0.5130
vn -0.0722 0.5572 -0.8272
vn -0.0722 0.5572 -0.8273
vn -0.4828 0.7098 0.5129
vn -0.1517 0.8157 0.5582
vn -0.0840 0.5455 -0.8339
vn -0.1303 0.6122 0.7799
vn 0.1664 0.6062 0.7777
vn 0.1739 0.8234 0.5401
vn -0.0080 0.5371 -0.8435
vn 0.4888 0.7163 0.4980
vn 0.0537 0.5307 -0.8459
vn 0.4577 0.5219 0.7199
vn 0.7391 0.3235 0.5909
vn 0.7749 0.5024 0.3836
vn 0.0143 0.5726 -0.8197
vn 0.7749 0.5023 0.3836
vn 0.9478 0.2605 0.1841
vn -0.0270 0.6136 -0.7891
vn 0.9086 0.0735 0.4111
vn 0.9998 0.0095 -0.0152
vn 0.0179 -0.5877 0.8089
vn 0.1468 -0.9749 -0.1674
vn 0.4712 -0.8592 -0.1996
vn 0.6901 -0.7237 0.0085
vn -0.4912 -0.8655 -0.0983
vn -0.1884 -0.9466 -0.2615
vn -0.8591 -0.4893 0.1501
vn -0.7626 -0.6434 -0.0668
vn -0.8522 0.0226 0.5227
vn -0.9485 -0.1929 0.2513
vn -0.4277 0.4255 0.7975
vn -0.7173 0.3267 0.6155
vn 0.1658 0.5084 0.8450
vn -0.1361 0.5928 0.7938
vn 0.7037 0.2384 0.6693
vn 0.4597 0.5013 0.7331
vn 0.9117 -0.2374 0.3352
vn 0.9002 0.0624 0.4310
vn 0.6902 -0.7236 0.0086
vn 0.8911 -0.4459 0.0839
vn 0.0190 0.5848 -0.8110
vn 0.0596 0.6239 -0.7792
vn 0.0448 0.6369 -0.7696
vn 0.0006 0.5941 -0.8044
vn -0.0142 0.6301 -0.7764
vn -0.0155 0.5797 -0.8147
vn -0.0754 0.6209 -0.7802
vn -0.0296 0.5982 -0.8008
vn 0.0221 0.5712 -0.8205
vn 0.0200 0.5880 -0.8086
vn 0.0170 0.6108 -0.7916
vn 0.0024 0.5950 -0.8038
vn -0.0309 0.5858 -0.8098
vn -0.0143 0.5739 -0.8188
vn -0.0507 0.5492 -0.8342
vn -0.0781 0.5277 -0.8458
vn -0.0168 0.5235 -0.8519
vn 0.0392 0.5165 -0.8554
vn -0.0037 0.5623 -0.8269
vn -0.0467 0.6046 -0.7951
vn -0.0482 0.5753 -0.8165
vn -0.0481 0.5443 -0.8375
vn 0.2936 -0.8410 0.4545
vn 0.1388 -0.9026 0.4075
vn 0.1811 -0.9533 0.2416
vn 0.3771 -0.8775 0.2963
vn -0.0332 -0.9182 0.3947
vn -0.0340 -0.9747 0.2210
vn -0.0337 -0.9974 0.0640
vn 0.2142 -0.9729 0.0867
vn 0.4395 -0.8855 0.1507
vn -0.2039 -0.8912 0.4053
vn -0.2474 -0.9390 0.2389
vn -0.3548 -0.8193 0.4504
vn -0.4386 -0.8502 0.2911
vn -0.4996 -0.8541 0.1448
vn -0.2797 -0.9564 0.0836
vn -0.4762 -0.7135 0.5140
vn -0.5880 -0.7167 0.3749
vn -0.5484 -0.5820 0.6004
vn -0.6822 -0.5516 0.4799
vn -0.7800 -0.5103 0.3621
vn -0.6722 -0.7003 0.2403
vn -0.5741 -0.4374 0.6922
vn -0.7105 -0.3714 0.5977
vn -0.5401 -0.2969 0.7875
vn -0.6717 -0.1930 0.7152
vn -0.7680 -0.0974 0.6330
vn -0.8133 -0.3024 0.4971
vn -0.4602 -0.1684 0.8717
vn -0.5681 -0.0350 0.8222
vn -0.3330 -0.0730 0.9401
vn -0.4112 0.0887 0.9072
vn -0.4680 0.2270 0.8541
vn -0.6492 0.0853 0.7558
vn -0.1781 -0.0092 0.9840
vn -0.2152 0.1641 0.9627
vn -0.0062 0.0043 1.0000
vn -0.0001 0.1859 0.9826
vn 0.0053 0.3389 0.9408
vn -0.2426 0.3147 0.9177
vn 0.1645 -0.0207 0.9862
vn 0.2134 0.1498 0.9654
vn 0.3154 -0.0947 0.9442
vn 0.4046 0.0615 0.9124
vn 0.4712 0.1956 0.8601
vn 0.2513 0.2982 0.9208
vn 0.4368 -0.1984 0.8774
vn 0.5539 -0.0725 0.8294
vn 0.5090 -0.3320 0.7942
vn 0.6481 -0.2371 0.7237
vn 0.7516 -0.1482 0.6427
vn 0.6437 0.0421 0.7641
vn 0.5347 -0.4745 0.6993
vn 0.6764 -0.4178 0.6066
vn 0.5006 -0.6170 0.6072
vn 0.6377 -0.5957 0.4883
vn 0.7395 -0.5611 0.3718
vn 0.7849 -0.3558 0.5073
vn 0.4209 -0.7434 0.5198
vn 0.5340 -0.7542 0.3821
vn 0.4397 -0.8854 0.1508
vn 0.6208 -0.7435 0.2486
vn 0.2388 -0.9697 -0.0523
vn 0.4859 -0.8738 0.0178
vn -0.0328 -0.9965 -0.0772
vn -0.0315 -0.9798 -0.1974
vn 0.2563 -0.9514 -0.1709
vn 0.5179 -0.8500 -0.0967
vn -0.3024 -0.9516 -0.0557
vn -0.5433 -0.8394 0.0113
vn -0.5723 -0.8135 -0.1036
vn -0.3170 -0.9322 -0.1745
vn -0.7324 -0.6709 0.1160
vn -0.8507 -0.4627 0.2495
vn -0.8979 -0.4144 0.1487
vn -0.7725 -0.6349 0.0074
vn -0.8871 -0.2348 0.3974
vn -0.8375 -0.0102 0.5464
vn -0.8839 0.0650 0.4632
vn -0.9364 -0.1731 0.3054
vn -0.7073 0.1900 0.6809
vn -0.5087 0.3453 0.7887
vn -0.5356 0.4415 0.7199
vn -0.7459 0.2770 0.6058
vn -0.2616 0.4414 0.8583
vn 0.0100 0.4680 0.8837
vn 0.0139 0.5714 0.8205
vn -0.2739 0.5433 0.7936
vn 0.2796 0.4233 0.8618
vn 0.5205 0.3109 0.7952
vn 0.5547 0.4051 0.7268
vn 0.2994 0.5241 0.7973
vn 0.7096 0.1427 0.6900
vn 0.8279 -0.0658 0.5570
vn 0.8802 0.0060 0.4745
vn 0.7549 0.2268 0.6153
vn 0.8643 -0.2934 0.4086
vn 0.8146 -0.5184 0.2601
vn 0.8662 -0.4734 0.1600
vn 0.9187 -0.2350 0.3173
vn 0.6845 -0.7182 0.1251
vn 0.4860 -0.8738 0.0178
vn 0.5180 -0.8499 -0.0967
vn 0.7283 -0.6851 0.0170
vn 0.2684 -0.9238 -0.2730
vn 0.5398 -0.8186 -0.1962
vn -0.0299 -0.9533 -0.3006
vn -0.0282 -0.9198 -0.3913
vn 0.2769 -0.8897 -0.3630
vn 0.5545 -0.7820 -0.2846
vn -0.3260 -0.9040 -0.2767
vn -0.5908 -0.7808 -0.2034
vn -0.6018 -0.7434 -0.2918
vn -0.3310 -0.8694 -0.3669
vn -0.7984 -0.5956 -0.0881
vn -0.9284 -0.3669 0.0583
vn -0.9470 -0.3202 -0.0244
vn -0.8141 -0.5541 -0.1740
vn -0.9683 -0.1167 0.2209
vn -0.9139 0.1302 0.3845
vn -0.9322 0.1882 0.3092
vn -0.9878 -0.0643 0.1420
vn -0.7708 0.3500 0.5324
vn -0.5527 0.5207 0.6506
vn -0.5629 0.5875 0.5814
vn -0.7858 0.4128 0.4606
vn -0.2813 0.6262 0.7272
vn 0.0171 0.6554 0.7551
vn 0.0198 0.7253 0.6881
vn -0.2853 0.6953 0.6597
vn 0.3132 0.6062 0.7310
vn 0.5779 0.4830 0.6578
vn 0.5934 0.5489 0.5887
vn 0.3226 0.6750 0.6636
vn 0.7856 0.2980 0.5423
vn 0.9156 0.0691 0.3962
vn 0.9386 0.1257 0.3212
vn 0.8057 0.3597 0.4706
vn 0.9554 -0.1809 0.2332
vn 0.9010 -0.4281 0.0700
vn 0.9238 -0.3827 -0.0124
vn 0.9794 -0.1300 0.1546
vn 0.7579 -0.6476 -0.0782
vn 0.5399 -0.8186 -0.1961
vn 0.7774 -0.6073 -0.1638
vn 0.2824 -0.8502 -0.4444
vn 0.5634 -0.7412 -0.3650
vn -0.0264 -0.8808 -0.4728
vn -0.0244 -0.8358 -0.5484
vn 0.2856 -0.8052 -0.5196
vn 0.5677 -0.6958 -0.4399
vn -0.3329 -0.8296 -0.4483
vn -0.6069 -0.7021 -0.3724
vn -0.6072 -0.6566 -0.4474
vn -0.3321 -0.7846 -0.5236
vn -0.8218 -0.5107 -0.2527
vn -0.9564 -0.2738 -0.1014
vn -0.9581 -0.2265 -0.1755
vn -0.8229 -0.4643 -0.3275
vn -0.9977 -0.0147 0.0669
vn -0.9414 0.2409 0.2361
vn -0.9430 0.2900 0.1634
vn -0.9994 0.0334 -0.0064
vn -0.7932 0.4683 0.3892
vn -0.5676 0.6449 0.5118
vn -0.5677 0.6958 0.4399
vn -0.7942 0.5183 0.3172
vn -0.2866 0.7541 0.5909
vn 0.0223 0.7846 0.6196
vn 0.0244 0.8358 0.5484
vn -0.2856 0.8052 0.5196
vn 0.3287 0.7336 0.5948
vn 0.6028 0.6060 0.5190
vn 0.6072 0.6566 0.4474
vn 0.3321 0.7846 0.5236
vn 0.8177 0.4145 0.3995
vn 0.9523 0.1775 0.2484
vn 0.9581 0.2265 0.1755
vn 0.8229 0.4643 0.3275
vn 0.9935 -0.0813 0.0796
vn 0.9373 -0.3370 -0.0893
vn 0.9430 -0.2900 -0.1634
vn 0.9994 -0.0334 0.0064
vn 0.7891 -0.5643 -0.2426
vn 0.5678 -0.6958 -0.4399
vn 0.7942 -0.5183 -0.3172
vn 0.2866 -0.7541 -0.5909
vn 0.5676 -0.6451 -0.5115
vn -0.0223 -0.7843 -0.6199
vn -0.0198 -0.7252 -0.6882
vn 0.2853 -0.6953 -0.6597
vn 0.5628 -0.5876 -0.5814
vn -0.3287 -0.7334 -0.5950
vn -0.6028 -0.6058 -0.5193
vn -0.5934 -0.5489 -0.5887
vn -0.3226 -0.6749 -0.6636
vn -0.8177 -0.4143 -0.3997
vn -0.9523 -0.1775 -0.2484
vn -0.9386 -0.1257 -0.3212
vn -0.8057 -0.3597 -0.4706
vn -0.9935 0.0813 -0.0796
vn -0.9373 0.3370 0.0895
vn -0.9238 0.3827 0.0124
vn -0.9794 0.1300 -0.1546
vn -0.7890 0.5644 0.2426
vn -0.5634 0.7412 0.3649
vn -0.5545 0.7820 0.2846
vn -0.7774 0.6073 0.1639
vn -0.2824 0.8503 0.4442
vn 0.0264 0.8807 0.4729
vn 0.0282 0.9198 0.3913
vn -0.2769 0.8897 0.3629
vn 0.3329 0.8295 0.4484
vn 0.6069 0.7021 0.3724
vn 0.6018 0.7434 0.2918
vn 0.3310 0.8693 0.3670
vn 0.8218 0.5107 0.2527
vn 0.9564 0.2737 0.1016
vn 0.9470 0.3202 0.0244
vn 0.8141 0.5541 0.1741
vn 0.9977 0.0146 -0.0668
vn 0.9414 -0.2408 -0.2362
vn 0.9322 -0.1882 -0.3092
vn 0.9878 0.0643 -0.1420
vn 0.7932 -0.4683 -0.3892
vn 0.5677 -0.6451 -0.5115
vn 0.5630 -0.5875 -0.5813
vn 0.7858 -0.4129 -0.4605
vn 0.2813 -0.6262 -0.7272
vn 0.5527 -0.5207 -0.6506
vn -0.0171 -0.6554 -0.7551
vn -0.0139 -0.5714 -0.8206
vn 0.2739 -0.5433 -0.7936
vn 0.5356 -0.4415 -0.7199
vn -0.3132 -0.6063 -0.7310
vn -0.5779 -0.4830 -0.6578
vn -0.5547 -0.4051 -0.7268
vn -0.2994 -0.5241 -0.7973
vn -0.7856 -0.2979 -0.5423
vn -0.9156 -0.0691 -0.3962
vn -0.8802 -0.0060 -0.4745
vn -0.7549 -0.2268 -0.6154
vn -0.9555 0.1809 -0.2332
vn -0.9010 0.4281 -0.0700
vn -0.8662 0.4734 -0.1600
vn -0.9187 0.2351 -0.3173
vn -0.7579 0.6476 0.0782
vn -0.5399 0.8186 0.1961
vn -0.5180 0.8499 0.0967
vn -0.7283 0.6851 -0.0170
vn -0.2685 0.9238 0.2730
vn 0.0299 0.9533 0.3006
vn 0.0315 0.9798 0.1974
vn -0.2562 0.9514 0.1708
vn 0.3260 0.9039 0.2768
vn 0.5908 0.7808 0.2033
vn 0.5723 0.8135 0.1036
vn 0.3170 0.9322 0.1745
vn 0.7984 0.5956 0.0881
vn 0.9284 0.3669 -0.0583
vn 0.8979 0.4144 -0.1487
vn 0.7725 0.6349 -0.0074
vn 0.9683 0.1167 -0.2210
vn 0.9139 -0.1302 -0.3845
vn 0.8839 -0.0650 -0.4632
vn 0.9364 0.1731 -0.3054
vn 0.7708 -0.3500 -0.5324
vn 0.5528 -0.5207 -0.6506
vn 0.5356 -0.4415 -0.7198
vn 0.7459 -0.2770 -0.6058
vn 0.2616 -0.4414 -0.8583
vn 0.5087 -0.3453 -0.7887
vn -0.0100 -0.4680 -0.8837
vn -0.0053 -0.3389 -0.9408
vn 0.2426 -0.3147 -0.9177
vn 0.4679 -0.2270 -0.8541
vn -0.2796 -0.4233 -0.8618
vn -0.5205 -0.3109 -0.7952
vn -0.4712 -0.1956 -0.8601
vn -0.2513 -0.2982 -0.9208
vn -0.7096 -0.1427 -0.6900
vn -0.8279 0.0658 -0.5570
vn -0.7516 0.1482 -0.6427
vn -0.6437 -0.0421 -0.7641
vn -0.8643 0.2934 -0.4086
vn -0.8147 0.5183 -0.2601
vn -0.7395 0.5611 -0.3718
vn -0.7849 0.3558 -0.5073
vn -0.6845 0.7182 -0.1251
vn -0.4859 0.8738 -0.0179
vn -0.4396 0.8855 -0.1507
vn -0.6208 0.7435 -0.2486
vn -0.2388 0.9697 0.0523
vn 0.0328 0.9965 0.0772
vn 0.0337 0.9974 -0.0640
vn -0.2141 0.9729 -0.0868
vn 0.3024 0.9516 0.0557
vn 0.5433 0.8394 -0.0113
vn 0.4996 0.8541 -0.1448
vn 0.2797 0.9564 -0.0836
vn 0.7324 0.6709 -0.1160
vn 0.8507 0.4627 -0.2495
vn 0.7800 0.5103 -0.3621
vn 0.6721 0.7003 -0.2404
vn 0.8871 0.2348 -0.3974
vn 0.8375 0.0102 -0.5464
vn 0.7680 0.0974 -0.6330
vn 0.8133 0.3024 -0.4971
vn 0.7073 -0.1900 -0.6809
vn 0.5088 -0.3453 -0.7886
vn 0.4680 -0.2270 -0.8541
vn 0.6492 -0.0853 -0.7558
vn 0.2152 -0.1641 -0.9627
vn 0.4112 -0.0888 -0.9072
vn 0.0001 -0.1859 -0.9826
vn 0.0062 -0.0043 -1.0000
vn 0.1781 0.0092 -0.9840
vn 0.3330 0.0730 -0.9401
vn -0.2134 -0.1498 -0.9654
vn -0.4046 -0.0615 -0.9124
vn -0.3154 0.0946 -0.9442
vn -0.1645 0.0207 -0.9862
vn -0.5539 0.0725 -0.8294
vn -0.6481 0.2371 -0.7237
vn -0.5090 0.3320 -0.7942
vn -0.4368 0.1984 -0.8774
vn -0.6764 0.4178 -0.6066
vn -0.6377 0.5957 -0.4883
vn -0.5006 0.6170 -0.6072
vn -0.5347 0.4745 -0.6993
vn -0.5340 0.7542 -0.3821
vn -0.3771 0.8775 -0.2963
vn -0.2936 0.8410 -0.4545
vn -0.4209 0.7434 -0.5198
vn -0.1811 0.9533 -0.2416
vn 0.0340 0.9747 -0.2210
vn 0.0332 0.9182 -0.3947
vn -0.1388 0.9026 -0.4075
vn 0.2474 0.9390 -0.2389
vn 0.4386 0.8502 -0.2911
vn 0.3548 0.8193 -0.4504
vn 0.2039 0.8912 -0.4053
vn 0.5880 0.7167 -0.3749
vn 0.6822 0.5516 -0.4799
vn 0.5484 0.5820 -0.6004
vn 0.4762 0.7135 -0.5140
vn 0.7105 0.3714 -0.5977
vn 0.6717 0.1930 -0.7152
vn 0.5401 0.2969 -0.7875
vn 0.5741 0.4374 -0.6922
vn 0.5681 0.0350 -0.8222
vn 0.4112 -0.0887 -0.9072
vn 0.3330 0.0729 -0.9401
vn 0.4602 0.1684 -0.8717
vn 0.0759 -0.7912 0.6069
vn -0.0297 -0.7646 0.6438
vn 0.1402 -0.7245 0.6749
vn -0.0236 -0.5480 0.8361
vn -0.1365 -0.7845 0.6050
vn -0.1967 -0.7133 0.6727
vn -0.0237 -0.5481 0.8361
vn -0.3048 -0.6741 0.6728
vn -0.2974 -0.5899 0.7507
vn -0.1968 -0.7132 0.6728
vn -0.0237 -0.5480 0.8361
vn -0.3655 -0.5031 0.7831
vn -0.2930 -0.4418 0.8479
vn -0.0237 -0.5480 0.8362
vn -0.2954 -0.3361 0.8943
vn -0.1855 -0.3254 0.9272
vn -0.2931 -0.4418 0.8479
vn -0.0238 -0.5479 0.8362
vn -0.1203 -0.2380 0.9638
vn -0.0157 -0.2853 0.9583
vn -0.1854 -0.3254 0.9272
vn -0.0237 -0.5479 0.8362
vn 0.0919 -0.2451 0.9651
vn 0.1515 -0.3367 0.9293
vn -0.0236 -0.5479 0.8362
vn 0.2605 -0.3551 0.8978
vn 0.2521 -0.4600 0.8514
vn 0.1514 -0.3367 0.9294
vn 0.3211 -0.5261 0.7875
vn 0.2478 -0.6081 0.7542
vn -0.0234 -0.5480 0.8362
vn 0.2510 -0.6928 0.6760
vn 0.2477 -0.6081 0.7542
vn 0.1205 0.2375 -0.9639
vn 0.1854 0.3254 -0.9272
vn 0.0157 0.2853 -0.9583
vn 0.0237 0.5479 -0.8362
vn -0.0919 0.2453 -0.9651
vn 0.0156 0.2853 -0.9583
vn -0.1515 0.3367 -0.9293
vn 0.0236 0.5479 -0.8362
vn -0.2609 0.3548 -0.8978
vn -0.1514 0.3367 -0.9294
vn -0.2521 0.4600 -0.8514
vn -0.3216 0.5260 -0.7873
vn -0.2477 0.6081 -0.7542
vn 0.0235 0.5480 -0.8362
vn -0.2510 0.6928 -0.6760
vn -0.1401 0.7245 -0.6749
vn 0.0236 0.5480 -0.8361
vn -0.0759 0.7912 -0.6068
vn 0.0296 0.7646 -0.6438
vn 0.1362 0.7840 -0.6056
vn 0.1967 0.7133 -0.6727
vn 0.0237 0.5480 -0.8361
vn 0.3048 0.6741 -0.6728
vn 0.1968 0.7132 -0.6728
vn 0.2974 0.5900 -0.7507
vn 0.3661 0.5030 -0.7829
vn 0.2974 0.5899 -0.7507
vn 0.2931 0.4418 -0.8479
vn 0.2950 0.3366 -0.8942
vn 0.1855 0.3254 -0.9272
vn 0.3703 0.1239 -0.9206
vn 0.6769 -0.6328 -0.3761
vn 0.4678 -0.7666 -0.4398
vn 0.1207 -0.9926 -0.0149
vn -0.9631 -0.1925 -0.1879
vn -0.7859 0.5938 0.1724
vn -0.5587 0.8005 0.2171
vn -0.6110 0.7825 0.1199
vn -0.1113 0.9176 0.3816
vn -0.0768 0.9536 0.2910
vn -0.0248 0.9920 0.1237
vn -0.1113 0.9176 0.3817
vn 0.9779 0.1635 0.1300
vn 0.8652 0.4718 0.1699
vn -0.0766 0.9537 0.2909
vn 0.9371 -0.3189 -0.1422
vn 0.9783 0.2025 0.0443
vn -0.0248 0.9920 0.1236
vn 0.9370 -0.3190 -0.1422
vn 0.1519 -0.9042 -0.3993
vn 0.0200 -0.9945 -0.1031
vn 0.6650 -0.7445 -0.0589
vn -0.9899 -0.1409 0.0168
vn -0.9994 0.0170 -0.0308
vn -0.0456 -0.9562 0.2892
vn 0.4713 -0.8392 0.2713
vn -0.5480 0.8365 -0.0023
vn -0.0195 0.9997 -0.0134
vn 0.0574 0.9462 -0.3185
vn -0.4385 0.8412 -0.3163
vn 0.9840 0.1674 0.0616
vn 0.9944 0.0769 0.0731
vn -0.1158 -0.8505 0.5131
vn 0.3853 -0.7811 0.4913
vn -0.9941 0.0458 -0.0986
vn -0.9920 0.1256 -0.0115
vn -0.1427 -0.6986 0.7012
vn 0.5279 -0.6406 0.5576
vn -0.3941 0.7784 -0.4886
vn 0.0898 0.8657 -0.4925
vn 0.1759 0.7655 -0.6189
vn -0.4695 0.6882 -0.5531
vn 0.9970 -0.0141 0.0762
vn 0.9991 -0.0429 0.0027
vn -0.1665 -0.5551 0.8150
vn 0.6827 -0.5063 0.5269
vn -0.9839 0.1675 0.0622
vn -0.9826 0.1783 0.0524
vn -0.1787 -0.3969 0.9003
vn 0.7470 -0.3491 0.5658
vn -0.6558 0.5727 -0.4919
vn 0.1766 0.6900 -0.7020
vn 0.1145 0.6133 -0.7815
vn -0.7383 0.4523 -0.5004
vn 0.9956 -0.0766 -0.0535
vn 0.9992 -0.0348 -0.0172
vn -0.1593 -0.2527 0.9543
vn 0.7035 -0.1647 0.6913
vn -0.9926 0.1200 -0.0189
vn -0.9940 -0.0057 -0.1093
vn -0.1443 -0.2026 0.9686
vn 0.6408 -0.0396 0.7667
vn -0.7218 0.3152 -0.6162
vn 0.0883 0.4850 -0.8700
vn 0.0790 0.4046 -0.9111
vn -0.6794 0.1844 -0.7103
vn 0.9939 0.0799 0.0756
vn 0.9688 0.1899 0.1593
vn 0.6580 0.0638 0.7503
vn -0.1632 -0.0141 0.9865
vn -0.2086 0.1531 0.9659
vn 0.6616 0.1698 0.7304
vn -0.9906 0.0864 -0.1064
vn -0.9579 0.2769 -0.0756
vn -0.2428 0.4237 0.8727
vn -0.6321 0.1374 -0.7626
vn -0.6203 0.2104 -0.7557
vn 0.1490 0.2665 -0.9522
vn 0.1327 0.2933 -0.9468
vn 0.0460 0.6144 -0.7876
vn -0.6093 0.3741 -0.6991
vn 0.9842 0.1650 0.0645
vn 0.9834 0.1809 0.0108
vn 0.9425 0.3265 -0.0721
vn -0.1347 -0.1349 0.9817
vn 0.6411 0.0300 0.7669
vn -0.9903 -0.0311 -0.1356
vn -0.6515 0.1259 -0.7481
vn 0.0987 0.3504 -0.9314
vn 0.9655 0.2178 0.1425
vn -0.1958 0.3824 -0.9030
vn -0.2550 0.3082 -0.9165
vn -0.2943 0.4671 -0.8338
vn -0.2389 0.5014 -0.8316
vn -0.4087 0.5550 -0.7246
vn -0.2776 0.6117 -0.7408
vn -0.1489 0.4022 -0.9034
vn -0.1958 0.3823 -0.9031
vn -0.1727 0.5210 -0.8359
vn -0.2775 0.6117 -0.7408
vn -0.1906 0.6372 -0.7467
vn -0.4888 0.5976 -0.6355
vn -0.3115 0.7124 -0.6288
vn -0.5449 0.4853 -0.6837
vn -0.6612 0.5914 -0.4616
vn -0.5609 0.6647 -0.4935
vn -0.3377 0.7955 -0.5031
vn -0.3114 0.7125 -0.6288
vn -0.1199 0.7757 -0.6197
vn -0.0853 0.8513 -0.5177
vn 0.0295 0.8077 -0.5888
vn 0.0374 0.8513 -0.5234
vn -0.5993 0.7165 -0.3572
vn -0.3559 0.8592 -0.3676
vn -0.7509 0.5668 -0.3389
vn -0.8226 0.5280 -0.2112
vn -0.6238 0.7517 -0.2142
vn -0.3658 0.9030 -0.2252
vn -0.9015 0.3961 -0.1744
vn -0.1350 0.9039 -0.4060
vn 0.0463 0.8848 -0.4636
vn -0.3558 0.8592 -0.3676
vn -0.2204 0.9368 -0.2716
vn -0.6344 0.7700 -0.0680
vn -0.3677 0.9266 -0.0790
vn -0.8199 0.5666 -0.0818
vn -0.7446 0.6674 0.0080
vn -0.5922 0.8041 0.0532
vn -0.3615 0.9299 0.0683
vn -0.9442 0.3257 -0.0490
vn -0.9946 0.1041 -0.0010
vn -0.9740 0.2264 0.0024
vn 0.6298 0.7426 -0.2276
vn 0.6314 0.7411 -0.2280
vn 0.6303 0.7415 -0.2301
vn 0.6294 0.7423 -0.2297
vn -0.2902 0.9567 -0.0241
vn -0.2131 0.9769 -0.0139
vn -0.3223 0.9395 -0.1162
vn -0.2818 0.9515 0.1233
vn -0.4899 0.8434 0.2206
vn -0.3475 0.9129 0.2142
vn -0.5180 0.7658 0.3811
vn -0.3258 0.8759 0.3559
vn -0.9071 0.3913 0.1553
vn -0.9492 0.2746 0.1536
vn -0.9461 0.2287 0.2295
vn -0.9621 0.0909 0.2572
vn -0.9289 0.0841 0.3605
vn -0.9289 0.1892 0.3183
vn -0.8775 0.3753 0.2985
vn -0.2020 0.9702 0.1337
vn -0.3169 0.9480 0.0301
vn -0.2667 0.9261 0.2669
vn -0.5303 0.6851 0.4994
vn -0.2969 0.8191 0.4909
vn -0.6640 0.6058 0.4383
vn -0.5530 0.5082 0.6603
vn -0.4838 0.6125 0.6252
vn -0.2607 0.7433 0.6161
vn -0.9001 0.0796 0.4284
vn -0.1704 0.8924 0.4179
vn -0.2850 0.9019 0.3245
vn -0.2201 0.8206 0.5274
vn -0.1486 0.8223 0.5493
vn -0.2580 0.8460 0.4666
vn -0.1900 0.7438 0.6408
vn -0.3942 0.5641 0.7255
vn -0.2179 0.6491 0.7288
vn -0.5321 0.4949 0.6870
vn -0.2748 0.4565 0.8462
vn -0.1696 0.5386 0.8253
vn -0.1231 0.7310 0.6711
vn -0.2233 0.7660 0.6028
vn -0.1560 0.6513 0.7426
vn -0.0943 0.6202 0.7788
vn -0.1815 0.6642 0.7252
vn -0.0795 0.5907 0.8030
vn -0.2775 0.3876 0.8791
vn -0.1464 0.4280 0.8919
vn -0.3392 0.3354 0.8789
vn -0.0900 0.4314 0.8976
vn -0.2565 0.2300 -0.9388
vn -0.1789 0.2166 -0.9597
vn -0.1307 0.2080 -0.9694
vn -0.0687 0.0465 -0.9966
vn -0.1665 0.1321 -0.9772
vn 0.1316 -0.0775 -0.9883
vn 0.1259 -0.0929 -0.9877
vn 0.1455 -0.0926 -0.9850
vn -0.0540 0.0390 -0.9978
vn -0.0166 0.1666 -0.9859
vn -0.0036 0.1520 -0.9884
vn -0.1137 0.2336 -0.9657
vn -0.0687 0.0467 -0.9965
vn -0.0538 0.1762 -0.9829
vn -0.3859 0.3215 -0.8647
vn -0.3985 0.2293 -0.8880
vn -0.4756 0.3070 -0.8244
vn -0.4335 0.3618 -0.8254
vn -0.5729 0.3692 -0.7318
vn -0.4948 0.4211 -0.7602
vn -0.4179 0.1355 -0.8983
vn -0.5375 0.1649 -0.8270
vn -0.4271 0.0215 -0.9040
vn -0.5535 0.0108 -0.8328
vn -0.6701 -0.0004 -0.7423
vn -0.6509 0.1920 -0.7345
vn -0.4051 -0.0907 -0.9098
vn -0.5202 -0.1403 -0.8424
vn -0.3457 -0.1880 -0.9193
vn -0.4427 -0.2741 -0.8537
vn -0.5319 -0.3559 -0.7684
vn -0.6293 -0.1893 -0.7538
vn -0.2620 -0.2656 -0.9278
vn -0.3270 -0.3765 -0.8668
vn -0.1566 -0.3092 -0.9380
vn -0.1856 -0.4389 -0.8792
vn -0.2112 -0.5614 -0.8001
vn -0.3880 -0.4843 -0.7842
vn -0.0432 -0.3226 -0.9455
vn -0.0317 -0.4535 -0.8907
vn 0.0678 -0.2957 -0.9529
vn 0.1195 -0.4206 -0.8994
vn 0.1696 -0.5386 -0.8253
vn -0.0191 -0.5804 -0.8141
vn 0.1677 -0.2399 -0.9562
vn 0.2529 -0.3417 -0.9051
vn 0.2449 -0.1603 -0.9562
vn 0.3562 -0.2262 -0.9066
vn 0.4649 -0.2961 -0.8344
vn 0.3365 -0.4409 -0.8321
vn 0.2901 -0.0490 -0.9557
vn 0.4181 -0.0841 -0.9045
vn 0.2991 0.0651 -0.9520
vn 0.4341 0.0700 -0.8982
vn 0.5621 0.0735 -0.8238
vn 0.5429 -0.1190 -0.8313
vn 0.2773 0.1772 -0.9443
vn 0.4008 0.2211 -0.8891
vn 0.2177 0.2746 -0.9366
vn 0.3233 0.3549 -0.8772
vn 0.4239 0.4290 -0.7977
vn 0.5214 0.2624 -0.8120
vn 0.1341 0.3522 -0.9263
vn 0.2076 0.4573 -0.8647
vn 0.0287 0.3958 -0.9179
vn 0.0663 0.5197 -0.8518
vn 0.1032 0.6345 -0.7660
vn 0.2800 0.5574 -0.7816
vn -0.0129 0.3893 -0.9210
vn 0.0012 0.5244 -0.8515
vn 0.0138 0.6494 -0.7603
vn -0.6743 0.4153 -0.6106
vn -0.6257 0.5448 -0.5583
vn -0.7649 0.3951 -0.5087
vn -0.7533 0.2157 -0.6212
vn -0.7760 -0.0121 -0.6306
vn -0.8628 -0.0233 -0.5051
vn -0.8370 0.2341 -0.4946
vn -0.7277 -0.2356 -0.6441
vn -0.6125 -0.4328 -0.6615
vn -0.6779 -0.4988 -0.5401
vn -0.8081 -0.2759 -0.5204
vn -0.4421 -0.5849 -0.6801
vn -0.2328 -0.6762 -0.6990
vn -0.2488 -0.7739 -0.5824
vn -0.4853 -0.6706 -0.5611
vn -0.0054 -0.6986 -0.7155
vn 0.2179 -0.6491 -0.7288
vn 0.2605 -0.7433 -0.6162
vn 0.0082 -0.7991 -0.6011
vn 0.4154 -0.5334 -0.7368
vn 0.5674 -0.3620 -0.7396
vn 0.6556 -0.4188 -0.6283
vn 0.4838 -0.6125 -0.6251
vn 0.6598 -0.1524 -0.7359
vn 0.6824 0.0754 -0.7271
vn 0.7856 0.0755 -0.6142
vn 0.7599 -0.1819 -0.6241
vn 0.6342 0.2990 -0.7130
vn 0.5188 0.4962 -0.6962
vn 0.6007 0.5511 -0.5792
vn 0.7310 0.3282 -0.5983
vn 0.3485 0.6482 -0.6770
vn 0.1763 0.7017 -0.6903
vn 0.3008 0.7805 -0.5480
vn 0.4082 0.7228 -0.5576
vn 0.0169 0.6999 -0.7140
vn -0.9004 0.2469 -0.3583
vn -0.8428 0.3692 -0.3916
vn -0.9285 -0.0339 -0.3698
vn -0.9728 -0.0436 -0.2277
vn -0.9550 0.1767 -0.2383
vn -0.8688 -0.3094 -0.3865
vn -0.7269 -0.5525 -0.4079
vn -0.7591 -0.5933 -0.2678
vn -0.9095 -0.3356 -0.2452
vn -0.5168 -0.7398 -0.4309
vn -0.2589 -0.8525 -0.4542
vn -0.2631 -0.9112 -0.3170
vn -0.5364 -0.7917 -0.2924
vn 0.0214 -0.8800 -0.4745
vn 0.2966 -0.8192 -0.4909
vn 0.3257 -0.8759 -0.3559
vn 0.0340 -0.9403 -0.3385
vn 0.5401 -0.6764 -0.5007
vn 0.7276 -0.4653 -0.5041
vn 0.7825 -0.5008 -0.3700
vn 0.5837 -0.7246 -0.3664
vn 0.8412 -0.2068 -0.4996
vn 0.8693 0.0739 -0.4887
vn 0.9327 0.0707 -0.3535
vn 0.9028 -0.2269 -0.3653
vn 0.8097 0.3494 -0.4715
vn 0.6677 0.5926 -0.4506
vn 0.7438 0.5725 -0.3450
vn 0.8695 0.3627 -0.3353
vn 0.4576 0.7798 -0.4271
vn 0.2489 0.8876 -0.3876
vn 0.2230 0.9383 -0.2642
vn 0.4440 0.8403 -0.3111
vn 0.0672 0.9438 -0.3236
vn -0.0023 0.9736 -0.2284
vn -0.9953 -0.0523 -0.0814
vn -0.9879 0.1068 -0.1128
vn -0.9947 -0.0738 0.0716
vn -0.9174 0.3979 0.0083
vn -0.9173 0.3982 0.0074
vn -0.9298 -0.3541 -0.1003
vn -0.7743 -0.6207 -0.1235
vn -0.7726 -0.6344 0.0237
vn -0.9298 -0.3649 0.0471
vn -0.5440 -0.8258 -0.1488
vn -0.2614 -0.9494 -0.1739
vn -0.2541 -0.9668 -0.0276
vn -0.5398 -0.8418 -0.0021
vn 0.0457 -0.9795 -0.1964
vn 0.3475 -0.9129 -0.2144
vn 0.3615 -0.9299 -0.0683
vn 0.0565 -0.9971 -0.0504
vn 0.6142 -0.7564 -0.2252
vn 0.8198 -0.5251 -0.2287
vn 0.8390 -0.5378 -0.0829
vn 0.6311 -0.7716 -0.0795
vn 0.9442 -0.2417 -0.2239
vn 0.9751 0.0659 -0.2118
vn 0.9960 0.0597 -0.0659
vn 0.9647 -0.2513 -0.0782
vn 0.9096 0.3678 -0.1932
vn 0.7905 0.5937 -0.1506
vn 0.7726 0.6344 -0.0237
vn 0.9298 0.3649 -0.0471
vn 0.2412 0.9631 -0.1194
vn 0.4853 0.8666 -0.1160
vn 0.2541 0.9668 0.0276
vn 0.5398 0.8418 0.0021
vn -0.0531 0.9930 -0.1055
vn -0.3596 0.9265 -0.1109
vn -0.3552 0.9342 0.0321
vn -0.0439 0.9981 0.0432
vn -0.7344 0.6605 0.1560
vn -0.8149 0.5578 0.1576
vn -0.8132 0.5371 0.2239
vn -0.7240 0.6516 0.2264
vn -0.7825 0.5009 0.3699
vn -0.7004 0.6304 0.3347
vn -0.9067 0.3923 0.1552
vn -0.9844 0.0972 0.1469
vn -0.9719 -0.1409 0.1887
vn -0.8688 0.2658 0.4178
vn -0.9096 -0.3678 0.1931
vn -0.7541 -0.6344 0.1700
vn -0.7190 -0.6204 0.3133
vn -0.8695 -0.3627 0.3354
vn -0.9126 -0.2239 0.3420
vn -0.5238 -0.8395 0.1445
vn -0.2412 -0.9631 0.1193
vn -0.2230 -0.9383 0.2643
vn -0.4964 -0.8189 0.2883
vn 0.0660 -0.9931 0.0966
vn 0.3677 -0.9266 0.0791
vn 0.3658 -0.9030 0.2252
vn 0.0740 -0.9674 0.2421
vn 0.6344 -0.7700 0.0681
vn 0.8400 -0.5388 0.0646
vn 0.8226 -0.5280 0.2112
vn 0.6238 -0.7517 0.2141
vn 0.9644 -0.2554 0.0691
vn 0.9953 0.0522 0.0814
vn 0.9727 0.0436 0.2278
vn 0.9429 -0.2540 0.2156
vn 0.9298 0.3541 0.1003
vn 0.7743 0.6207 0.1233
vn 0.7591 0.5933 0.2679
vn 0.9095 0.3356 0.2452
vn 0.5440 0.8258 0.1487
vn 0.2614 0.9494 0.1739
vn 0.2631 0.9112 0.3171
vn 0.5364 0.7917 0.2924
vn -0.0457 0.9794 0.1969
vn -0.3294 0.9287 0.1706
vn -0.2767 0.8822 0.3811
vn -0.0231 0.9422 0.3342
vn -0.7319 0.4522 0.5097
vn -0.6104 0.5516 0.5685
vn -0.6969 0.3735 0.6123
vn -0.8412 0.2068 0.4996
vn -0.8583 -0.1095 0.5014
vn -0.7856 -0.0756 0.6141
vn -0.7599 0.1819 0.6241
vn -0.8097 -0.3494 0.4715
vn -0.6677 -0.5926 0.4506
vn -0.6007 -0.5511 0.5792
vn -0.7310 -0.3281 0.5983
vn -0.4576 -0.7799 0.4271
vn -0.1997 -0.8925 0.4044
vn -0.1717 -0.8260 0.5368
vn -0.4082 -0.7228 0.5576
vn 0.0805 -0.9200 0.3835
vn 0.3558 -0.8592 0.3676
vn 0.3377 -0.7955 0.5031
vn 0.0853 -0.8513 0.5176
vn 0.5993 -0.7165 0.3572
vn 0.7868 -0.5054 0.3544
vn 0.7328 -0.4711 0.4910
vn 0.5609 -0.6647 0.4935
vn 0.9003 -0.2469 0.3584
vn 0.9285 0.0339 0.3699
vn 0.8627 0.0233 0.5051
vn 0.8370 -0.2341 0.4946
vn 0.8688 0.3094 0.3865
vn 0.7269 0.5525 0.4079
vn 0.6779 0.4988 0.5401
vn 0.8081 0.2759 0.5204
vn 0.5168 0.7398 0.4309
vn 0.2589 0.8525 0.4542
vn 0.2488 0.7738 0.5825
vn 0.4853 0.6706 0.5610
vn -0.0084 0.8812 0.4726
vn -0.2968 0.8429 0.4488
vn -0.2633 0.7755 0.5738
vn 0.0008 0.8002 0.5997
vn -0.4511 0.4085 0.7935
vn -0.5761 0.3074 0.7574
vn -0.4649 0.2961 0.8344
vn -0.4222 0.3920 0.8174
vn -0.6597 0.1524 0.7359
vn -0.6824 -0.0754 0.7271
vn -0.5621 -0.0735 0.8238
vn -0.5429 0.1190 0.8313
vn -0.6342 -0.2989 0.7130
vn -0.5189 -0.4962 0.6961
vn -0.4239 -0.4289 0.7977
vn -0.5213 -0.2623 0.8120
vn -0.3485 -0.6482 0.6770
vn -0.1392 -0.7395 0.6586
vn -0.1032 -0.6345 0.7660
vn -0.2800 -0.5574 0.7816
vn 0.0881 -0.7619 0.6417
vn 0.3115 -0.7124 0.6288
vn 0.2776 -0.6117 0.7408
vn 0.0889 -0.6535 0.7517
vn 0.5090 -0.5968 0.6203
vn 0.6610 -0.4254 0.6181
vn 0.5729 -0.3692 0.7318
vn 0.4445 -0.5140 0.7337
vn 0.7533 -0.2157 0.6213
vn 0.7760 0.0121 0.6306
vn 0.6700 0.0004 0.7424
vn 0.6509 -0.1920 0.7345
vn 0.7278 0.2356 0.6441
vn 0.6125 0.4328 0.6615
vn 0.5319 0.3559 0.7684
vn 0.6293 0.1892 0.7538
vn 0.4421 0.5849 0.6801
vn 0.2328 0.6762 0.6990
vn 0.2112 0.5614 0.8001
vn 0.3879 0.4843 0.7842
vn 0.0402 0.7107 0.7024
vn -0.2230 0.6890 0.6896
vn 0.0788 0.5573 0.8266
vn -0.3546 0.2129 0.9104
vn -0.2069 0.2669 0.9412
vn -0.2419 0.1528 0.9582
vn -0.1677 0.2399 0.9562
vn -0.1367 0.3903 0.9105
vn -0.0678 0.2957 0.9529
vn -0.4181 0.0841 0.9045
vn -0.4341 -0.0700 0.8982
vn -0.2991 -0.0651 0.9520
vn -0.2901 0.0490 0.9557
vn -0.4008 -0.2211 0.8891
vn -0.3233 -0.3549 0.8772
vn -0.2177 -0.2746 0.9366
vn -0.2773 -0.1772 0.9443
vn -0.2076 -0.4573 0.8647
vn -0.0663 -0.5197 0.8518
vn -0.0286 -0.3958 0.9179
vn -0.1341 -0.3522 0.9263
vn 0.0877 -0.5342 0.8408
vn 0.2389 -0.5014 0.8316
vn 0.1958 -0.3823 0.9031
vn 0.0846 -0.4092 0.9085
vn 0.3723 -0.4225 0.8264
vn 0.4756 -0.3070 0.8244
vn 0.3699 -0.2394 0.8977
vn 0.2955 -0.3264 0.8979
vn 0.5375 -0.1649 0.8270
vn 0.5534 -0.0108 0.8328
vn 0.4271 -0.0215 0.9039
vn 0.4179 -0.1355 0.8983
vn 0.5202 0.1403 0.8424
vn 0.4427 0.2741 0.8537
vn 0.3457 0.1880 0.9193
vn 0.4051 0.0907 0.9098
vn 0.3270 0.3765 0.8668
vn 0.1856 0.4389 0.8792
vn 0.1566 0.3092 0.9380
vn 0.2620 0.2657 0.9278
vn 0.0317 0.4534 0.8907
vn -0.1082 0.4324 0.8952
vn 0.0432 0.3226 0.9455
vn -0.2612 0.1739 -0.9495
vn -0.2803 0.1800 -0.9429
vn -0.2728 0.1626 -0.9482
vn -0.2716 0.0987 -0.9573
vn -0.2414 0.0354 -0.9698
vn -0.2140 0.1396 -0.9668
vn -0.0688 0.0465 -0.9965
vn -0.2642 -0.0319 -0.9640
vn -0.2024 -0.0648 -0.9772
vn -0.1815 -0.1329 -0.9744
vn -0.1120 -0.1228 -0.9861
vn -0.2024 -0.0649 -0.9772
vn -0.0552 -0.1658 -0.9846
vn -0.0046 -0.1164 -0.9932
vn -0.1119 -0.1228 -0.9861
vn 0.0666 -0.1180 -0.9908
vn 0.0786 -0.0480 -0.9957
vn 0.1348 0.0155 -0.9908
vn 0.1060 0.0562 -0.9928
vn 0.0510 -0.0074 -0.9987
vn 0.1299 0.1228 -0.9839
vn 0.0671 0.1564 -0.9854
vn 0.0568 0.2372 -0.9698
vn -0.0182 0.2780 -0.9604
vn -0.0815 0.0567 -0.9951
vn 0.0055 0.2719 -0.9623
vn -0.0120 0.3001 -0.9538
vn -0.0666 0.1180 0.9908
vn 0.0046 0.1164 0.9932
vn -0.0787 0.0480 0.9957
vn 0.0687 -0.0465 0.9966
vn -0.1373 0.0078 0.9905
vn -0.1060 -0.0562 0.9928
vn -0.1299 -0.1228 0.9839
vn -0.0671 -0.1564 0.9854
vn -0.0470 -0.2235 0.9736
vn -0.0671 -0.1565 0.9854
vn 0.0233 -0.2144 0.9765
vn 0.0687 -0.0466 0.9965
vn 0.0791 -0.2564 0.9633
vn 0.0234 -0.2144 0.9765
vn 0.1307 -0.2079 0.9694
vn 0.0687 -0.0467 0.9965
vn 0.2009 -0.2089 0.9571
vn 0.2140 -0.1396 0.9668
vn 0.0688 -0.0465 0.9965
vn 0.2716 -0.0987 0.9573
vn 0.2414 -0.0353 0.9698
vn 0.0690 -0.0465 0.9965
vn 0.2642 0.0319 0.9639
vn 0.2414 -0.0354 0.9698
vn 0.2024 0.0648 0.9772
vn 0.1815 0.1329 0.9744
vn 0.1120 0.1228 0.9861
vn 0.0552 0.1658 0.9846
vn -0.5004 0.3924 0.7718
vn -0.4574 0.6378 0.6197
vn -0.5524 0.5149 0.6555
vn -0.6860 -0.6223 0.3770
vn -0.3376 -0.8561 -0.3914
vn 0.1741 -0.3184 0.9318
vn 0.0345 -0.9414 0.3355
vn 0.7288 -0.6846 -0.0111
vn 0.4637 -0.7760 -0.4276
vn -0.0568 -0.9801 -0.1904
vn 0.9674 -0.2224 -0.1209
vn 0.9448 -0.2421 -0.2210
vn 0.8331 -0.4377 -0.3382
vn 0.1734 -0.6366 -0.7514
vn -0.2884 -0.7913 -0.5391
vn -0.9390 -0.3415 -0.0412
vn -0.6918 -0.3302 -0.6422
vn -0.7913 -0.2398 -0.5625
vn -0.6726 -0.4263 -0.6049
vn -0.7658 -0.0467 0.6414
vn -0.6804 -0.7212 0.1305
vn -0.5675 -0.7894 0.2340
vn -0.4269 -0.4536 0.7823
vn -0.5255 -0.8504 -0.0255
vn -0.5497 -0.8337 -0.0519
vn 0.3345 -0.8132 0.4763
vn -0.5833 0.5648 0.5837
vn -0.3270 -0.4689 0.8205
vn -0.2721 0.3054 0.9125
vn 0.4364 -0.7785 0.4510
vn 0.6767 -0.6329 -0.3762
vn 0.8199 -0.5231 0.2327
vn 0.8484 0.4535 -0.2732
vn -0.0400 -0.7114 -0.7016
vn -0.1563 -0.8547 -0.4951
vn 0.6460 -0.7605 0.0654
vn -0.8763 0.0665 -0.4771
vn -0.1565 -0.8546 -0.4951
vn -0.1608 -0.9593 0.2320
vn 0.5263 -0.8300 0.1846
vn 0.1818 -0.9801 0.0794
vn -0.3678 -0.2846 -0.8853
vn 0.1213 -0.9770 -0.1753
vn -0.6370 -0.4743 -0.6076
vn 0.7097 -0.6922 0.1311
vn 0.5356 -0.7196 0.4420
vn 0.5615 -0.8165 0.1343
vn -0.6577 -0.7428 -0.1249
vn 0.3659 -0.9191 -0.1460
vn 0.4950 -0.8357 -0.2379
vn 0.1208 -0.9589 -0.2568
vn 0.5671 -0.8193 0.0845
vn -0.3712 -0.2160 -0.9031
vn -0.5494 -0.4995 -0.6698
vn -0.5795 -0.2606 -0.7721
vn -0.4562 -0.3196 -0.8305
vn -0.8041 -0.5127 -0.3010
vn -0.6798 -0.6810 -0.2724
vn -0.2342 0.4982 0.8348
vn -0.4497 0.0567 0.8914
vn -0.5080 -0.1002 0.8555
vn -0.4297 0.3979 0.8106
vn 0.7617 -0.0148 0.6478
vn 0.6759 -0.5652 0.4730
vn 0.0521 -0.8622 0.5038
vn -0.0043 0.0789 0.9969
vn 0.4281 -0.8756 0.2237
vn 0.0789 -0.9819 0.1721
vn -0.1525 -0.9842 0.0903
vn -0.2894 -0.8914 0.3488
vn -0.5079 -0.1001 0.8556
vn -0.7867 -0.0738 0.6130
vn -0.5710 0.5157 0.6387
vn -0.5462 0.0365 0.8368
vn -0.5536 0.6195 0.5565
vn -0.5116 -0.8268 0.2336
vn -0.7867 -0.0736 0.6129
vn -0.3322 -0.9417 0.0541
vn 0.7509 -0.6354 0.1801
vn 0.9691 -0.2451 -0.0275
vn 0.6841 0.0284 0.7289
vn 0.7024 0.0774 0.7075
vn 0.6686 -0.7013 0.2473
vn -0.4036 -0.8741 -0.2703
vn 0.7896 -0.4638 0.4018
vn 0.9699 -0.2172 0.1097
vn 0.5122 -0.6096 0.6050
vn 0.4140 -0.8572 -0.3062
vn -0.0266 -0.9787 -0.2035
vn -0.0432 -0.4596 0.8871
vn -0.3723 0.0288 0.9277
vn -0.0043 0.4608 0.8875
vn -0.0018 0.3080 0.9514
vn -0.4878 0.4766 0.7314
vn -0.2804 0.7791 0.5607
vn -0.6644 0.5190 0.5378
vn 0.1351 -0.9550 -0.2640
vn -0.3329 0.6922 0.6403
vn -0.6415 0.3599 0.6775
vn -0.5833 -0.0013 0.8123
vn -0.1936 -0.8643 -0.4642
vn -0.1899 -0.9182 -0.3476
vn -0.4877 -0.0401 0.8721
vn 0.0251 0.4760 0.8791
vn 0.1296 0.2882 0.9488
vn 0.8434 -0.2935 -0.4500
vn 0.9202 0.1150 -0.3741
vn 0.9911 -0.1114 -0.0723
vn 0.9408 -0.2878 0.1790
vn 0.7854 0.6174 0.0445
vn 0.9178 0.1926 0.3471
vn 0.8151 -0.2773 0.5086
vn 0.5852 0.3376 0.7373
vn 0.3604 0.7087 0.6065
vn 0.8662 -0.4134 -0.2806
vn 0.4392 0.8193 0.3687
vn -0.3960 -0.2491 -0.8838
vn -0.6984 -0.3252 -0.6376
vn -0.6130 -0.0583 -0.7879
vn -0.3727 0.1262 -0.9193
vn -0.4912 -0.0819 -0.8672
vn -0.7408 -0.1165 -0.6615
vn 0.7854 0.6174 0.0446
vn 0.4052 0.6981 0.5904
vn 0.5742 0.1726 0.8003
vn -0.6692 0.2153 0.7112
vn 0.6030 -0.5140 0.6101
vn -0.0066 -0.1548 0.9879
vn -0.6469 0.4265 0.6322
vn -0.7653 -0.6414 0.0533
vn -0.6577 -0.1591 0.7363
vn -0.6543 -0.1136 0.7476
vn -0.5106 -0.8582 0.0527
vn -0.1163 -0.9928 -0.0278
vn 0.4587 -0.8644 0.2059
vn 0.5502 -0.8276 0.1111
vn 0.5076 -0.0200 0.8614
vn 0.4740 0.0239 0.8802
vn -0.2212 -0.1276 0.9668
vn -0.3727 -0.2767 -0.8857
vn 0.5535 0.0094 -0.8328
vn -0.3954 -0.3020 -0.8674
vn 0.9219 0.1708 -0.3478
vn 0.8274 0.0989 -0.5528
vn 0.9701 0.2367 -0.0542
vn -0.5104 -0.8583 0.0527
vn -0.1139 -0.9726 -0.2026
vn -0.0720 -0.9890 -0.1294
vn 0.0496 -0.9558 -0.2897
vn 0.2921 -0.8780 0.3793
vn -0.7957 0.6056 0.0085
vn -0.6138 -0.2200 -0.7582
vn -0.5573 -0.3210 -0.7658
vn -0.8642 0.5008 0.0485
vn -0.0597 -0.8612 -0.5048
vn -0.2596 -0.8185 -0.5126
vn -0.7531 -0.5575 -0.3493
vn 0.8075 0.5021 0.3096
vn -0.4238 0.7707 0.4758
vn 0.9700 -0.2169 0.1097
vn 0.7556 0.5496 0.3563
vn 0.8194 0.5195 -0.2424
vn 0.9895 -0.0715 -0.1257
vn 0.9371 -0.3187 -0.1422
vn 0.9779 0.1636 0.1299
vn -0.1983 0.8934 0.4031
vn -0.4523 0.7680 0.4534
vn 0.9370 -0.3189 -0.1423
vn 0.7992 -0.1062 -0.5916
vn 0.9125 -0.3432 -0.2225
vn 0.6253 -0.0653 -0.7777
vn 0.4763 -0.2344 -0.8475
vn 0.8971 -0.0440 -0.4397
vn -0.5209 0.1192 -0.8453
vn -0.8994 0.4367 0.0216
vn -0.7706 0.5857 0.2513
vn -0.7422 0.6548 0.1428
vn -0.9109 0.2898 -0.2937
vn -0.7858 0.5939 0.1724
vn -0.8028 0.5747 0.1586
vn -0.9889 0.1428 -0.0402
vn -0.8656 0.4429 -0.2335
vn 0.1770 0.8143 0.5528
vn 0.5224 0.8092 -0.2689
vn 0.6461 0.2327 0.7269
vn -0.0200 0.9431 0.3320
vn 0.4711 0.8407 -0.2670
vn 0.5450 0.0428 -0.8373
vn 0.4258 -0.1172 -0.8972
vn 0.4711 0.8408 -0.2667
vn 0.6045 0.1550 -0.7814
vn 0.5277 -0.0416 -0.8484
vn 0.1311 0.9516 0.2781
vn 0.5876 0.7917 -0.1674
vn 0.7623 0.2078 -0.6129
vn 0.7004 -0.0913 -0.7079
vn 0.5875 0.7917 -0.1674
vn 0.6436 0.4888 0.5889
vn -0.6502 0.2821 0.7054
vn -0.5033 0.1127 0.8567
vn 0.7025 0.0775 0.7075
vn -0.7915 -0.1130 -0.6006
vn -0.5440 -0.1343 -0.8283
vn -0.4778 -0.8333 -0.2781
vn -0.4036 -0.8742 -0.2701
vn -0.8815 0.4722 -0.0075
vn -0.9109 0.2897 -0.2937
vn -0.7560 0.1114 -0.6451
vn -0.6995 0.6010 0.3867
vn -0.8379 0.4100 0.3603
vn 0.1376 -0.7823 0.6075
vn -0.6991 -0.7126 -0.0589
vn -0.9665 0.1982 0.1633
vn 0.1006 -0.7563 -0.6464
vn 0.0263 -0.9783 -0.2053
vn -0.0923 -0.9566 -0.2764
vn -0.2596 -0.8186 -0.5124
vn -0.6991 -0.7126 -0.0592
vn -0.7530 -0.5576 -0.3493
vt 0.595049 0.655450
vt 0.593086 0.687698
vt 0.566133 0.682290
vt 0.566584 0.648412
vt 0.595049 0.730288
vt 0.563604 0.720523
vt 0.547539 0.705570
vt 0.544369 0.675243
vt 0.541664 0.636820
vt 0.595049 0.696304
vt 0.603358 0.667866
vt 0.615041 0.699811
vt 0.602198 0.728157
vt 0.627691 0.636820
vt 0.632340 0.674466
vt 0.632340 0.701043
vt 0.619476 0.726839
vt 0.604605 0.754263
vt 0.691524 0.279828
vt 0.713386 0.281764
vt 0.720375 0.310585
vt 0.689867 0.298360
vt 0.744199 0.270158
vt 0.745134 0.307002
vt 0.744909 0.336064
vt 0.719485 0.336064
vt 0.687527 0.320369
vt 0.266816 0.678669
vt 0.260062 0.716590
vt 0.241027 0.716493
vt 0.243218 0.680310
vt 0.255737 0.746774
vt 0.240111 0.756874
vt 0.221325 0.768575
vt 0.221436 0.724800
vt 0.221325 0.686182
vt 0.871604 0.219834
vt 0.873522 0.193327
vt 0.887669 0.188866
vt 0.881918 0.223421
vt 0.871604 0.155443
vt 0.890634 0.163279
vt 0.900187 0.171164
vt 0.899904 0.190104
vt 0.897613 0.224864
vt 0.838651 0.419953
vt 0.839186 0.388761
vt 0.852731 0.399403
vt 0.851904 0.435103
vt 0.838691 0.359941
vt 0.849355 0.357586
vt 0.863475 0.350585
vt 0.865308 0.403871
vt 0.865308 0.445621
vt 0.377458 0.810963
vt 0.384166 0.775997
vt 0.405665 0.772348
vt 0.398995 0.807649
vt 0.377458 0.751473
vt 0.398944 0.746211
vt 0.416653 0.741491
vt 0.424941 0.769724
vt 0.419370 0.805594
vt 0.679689 0.656030
vt 0.679892 0.694647
vt 0.658869 0.707762
vt 0.655174 0.671706
vt 0.679886 0.738423
vt 0.661322 0.749832
vt 0.643339 0.759630
vt 0.638169 0.719533
vt 0.638169 0.690527
vt 0.332127 0.817062
vt 0.330359 0.780003
vt 0.351847 0.778839
vt 0.353327 0.808033
vt 0.330359 0.752326
vt 0.357708 0.748478
vt 0.377458 0.749889
vt 0.370445 0.777381
vt 0.369839 0.804072
vt 0.757229 0.874737
vt 0.738335 0.853117
vt 0.753138 0.834576
vt 0.241747 0.677308
vt 0.241747 0.628368
vt 0.253189 0.652171
vt 0.724158 0.835197
vt 0.744295 0.817484
vt 0.757229 0.801906
vt 0.246041 0.590846
vt 0.252676 0.613507
vt 0.264986 0.636268
vt 0.289850 0.937251
vt 0.277600 0.939083
vt 0.276963 0.924129
vt 0.290597 0.924129
vt 0.866249 0.706126
vt 0.877623 0.727348
vt 0.854611 0.728539
vt 0.853519 0.707979
vt 0.837744 0.726583
vt 0.838459 0.705326
vt 0.851233 0.690869
vt 0.837744 0.686307
vt 0.854163 0.144063
vt 0.854788 0.109234
vt 0.867790 0.101671
vt 0.872075 0.121283
vt 0.854163 0.090302
vt 0.864016 0.081603
vt 0.877748 0.074877
vt 0.672536 0.347994
vt 0.685058 0.329111
vt 0.686603 0.347994
vt 0.881094 0.091031
vt 0.885707 0.107020
vt 0.003797 0.861487
vt -0.000000 0.835060
vt 0.019482 0.829690
vt 0.021709 0.854317
vt 0.002393 0.806789
vt 0.021806 0.803811
vt 0.041036 0.799783
vt 0.039555 0.824922
vt 0.041036 0.849232
vt 0.865308 0.475222
vt 0.868568 0.449552
vt 0.885231 0.443444
vt 0.883629 0.468146
vt 0.876382 0.427270
vt 0.891160 0.421495
vt 0.901546 0.420415
vt 0.901151 0.435668
vt 0.901546 0.460082
vt 0.341924 0.912946
vt 0.335778 0.894932
vt 0.351563 0.892405
vt 0.355057 0.911930
vt 0.330359 0.874365
vt 0.349419 0.871372
vt 0.369394 0.870729
vt 0.368541 0.892533
vt 0.369394 0.913448
vt 0.519970 0.893899
vt 0.520341 0.912222
vt 0.506485 0.911468
vt 0.504233 0.892415
vt 0.519318 0.931141
vt 0.506149 0.931458
vt 0.491913 0.929179
vt 0.491913 0.907787
vt 0.492486 0.893026
vt 0.894873 0.892414
vt 0.892647 0.915963
vt 0.873055 0.918116
vt 0.205000 0.853843
vt 0.187995 0.871926
vt 0.186791 0.847849
vt 0.894873 0.938521
vt 0.874461 0.943225
vt 0.186293 0.900072
vt 0.173542 0.905038
vt 0.174953 0.873665
vt 0.173542 0.846879
vt 0.796768 0.700659
vt 0.797797 0.658922
vt 0.811213 0.662666
vt 0.811201 0.709170
vt 0.797278 0.605606
vt 0.812751 0.611563
vt 0.825626 0.610408
vt 0.824680 0.666068
vt 0.825626 0.716752
vt 0.268536 0.806405
vt 0.275621 0.770802
vt 0.293868 0.768782
vt 0.286873 0.807410
vt 0.268536 0.742244
vt 0.285529 0.737134
vt 0.301827 0.731663
vt 0.311256 0.766541
vt 0.303936 0.809043
vt 0.633454 0.760467
vt 0.629846 0.789341
vt 0.609502 0.787094
vt 0.613447 0.754263
vt 0.633454 0.814449
vt 0.618823 0.821855
vt 0.605732 0.833613
vt 0.595049 0.795371
vt 0.598966 0.759053
vt 0.796768 0.617079
vt 0.794604 0.646004
vt 0.775733 0.648923
vt 0.782249 0.609453
vt 0.796768 0.686375
vt 0.779286 0.692000
vt 0.762769 0.696582
vt 0.758367 0.649189
vt 0.765079 0.605606
vt 0.914469 0.501667
vt 0.917624 0.521668
vt 0.904451 0.513443
vt 0.902722 0.492003
vt 0.917624 0.548487
vt 0.902571 0.536616
vt 0.890457 0.531166
vt 0.893135 0.505970
vt 0.892090 0.482425
vt 0.808999 0.897526
vt 0.808939 0.868547
vt 0.822826 0.868185
vt 0.825315 0.900472
vt 0.810800 0.848905
vt 0.824559 0.846177
vt 0.837744 0.836737
vt 0.835341 0.861504
vt 0.837744 0.896919
vt 0.542526 0.870259
vt 0.541664 0.845919
vt 0.561601 0.843730
vt 0.562409 0.870398
vt 0.543786 0.820826
vt 0.563072 0.816306
vt 0.579926 0.812579
vt 0.578830 0.842665
vt 0.579926 0.871456
vt 0.061664 0.926549
vt 0.054399 0.934049
vt 0.050576 0.914395
vt 0.060822 0.909574
vt 0.046782 0.947967
vt 0.042852 0.927825
vt 0.041036 0.909960
vt 0.050118 0.895252
vt 0.061664 0.891812
vt 0.837744 0.882912
vt 0.841172 0.858736
vt 0.857973 0.850548
vt 0.856578 0.876773
vt 0.843947 0.843732
vt 0.856199 0.831953
vt 0.870150 0.820927
vt 0.873055 0.842343
vt 0.873055 0.871632
vt 0.222478 0.876389
vt 0.221325 0.855488
vt 0.240177 0.861401
vt 0.240431 0.884235
vt 0.221865 0.833673
vt 0.241382 0.837471
vt 0.258404 0.841736
vt 0.257768 0.867354
vt 0.258404 0.891719
vt 0.171204 0.958081
vt 0.163083 0.944520
vt 0.170633 0.926298
vt 0.330358 0.960753
vt 0.330358 0.931824
vt 0.339270 0.949921
vt 0.155636 0.935414
vt 0.159243 0.918550
vt 0.159269 0.898686
vt 0.171204 0.905262
vt 0.332752 0.913448
vt 0.343483 0.934262
vt 0.494373 0.870132
vt 0.493706 0.855375
vt 0.510628 0.864674
vt 0.506869 0.882018
vt 0.491913 0.834059
vt 0.509993 0.841610
vt 0.528086 0.848799
vt 0.528086 0.873542
vt 0.523793 0.892415
vt 0.887898 0.605606
vt 0.888562 0.632422
vt 0.875370 0.637571
vt 0.874332 0.608486
vt 0.886278 0.663743
vt 0.873661 0.671750
vt 0.861133 0.682184
vt 0.862440 0.646096
vt 0.861133 0.615513
vt 0.680361 0.763230
vt 0.679892 0.712539
vt 0.692471 0.716408
vt 0.693401 0.771411
vt 0.681363 0.656890
vt 0.693611 0.656030
vt 0.705954 0.659570
vt 0.704889 0.721622
vt 0.705954 0.778521
vt 0.750818 0.348385
vt 0.759293 0.306097
vt 0.776150 0.304084
vt 0.767415 0.349533
vt 0.750818 0.270976
vt 0.766759 0.266359
vt 0.781307 0.262475
vt 0.792150 0.302382
vt 0.784546 0.350585
vt 0.102884 0.833703
vt 0.111374 0.871171
vt 0.102884 0.885236
vt 0.617885 0.287105
vt 0.617885 0.337517
vt 0.608088 0.299405
vt 0.443112 0.839812
vt 0.443112 0.879518
vt 0.428991 0.889969
vt 0.428089 0.847423
vt 0.415656 0.902351
vt 0.414106 0.857793
vt 0.963059 0.331428
vt 0.963059 0.372593
vt 0.951684 0.385907
vt 0.951377 0.342801
vt 0.538706 0.672570
vt 0.533103 0.716310
vt 0.516162 0.718976
vt 0.521141 0.672267
vt 0.538706 0.763576
vt 0.523076 0.769274
vt 0.506997 0.775279
vt 0.498587 0.722821
vt 0.503024 0.673974
vt 0.916041 0.551944
vt 0.919192 0.575300
vt 0.905926 0.574089
vt 0.903148 0.548487
vt 0.918784 0.600634
vt 0.904919 0.600317
vt 0.890457 0.604119
vt 0.891870 0.577238
vt 0.890457 0.550720
vt 0.874736 0.892414
vt 0.873055 0.856957
vt 0.884581 0.850970
vt 0.886638 0.889399
vt 0.875963 0.832245
vt 0.887979 0.822043
vt 0.899413 0.820927
vt 0.897020 0.850727
vt 0.899413 0.890698
vt 0.913651 0.951348
vt 0.903168 0.957287
vt 0.899413 0.938552
vt 0.911400 0.936013
vt 0.930090 0.065299
vt 0.918013 0.059613
vt 0.917147 0.032365
vt 0.928614 0.044392
vt 0.905128 0.059564
vt 0.907586 0.030568
vt 0.908788 0.016788
vt 0.911688 0.013221
vt 0.911399 0.924071
vt 0.902161 0.920077
vt 0.889160 0.695176
vt 0.888561 0.671766
vt 0.896875 0.650430
vt 0.898194 0.682259
vt 0.942886 0.159310
vt 0.946205 0.140329
vt 0.955134 0.149363
vt 0.949444 0.171255
vt 0.944901 0.123541
vt 0.953136 0.124996
vt 0.902549 0.628801
vt 0.905443 0.647413
vt 0.899335 0.623105
vt 0.908971 0.678278
vt 0.869687 0.155443
vt 0.871604 0.185994
vt 0.859532 0.197743
vt 0.857794 0.166784
vt 0.871017 0.222101
vt 0.858640 0.234239
vt 0.844487 0.244014
vt 0.845911 0.207787
vt 0.844487 0.176929
vt 0.751864 0.469536
vt 0.750817 0.412637
vt 0.763766 0.420208
vt 0.764756 0.474044
vt 0.751902 0.350584
vt 0.765070 0.362755
vt 0.780218 0.375131
vt 0.779073 0.427552
vt 0.780218 0.477855
vt 0.738494 0.091105
vt 0.747863 0.043215
vt 0.762756 0.042930
vt 0.757029 0.093593
vt 0.738494 0.002936
vt 0.750850 0.000560
vt 0.763596 0.000000
vt 0.777481 0.043858
vt 0.774745 0.096526
vt 0.837556 0.728539
vt 0.837744 0.771645
vt 0.826049 0.785723
vt 0.825864 0.741338
vt 0.928858 0.728539
vt 0.938414 0.772089
vt 0.927672 0.787879
vt 0.918274 0.743042
vt 0.918274 0.802541
vt 0.814238 0.836737
vt 0.812268 0.796987
vt 0.812268 0.751874
vt 0.377459 0.637395
vt 0.371110 0.686031
vt 0.351705 0.689520
vt 0.358454 0.639274
vt 0.377459 0.738778
vt 0.359500 0.743997
vt 0.342111 0.748478
vt 0.333608 0.692764
vt 0.341176 0.641462
vt 0.885736 0.000000
vt 0.887159 0.026517
vt 0.872851 0.033175
vt 0.872116 0.003135
vt 0.885757 0.053399
vt 0.871415 0.061422
vt 0.856000 0.067934
vt 0.857322 0.038396
vt 0.856000 0.007428
vt 0.067360 0.818999
vt 0.064836 0.779036
vt 0.080262 0.789792
vt 0.082509 0.828592
vt 0.067130 0.749228
vt 0.081841 0.758577
vt 0.099642 0.772323
vt 0.097646 0.800889
vt 0.099642 0.838029
vt 0.825626 0.661754
vt 0.826101 0.630691
vt 0.839541 0.635185
vt 0.841381 0.669210
vt 0.825626 0.611862
vt 0.828893 0.606053
vt 0.832914 0.605606
vt 0.842274 0.618198
vt 0.860824 0.631480
vt 0.861133 0.654353
vt 0.860748 0.680645
vt 0.867832 0.482425
vt 0.869840 0.513250
vt 0.852506 0.517247
vt 0.850603 0.486454
vt 0.869101 0.549498
vt 0.851526 0.553421
vt 0.833434 0.554420
vt 0.834826 0.518236
vt 0.833434 0.487650
vt 0.707439 0.453117
vt 0.709358 0.402838
vt 0.728535 0.408556
vt 0.727359 0.459364
vt 0.713693 0.350584
vt 0.731688 0.355848
vt 0.750818 0.357155
vt 0.748338 0.412468
vt 0.750818 0.478065
vt 0.875374 0.580606
vt 0.869840 0.528222
vt 0.885943 0.525905
vt 0.890457 0.579078
vt 0.873427 0.485368
vt 0.890457 0.482425
vt 0.789245 0.396014
vt 0.780218 0.350584
vt 0.806920 0.359922
vt 0.811032 0.406452
vt 0.780218 0.448524
vt 0.800498 0.455037
vt 0.772532 0.155443
vt 0.772911 0.200553
vt 0.755285 0.205542
vt 0.755148 0.160141
vt 0.775215 0.240286
vt 0.757558 0.245976
vt 0.737119 0.260130
vt 0.737394 0.207728
vt 0.737119 0.161941
vt 0.902719 0.003937
vt 0.905128 0.051853
vt 0.890151 0.048252
vt 0.887159 0.000000
vt 0.902001 0.107818
vt 0.887159 0.104725
vt 0.830604 0.402435
vt 0.838651 0.458839
vt 0.817833 0.463345
vt 0.811032 0.410241
vt 0.838651 0.350584
vt 0.817303 0.356078
vt 0.412696 0.812887
vt 0.413634 0.843869
vt 0.395933 0.842498
vt 0.394540 0.812537
vt 0.411947 0.873389
vt 0.394278 0.872447
vt 0.377458 0.868804
vt 0.379211 0.839158
vt 0.377458 0.810963
vt 0.444243 0.859799
vt 0.443112 0.822622
vt 0.461404 0.823785
vt 0.462953 0.861024
vt 0.445772 0.794111
vt 0.464183 0.796160
vt 0.481908 0.793088
vt 0.479607 0.820352
vt 0.481908 0.858140
vt 0.856000 -0.000000
vt 0.855372 0.035277
vt 0.835980 0.039023
vt 0.834667 0.012880
vt 0.856000 0.069842
vt 0.837853 0.069191
vt 0.820799 0.067336
vt 0.817905 0.041882
vt 0.816914 0.018368
vt 0.064836 0.893852
vt 0.065180 0.867560
vt 0.084436 0.869430
vt 0.083346 0.893146
vt 0.064836 0.844687
vt 0.082556 0.843911
vt 0.098369 0.838029
vt 0.101164 0.864155
vt 0.100420 0.887478
vt 0.802201 0.812452
vt 0.804766 0.842961
vt 0.790359 0.844791
vt 0.789351 0.814847
vt 0.804766 0.879172
vt 0.789310 0.881035
vt 0.772469 0.882226
vt 0.774265 0.846621
vt 0.775045 0.817447
vt 0.731140 0.603133
vt 0.724877 0.537789
vt 0.741721 0.539666
vt 0.746006 0.602190
vt 0.724157 0.482425
vt 0.741976 0.482801
vt 0.759419 0.482917
vt 0.758015 0.538221
vt 0.759419 0.605606
vt 0.178237 0.581303
vt 0.234501 0.572688
vt 0.236767 0.580855
vt 0.178152 0.590846
vt 0.254948 0.557816
vt 0.268536 0.559048
vt 0.479868 0.536396
vt 0.446998 0.507344
vt 0.465348 0.506002
vt 0.487492 0.525595
vt 0.539057 0.550248
vt 0.540235 0.537820
vt 0.807635 0.155443
vt 0.804998 0.201154
vt 0.790357 0.203199
vt 0.792097 0.156411
vt 0.801392 0.253433
vt 0.787941 0.255109
vt 0.776331 0.258058
vt 0.775215 0.202758
vt 0.775215 0.156629
vt 0.350981 0.496664
vt 0.379713 0.513513
vt 0.376640 0.521910
vt 0.333608 0.497046
vt 0.443112 0.527564
vt 0.442885 0.537105
vt 0.067156 0.521684
vt -0.000000 0.533778
vt 0.002205 0.521491
vt 0.062195 0.511569
vt 0.111909 0.494017
vt 0.091897 0.492921
vt 0.567097 0.871456
vt 0.569837 0.899572
vt 0.557162 0.899141
vt 0.554173 0.872332
vt 0.569125 0.929261
vt 0.556122 0.927930
vt 0.541664 0.926383
vt 0.543744 0.899098
vt 0.541664 0.873654
vt 0.268536 0.873858
vt 0.269466 0.836011
vt 0.286455 0.835166
vt 0.286331 0.872879
vt 0.274084 0.809043
vt 0.289553 0.809159
vt 0.303733 0.811017
vt 0.302790 0.835504
vt 0.303733 0.871670
vt 0.939723 0.272167
vt 0.938851 0.295685
vt 0.925247 0.297001
vt 0.926391 0.273779
vt 0.939723 0.321288
vt 0.926794 0.320471
vt 0.914220 0.320150
vt 0.913658 0.297639
vt 0.916171 0.273180
vt 0.268536 0.924129
vt 0.271465 0.900979
vt 0.285653 0.900007
vt 0.283869 0.922078
vt 0.271134 0.874705
vt 0.284120 0.873858
vt 0.295029 0.875326
vt 0.298169 0.901517
vt 0.298169 0.921934
vt 0.264813 0.768575
vt 0.264813 0.797760
vt 0.242176 0.800035
vt 0.243406 0.771617
vt 0.263969 0.833401
vt 0.241774 0.833673
vt 0.221854 0.826944
vt 0.221325 0.797491
vt 0.222705 0.771699
vt 0.428075 0.839812
vt 0.424960 0.772485
vt 0.443112 0.764816
vt 0.724158 0.728539
vt 0.726967 0.656605
vt 0.740263 0.704276
vt 0.424960 0.717162
vt 0.442986 0.716124
vt 0.724158 0.608118
vt 0.740524 0.605606
vt 0.744740 0.645026
vt 0.758367 0.683521
vt 0.009181 0.725372
vt -0.000000 0.682384
vt 0.027232 0.677765
vt 0.035964 0.720419
vt 0.008722 0.634647
vt 0.037793 0.636372
vt 0.064836 0.641590
vt 0.057344 0.677622
vt 0.064836 0.714295
vt 0.918274 0.731550
vt 0.915329 0.777585
vt 0.896282 0.769939
vt 0.896282 0.728539
vt 0.954740 0.258602
vt 0.954740 0.321288
vt 0.939723 0.302205
vt 0.897501 0.806977
vt 0.918764 0.863730
vt 0.918764 0.908442
vt 0.899413 0.894823
vt 0.900332 0.858652
vt 0.908223 0.820927
vt 0.442716 0.680339
vt 0.439046 0.709921
vt 0.421690 0.680339
vt 0.729208 0.001978
vt 0.738494 0.054951
vt 0.714554 0.043638
vt 0.705005 0.000000
vt 0.731441 0.101981
vt 0.707622 0.088771
vt 0.681447 0.075136
vt 0.688171 0.037851
vt 0.681447 0.002225
vt 0.628160 0.833613
vt 0.634561 0.858327
vt 0.615516 0.860023
vt 0.612575 0.836685
vt 0.637178 0.885566
vt 0.615556 0.885566
vt 0.595049 0.882734
vt 0.596995 0.860187
vt 0.597281 0.839278
vt 0.936247 0.480063
vt 0.936247 0.443885
vt 0.952664 0.445993
vt 0.954243 0.478582
vt 0.937828 0.419431
vt 0.951783 0.423477
vt 0.638169 0.921115
vt 0.639495 0.898754
vt 0.656094 0.902492
vt 0.654555 0.922201
vt 0.640009 0.953462
vt 0.656094 0.949533
vt 0.405725 0.874994
vt 0.405864 0.899582
vt 0.393674 0.900282
vt 0.396703 0.873389
vt 0.408849 0.921901
vt 0.392965 0.921901
vt 0.377458 0.921488
vt 0.955073 0.929331
vt 0.940217 0.952161
vt 0.941693 0.931797
vt 0.952909 0.901958
vt 0.940217 0.902496
vt 0.580484 0.867526
vt 0.580484 0.847109
vt 0.592619 0.850875
vt 0.594917 0.869204
vt 0.772469 0.908818
vt 0.774481 0.882226
vt 0.784700 0.886158
vt 0.783653 0.914411
vt 0.801268 0.888179
vt 0.800128 0.917468
vt 0.784276 0.932667
vt 0.801268 0.933541
vt 0.682174 0.406420
vt 0.671598 0.414165
vt 0.667737 0.390020
vt 0.672726 0.381074
vt 0.657706 0.419298
vt 0.659308 0.388357
vt 0.659200 0.350585
vt 0.326362 0.499044
vt 0.308645 0.488094
vt 0.314352 0.460577
vt 0.325655 0.461312
vt 0.295612 0.470978
vt 0.308192 0.445664
vt 0.327099 0.415022
vt 0.704783 0.572371
vt 0.684964 0.571405
vt 0.690687 0.538004
vt 0.703097 0.531992
vt 0.668594 0.559539
vt 0.682623 0.524505
vt 0.701964 0.482425
vt 0.472365 0.612513
vt 0.459613 0.628274
vt 0.454017 0.598710
vt 0.460095 0.584065
vt 0.443112 0.637105
vt 0.443357 0.597931
vt 0.443266 0.550248
vt 0.654607 0.234467
vt 0.638676 0.245202
vt 0.631064 0.211619
vt 0.638510 0.198752
vt 0.618803 0.245432
vt 0.618275 0.205022
vt 0.618562 0.155443
vt 0.066672 0.691041
vt 0.078367 0.690626
vt 0.072847 0.712494
vt 0.064836 0.716791
vt 0.089331 0.693850
vt 0.077727 0.718285
vt 0.065274 0.749228
vt 0.536460 0.614448
vt 0.523944 0.609192
vt 0.526754 0.587439
vt 0.534617 0.586241
vt 0.516009 0.602103
vt 0.522862 0.579329
vt 0.535565 0.550248
vt 0.706024 0.217224
vt 0.723010 0.210796
vt 0.724347 0.232975
vt 0.715210 0.241440
vt 0.735112 0.212201
vt 0.731528 0.237767
vt 0.729757 0.270158
vt 0.417928 0.692700
vt 0.409571 0.692038
vt 0.409952 0.672486
vt 0.414779 0.669127
vt 0.395047 0.681675
vt 0.402291 0.662130
vt 0.414359 0.637395
vt 0.937068 0.948432
vt 0.924029 0.929711
vt 0.926997 0.912913
vt 0.939489 0.920082
vt 0.919419 0.914714
vt 0.918764 0.904730
vt 0.920989 0.899111
vt 0.927154 0.895786
vt 0.939489 0.890086
vt 0.477901 0.887923
vt 0.459466 0.904690
vt 0.456767 0.886971
vt 0.469592 0.873913
vt 0.443112 0.913513
vt 0.443112 0.890684
vt 0.447664 0.862889
vt 0.458219 0.866199
vt 0.466613 0.861024
vt 0.854163 0.154819
vt 0.837295 0.155194
vt 0.838457 0.120520
vt 0.854163 0.117018
vt 0.820299 0.150121
vt 0.822473 0.121751
vt 0.822212 0.091757
vt 0.836434 0.082809
vt 0.850183 0.074877
vt 0.924658 0.178866
vt 0.912773 0.185116
vt 0.911488 0.157544
vt 0.922614 0.156129
vt 0.903008 0.188192
vt 0.901650 0.155174
vt 0.904054 0.116543
vt 0.914341 0.123857
vt 0.924658 0.128037
vt 0.878436 0.336678
vt 0.868400 0.332156
vt 0.869288 0.292334
vt 0.878929 0.293313
vt 0.855713 0.329259
vt 0.857592 0.291505
vt 0.855713 0.249218
vt 0.866701 0.247004
vt 0.876603 0.244272
vt 0.951597 0.602917
vt 0.942473 0.603778
vt 0.940257 0.563626
vt 0.949757 0.569923
vt 0.111847 0.632049
vt 0.099144 0.632181
vt 0.095773 0.584797
vt 0.111080 0.590948
vt 0.097900 0.533778
vt 0.111847 0.546187
vt 0.940707 0.519661
vt 0.951597 0.531260
vt 0.329815 0.855265
vt 0.313136 0.854648
vt 0.311257 0.802369
vt 0.329815 0.795719
vt 0.219873 0.816724
vt 0.210233 0.811530
vt 0.219873 0.767567
vt 0.536791 0.940568
vt 0.529389 0.891696
vt 0.539132 0.889628
vt 0.528086 0.842618
vt 0.539132 0.834059
vt 0.311407 0.744648
vt 0.327469 0.731663
vt 0.505057 0.094556
vt 0.534145 0.099151
vt 0.521287 0.122178
vt 0.504116 0.122883
vt 0.552249 0.123062
vt 0.529946 0.136228
vt 0.504116 0.155443
vt 0.638169 0.636820
vt 0.611538 0.629874
vt 0.620233 0.612257
vt 0.637411 0.604268
vt 0.590947 0.626633
vt 0.608376 0.593854
vt 0.637692 0.575928
vt 0.589743 0.559077
vt 0.638169 0.535259
vt 0.567636 0.619118
vt 0.541664 0.618619
vt 0.552224 0.560017
vt 0.561275 0.496561
vt 0.595751 0.491232
vt 0.638142 0.482425
vt 0.606974 0.094858
vt 0.579366 0.104537
vt 0.554644 0.059184
vt 0.591675 0.049886
vt 0.506480 0.053909
vt 0.507683 0.001089
vt 0.548584 0.000684
vt 0.580770 0.000000
vt 0.687527 0.158503
vt 0.716705 0.155443
vt 0.720166 0.181627
vt 0.692375 0.187354
vt 0.737119 0.155813
vt 0.737119 0.182234
vt 0.064836 0.634647
vt 0.085606 0.636093
vt 0.083133 0.662228
vt 0.066634 0.661007
vt 0.108030 0.640482
vt 0.100381 0.665561
vt 0.707439 0.457012
vt 0.684177 0.469761
vt 0.677247 0.443806
vt 0.694774 0.434055
vt 0.655763 0.482425
vt 0.655763 0.453444
vt 0.498587 0.669970
vt 0.473564 0.696584
vt 0.466498 0.664339
vt 0.485749 0.643988
vt 0.443112 0.716124
vt 0.443140 0.679200
vt 0.687527 0.306302
vt 0.655792 0.323834
vt 0.648044 0.285637
vt 0.672170 0.272724
vt 0.618275 0.329111
vt 0.619420 0.289152
vt 0.706654 0.656030
vt 0.669595 0.650773
vt 0.677988 0.611921
vt 0.706654 0.616055
vt 0.638169 0.631619
vt 0.653375 0.597464
vt 0.326379 0.577282
vt 0.293786 0.552678
vt 0.301672 0.521729
vt 0.327099 0.539902
vt 0.268536 0.522116
vt 0.282022 0.498912
vt 0.538748 0.672267
vt 0.514612 0.659350
vt 0.520386 0.635659
vt 0.538748 0.645429
vt 0.498587 0.647774
vt 0.508128 0.626697
vt 0.420891 0.741491
vt 0.405173 0.737946
vt 0.408589 0.715769
vt 0.420891 0.718355
vt 0.377458 0.728405
vt 0.383076 0.703043
vt 0.915341 0.718397
vt 0.911467 0.718252
vt 0.912517 0.697797
vt 0.916320 0.697538
vt 0.908971 0.717903
vt 0.910086 0.697653
vt 0.908971 0.676901
vt 0.911236 0.676517
vt 0.914931 0.675830
vt 0.751978 0.923295
vt 0.749469 0.923526
vt 0.748956 0.901340
vt 0.751338 0.901319
vt 0.745664 0.924270
vt 0.745034 0.901678
vt 0.746012 0.875351
vt 0.749855 0.875519
vt 0.751978 0.875923
vt 0.026395 0.924129
vt 0.024242 0.923935
vt 0.021784 0.892968
vt 0.023735 0.894014
vt 0.020402 0.924144
vt 0.018301 0.892457
vt 0.020146 0.865251
vt 0.023572 0.866355
vt 0.025543 0.868214
vt 0.377407 0.910506
vt 0.374774 0.911144
vt 0.370172 0.894894
vt 0.373325 0.894060
vt 0.895085 0.811838
vt 0.891717 0.813107
vt 0.891717 0.796678
vt 0.711585 0.349354
vt 0.711585 0.336064
vt 0.717928 0.336076
vt 0.918089 0.624177
vt 0.919626 0.631523
vt 0.909459 0.614360
vt 0.908971 0.605606
vt 0.374016 0.880107
vt 0.377407 0.879186
vt 0.844474 0.931789
vt 0.840716 0.931795
vt 0.842714 0.907566
vt 0.846431 0.907052
vt 0.838419 0.931762
vt 0.840343 0.908681
vt 0.837744 0.889005
vt 0.840119 0.886926
vt 0.844254 0.885994
vt 0.939626 0.704893
vt 0.938597 0.700782
vt 0.948725 0.689358
vt 0.949954 0.694815
vt 0.936463 0.698456
vt 0.946598 0.687312
vt 0.950920 0.672246
vt 0.952726 0.673735
vt 0.932178 0.214497
vt 0.934293 0.188192
vt 0.936011 0.195254
vt 0.333608 0.746331
vt 0.330826 0.748478
vt 0.330083 0.736193
vt 0.333019 0.734804
vt 0.930110 0.352791
vt 0.930595 0.361545
vt 0.921990 0.349945
vt 0.921736 0.340244
vt 0.914124 0.341792
vt 0.913849 0.331428
vt 0.330599 0.725705
vt 0.333608 0.725296
vt 0.838917 0.773473
vt 0.839519 0.766231
vt 0.846021 0.746006
vt 0.846781 0.754189
vt 0.775449 0.133084
vt 0.773543 0.131726
vt 0.774661 0.116790
vt 0.776532 0.117293
vt 0.773543 0.102399
vt 0.775295 0.101981
vt 0.852901 0.728539
vt 0.854782 0.737841
vt 0.268212 0.819740
vt 0.265371 0.820814
vt 0.264813 0.810944
vt 0.267714 0.810367
vt 0.930597 0.201580
vt 0.931066 0.211937
vt 0.922994 0.205266
vt 0.922805 0.194344
vt 0.914179 0.199486
vt 0.914342 0.188192
vt 0.265303 0.800580
vt 0.268212 0.800421
vt 0.772432 0.826359
vt 0.769640 0.827191
vt 0.768144 0.815395
vt 0.771236 0.815218
vt 0.063356 0.808850
vt 0.063286 0.820144
vt 0.052999 0.814899
vt 0.053250 0.803517
vt 0.041655 0.810584
vt 0.042048 0.799783
vt 0.769024 0.801906
vt 0.772432 0.802503
vt 0.879219 0.263076
vt 0.878929 0.253590
vt 0.890169 0.246348
vt 0.890588 0.256658
vt 0.266777 0.678594
vt 0.264986 0.678394
vt 0.266366 0.664336
vt 0.267833 0.663639
vt 0.264986 0.650589
vt 0.266272 0.649233
vt 0.901230 0.244272
vt 0.901637 0.254539
vt 0.872949 0.917275
vt 0.869701 0.918468
vt 0.866529 0.902652
vt 0.870298 0.902040
vt 0.491124 0.862226
vt 0.490811 0.873030
vt 0.478754 0.870202
vt 0.479314 0.861024
vt 0.947759 0.002837
vt 0.947759 0.011986
vt 0.930465 0.007572
vt 0.930090 0.000000
vt 0.869106 0.882912
vt 0.872949 0.882941
vt 0.256705 0.938199
vt 0.251296 0.928511
vt 0.256705 0.919490
vt 0.099642 0.760218
vt 0.108214 0.749228
vt 0.109278 0.758169
vt 0.867126 0.585213
vt 0.865361 0.585825
vt 0.867382 0.572243
vt 0.869792 0.571746
vt 0.865361 0.554694
vt 0.868310 0.554420
vt 0.137112 0.863687
vt 0.206570 0.853758
vt 0.220833 0.846879
vt 0.151143 0.855297
vt 0.745134 0.272017
vt 0.748498 0.270158
vt 0.886825 0.296483
vt 0.883707 0.297412
vt 0.566872 0.281141
vt 0.437900 0.279700
vt 0.574299 0.306582
vt 0.567328 0.307254
vt 0.506550 0.338157
vt 0.568476 0.337450
vt 0.884271 0.326593
vt 0.745134 0.326468
vt 0.248290 0.650687
vt 0.309957 0.646443
vt 0.240983 0.621040
vt 0.247879 0.623921
vt 0.636654 0.829093
vt 0.633780 0.828381
vt 0.635283 0.802709
vt 0.638107 0.803037
vt 0.633780 0.773224
vt 0.636447 0.772667
vt 0.241357 0.590846
vt 0.248337 0.592050
vt 0.949894 0.240646
vt 0.940026 0.249988
vt 0.934722 0.234810
vt 0.941489 0.215413
vt 0.935246 0.255108
vt 0.932178 0.253213
vt 0.943229 0.727091
vt 0.941900 0.715858
vt 0.952726 0.709738
vt 0.951970 0.725622
vt 0.930094 0.419431
vt 0.919249 0.407277
vt 0.922342 0.377681
vt 0.931491 0.386304
vt 0.913849 0.395201
vt 0.914675 0.371795
vt 0.931791 0.265342
vt 0.924674 0.272167
vt 0.923374 0.237101
vt 0.932178 0.241924
vt 0.913659 0.271152
vt 0.913659 0.232512
vt 0.865800 0.804188
vt 0.852011 0.812051
vt 0.849217 0.778197
vt 0.859976 0.765539
vt 0.837744 0.820927
vt 0.837744 0.794330
vt 0.063356 0.891812
vt 0.052583 0.889011
vt 0.052490 0.848223
vt 0.063038 0.853174
vt 0.041431 0.883097
vt 0.041036 0.842205
vt 0.900271 0.328011
vt 0.890107 0.329495
vt 0.890926 0.287244
vt 0.901650 0.284828
vt 0.878929 0.330331
vt 0.879685 0.291252
vt 0.491124 0.945543
vt 0.478889 0.935372
vt 0.477901 0.897036
vt 0.490426 0.904655
vt 0.947206 0.077258
vt 0.932159 0.066209
vt 0.930931 0.029654
vt 0.946911 0.038707
vt 0.151859 0.922313
vt 0.206856 0.937519
vt 0.136026 0.892739
vt 0.149424 0.879706
vt 0.111374 0.826110
vt 0.099642 0.833703
vt 0.100218 0.790502
vt 0.111287 0.784401
vt 0.495709 0.269732
vt 0.426735 0.301926
vt 0.389215 0.304944
vt 0.459694 0.276116
vt 0.426270 0.342825
vt 0.390580 0.340221
vt 0.167586 0.600684
vt 0.171452 0.643808
vt 0.267905 0.632047
vt 0.132170 0.595558
vt 0.172773 0.678669
vt 0.133210 0.662669
vt 0.880820 0.815725
vt 0.869432 0.814949
vt 0.865800 0.801120
vt 0.880253 0.805955
vt 0.931650 0.670878
vt 0.925652 0.671388
vt 0.923525 0.652311
vt 0.933410 0.666360
vt 0.908971 0.672246
vt 0.910361 0.639119
vt 0.880820 0.796678
vt 0.899140 0.229109
vt 0.886595 0.242759
vt 0.886595 0.224864
vt 0.887948 0.358296
vt 0.890165 0.364958
vt 0.882807 0.381106
vt 0.882237 0.356392
vt 0.893386 0.371507
vt 0.893999 0.385326
vt 0.895360 0.414394
vt 0.881609 0.416885
vt 0.865308 0.420415
vt 0.865308 0.385844
vt 0.866576 0.350585
vt 0.842781 0.604941
vt 0.839511 0.605218
vt 0.839697 0.581734
vt 0.843177 0.580976
vt 0.835442 0.605172
vt 0.835708 0.582143
vt 0.833434 0.558328
vt 0.837294 0.557517
vt 0.841163 0.556614
vt 0.706619 0.921801
vt 0.702638 0.922647
vt 0.701172 0.897452
vt 0.705263 0.897081
vt 0.699508 0.923633
vt 0.698124 0.897688
vt 0.699541 0.868064
vt 0.702611 0.868144
vt 0.706619 0.868260
vt 0.896282 0.792841
vt 0.892289 0.793201
vt 0.891824 0.757707
vt 0.895477 0.757859
vt 0.889232 0.793487
vt 0.888653 0.758805
vt 0.888416 0.730649
vt 0.892461 0.728539
vt 0.896282 0.728777
vt 0.738332 0.150723
vt 0.734395 0.151254
vt 0.733303 0.123922
vt 0.737988 0.123755
vt 0.730476 0.151696
vt 0.729503 0.124708
vt 0.727822 0.102826
vt 0.732144 0.101981
vt 0.738406 0.102284
vt 0.679564 0.927823
vt 0.678716 0.899024
vt 0.690785 0.898242
vt 0.691932 0.926094
vt 0.680070 0.868949
vt 0.692108 0.867896
vt 0.870003 0.796678
vt 0.869253 0.767398
vt 0.880902 0.761853
vt 0.881831 0.794203
vt 0.865800 0.746064
vt 0.878029 0.736542
vt 0.865361 0.555284
vt 0.864923 0.579653
vt 0.851745 0.579068
vt 0.850969 0.554420
vt 0.863159 0.605218
vt 0.850712 0.604198
vt 0.773543 0.109271
vt 0.766379 0.127252
vt 0.750319 0.123564
vt 0.755211 0.103335
vt 0.762547 0.151696
vt 0.748302 0.149470
vt 0.725463 0.928277
vt 0.724158 0.903554
vt 0.734624 0.902612
vt 0.735593 0.926258
vt 0.725573 0.874737
vt 0.735820 0.875037
vt 0.000000 0.925534
vt 0.000000 0.890543
vt 0.009178 0.891454
vt 0.010227 0.924829
vt 0.001475 0.861487
vt 0.011164 0.862862
vt 0.934472 0.672246
vt 0.936463 0.696086
vt 0.926360 0.696829
vt 0.924673 0.674052
vt 0.935924 0.719111
vt 0.925600 0.718763
vt 0.866529 0.882912
vt 0.866040 0.904853
vt 0.856212 0.905934
vt 0.855268 0.883977
vt 0.864342 0.931805
vt 0.854377 0.931805
vt 0.913651 0.916305
vt 0.911558 0.919512
vt 0.903222 0.913342
vt 0.905375 0.908442
vt 0.909626 0.006275
vt 0.906452 0.009874
vt 0.908953 -0.000000
vt 0.905128 0.002978
vt 0.942886 0.113137
vt 0.951111 0.109833
vt 0.952367 0.115871
vt 0.944326 0.117299
vt 0.903303 0.607038
vt 0.903865 0.613056
vt 0.900113 0.612777
vt 0.899994 0.605606
vt 0.908971 0.621659
vt 0.905040 0.622620
vt 0.174994 0.433404
vt 0.224650 0.431022
vt 0.212773 0.469683
vt 0.173704 0.470430
vt 0.268536 0.415022
vt 0.239636 0.468183
vt 0.228905 0.510093
vt 0.206565 0.512396
vt 0.173542 0.513524
vt 0.623649 0.885566
vt 0.637480 0.891097
vt 0.623649 0.944943
vt 0.245383 0.470907
vt 0.947759 -0.000000
vt 0.959607 0.007156
vt 0.947759 0.061199
vt 0.443112 0.350769
vt 0.479481 0.406693
vt 0.467808 0.403386
vt 0.489801 0.448380
vt 0.479968 0.446657
vt 0.233698 0.510601
vt 0.455483 0.354169
vt 0.497985 0.377589
vt 0.505825 0.412664
vt 0.541664 0.382524
vt 0.541101 0.415434
vt 0.541664 0.454699
vt 0.511791 0.452444
vt 0.338763 0.350769
vt 0.389139 0.371632
vt 0.397949 0.411025
vt 0.365699 0.406196
vt 0.442075 0.379633
vt 0.440233 0.416636
vt 0.439429 0.459723
vt 0.402653 0.455143
vt 0.374282 0.450598
vt 0.016515 0.366849
vt 0.063642 0.360477
vt 0.052084 0.396516
vt 0.013223 0.399599
vt 0.111909 0.336756
vt 0.083566 0.389999
vt 0.071705 0.434470
vt 0.044202 0.437859
vt 0.010526 0.438775
vt 0.322179 0.343481
vt 0.333437 0.339388
vt 0.333437 0.391133
vt 0.096352 0.385384
vt 0.949894 0.193065
vt 0.962543 0.188192
vt 0.962543 0.242074
vt 0.333608 0.358512
vt 0.356723 0.408706
vt 0.366463 0.451336
vt 0.082768 0.431775
vt 0.219121 0.548299
vt 0.175877 0.553005
vt 0.248184 0.540090
vt 0.408849 0.873389
vt 0.413472 0.876559
vt 0.408849 0.904972
vt 0.254464 0.537806
vt 0.472996 0.482969
vt 0.460031 0.479370
vt 0.327099 0.550673
vt 0.333355 0.553765
vt 0.327099 0.577282
vt 0.501906 0.493849
vt 0.541239 0.500732
vt 0.392479 0.490282
vt 0.354787 0.479270
vt 0.441174 0.499234
vt 0.051058 0.479919
vt 0.006283 0.484614
vt 0.087852 0.470391
vt 0.102533 0.466017
vt 0.344486 0.477152
vt 0.930220 0.159795
vt 0.935937 0.159341
vt 0.933465 0.175142
vt 0.925032 0.177610
vt 0.942589 0.158141
vt 0.942886 0.171911
vt 0.939866 0.181478
vt 0.931098 0.188192
vt 0.924658 0.187302
vt 0.781215 0.569678
vt 0.781355 0.575208
vt 0.767406 0.578740
vt 0.767320 0.573080
vt 0.781495 0.580738
vt 0.767492 0.584400
vt 0.891677 0.810818
vt 0.891656 0.815139
vt 0.880820 0.810218
vt 0.880820 0.805705
vt 0.891697 0.806496
vt 0.880820 0.801191
vt 0.935351 0.354977
vt 0.940166 0.356131
vt 0.938359 0.371430
vt 0.931491 0.367966
vt 0.946305 0.358141
vt 0.946674 0.375806
vt 0.945240 0.385440
vt 0.937967 0.384512
vt 0.932490 0.377803
vt 0.706343 0.127366
vt 0.706286 0.121938
vt 0.718532 0.121760
vt 0.718546 0.127303
vt 0.706230 0.116509
vt 0.718518 0.116217
vt 0.727822 0.115196
vt 0.727822 0.121039
vt 0.727822 0.126882
vt 0.089826 0.918350
vt 0.080172 0.917415
vt 0.080144 0.911310
vt 0.089826 0.912354
vt 0.064836 0.914877
vt 0.064836 0.908881
vt 0.064836 0.902885
vt 0.080115 0.905204
vt 0.089826 0.906358
vt 0.781790 0.586239
vt 0.767579 0.590060
vt 0.782086 0.591739
vt 0.767665 0.595720
vt 0.759420 0.598993
vt 0.759420 0.593006
vt 0.891636 0.819461
vt 0.880820 0.814731
vt 0.089826 0.930343
vt 0.080230 0.929627
vt 0.080201 0.923521
vt 0.089826 0.924346
vt 0.064836 0.926870
vt 0.064836 0.920874
vt 0.706457 0.138224
vt 0.706400 0.132795
vt 0.718560 0.132846
vt 0.718573 0.138389
vt 0.727822 0.132726
vt 0.727822 0.138569
vt 0.782225 0.597269
vt 0.767751 0.601380
vt 0.784285 0.601170
vt 0.771003 0.605195
vt 0.830527 0.726281
vt 0.825626 0.727341
vt 0.825855 0.718712
vt 0.830527 0.714661
vt 0.759420 0.604980
vt 0.061664 0.894499
vt 0.064743 0.891812
vt 0.064743 0.906929
vt 0.859036 0.336678
vt 0.859036 0.350280
vt 0.855713 0.347326
vt 0.064836 0.932866
vt 0.080258 0.935732
vt 0.089826 0.936339
vt 0.501402 0.348479
vt 0.495709 0.347392
vt 0.495709 0.339778
vt 0.501289 0.342445
vt 0.705805 0.147567
vt 0.706514 0.143653
vt 0.718587 0.143932
vt 0.823644 0.236520
vt 0.829719 0.247565
vt 0.825535 0.250162
vt 0.727822 0.144412
vt 0.827714 0.260386
vt 0.823644 0.260015
vt 0.706173 0.111080
vt 0.718505 0.110674
vt 0.705379 0.106852
vt 0.717899 0.106233
vt 0.803539 0.727345
vt 0.800260 0.723562
vt 0.803539 0.716752
vt 0.724939 0.106138
vt 0.727822 0.109353
vt 0.080086 0.899099
vt 0.089826 0.900361
vt 0.064836 0.896888
vt 0.066835 0.893852
vt 0.077338 0.894155
vt 0.729576 0.348812
vt 0.729576 0.339054
vt 0.734829 0.336064
vt 0.735212 0.343386
vt 0.950074 0.359930
vt 0.951377 0.378481
vt 0.780920 0.564178
vt 0.767233 0.567420
vt 0.891717 0.802174
vt 0.949575 0.391952
vt 0.936911 0.136192
vt 0.932827 0.137024
vt 0.928287 0.123172
vt 0.930822 0.121830
vt 0.781235 0.117260
vt 0.784704 0.117783
vt 0.780953 0.135046
vt 0.778059 0.134640
vt 0.779395 0.146348
vt 0.777481 0.149633
vt 0.924658 0.109833
vt 0.473382 0.786807
vt 0.459309 0.793088
vt 0.462492 0.790789
vt 0.808910 0.919302
vt 0.804880 0.919494
vt 0.802117 0.905389
vt 0.805017 0.904755
vt 0.541566 0.883533
vt 0.539132 0.883686
vt 0.539132 0.868773
vt 0.488379 0.725022
vt 0.476205 0.721120
vt 0.476181 0.718955
vt 0.466893 0.718083
vt 0.464586 0.716124
vt 0.801268 0.892575
vt 0.803136 0.894906
vt 0.488208 0.753345
vt 0.488396 0.760179
vt 0.467583 0.762711
vt 0.467129 0.754529
vt 0.490360 0.766848
vt 0.475146 0.770228
vt 0.464949 0.772470
vt 0.458801 0.767995
vt 0.448575 0.767838
vt 0.449351 0.762957
vt 0.448463 0.755640
vt 0.489570 0.774246
vt 0.471690 0.780662
vt 0.489599 0.779306
vt 0.457046 0.788518
vt 0.452750 0.784354
vt 0.461395 0.779526
vt 0.788980 0.116884
vt 0.786021 0.134924
vt 0.794112 0.113740
vt 0.793117 0.128336
vt 0.792632 0.138094
vt 0.788118 0.143754
vt 0.786024 0.153404
vt 0.782115 0.150782
vt 0.799733 0.113458
vt 0.800418 0.133058
vt 0.805170 0.111471
vt 0.806985 0.130962
vt 0.808855 0.148412
vt 0.803064 0.149908
vt 0.799337 0.152079
vt 0.797335 0.142518
vt 0.809147 0.153186
vt 0.800907 0.154739
vt 0.444998 0.766097
vt 0.443112 0.755788
vt 0.446899 0.770229
vt 0.333587 0.327091
vt 0.333440 0.327157
vt 0.333440 0.316281
vt 0.327628 0.401582
vt 0.327628 0.391133
vt 0.327820 0.395482
vt 0.327158 0.424047
vt 0.327267 0.417962
vt 0.327628 0.413578
vt 0.327346 0.424169
vt 0.797557 0.154322
vt 0.787602 0.155194
vt 0.783557 0.155147
vt 0.327628 0.435683
vt 0.327857 0.537420
vt 0.327857 0.548938
vt 0.327130 0.544004
vt 0.327101 0.507148
vt 0.327757 0.512449
vt 0.327101 0.516113
vt 0.327476 0.424025
vt 0.451666 0.787171
vt 0.450132 0.782541
vt 0.327254 0.487571
vt 0.327254 0.475861
vt 0.327779 0.481462
vt 0.809946 0.109032
vt 0.812656 0.127193
vt 0.772417 0.848442
vt 0.768145 0.834920
vt 0.772417 0.827191
vt 0.814453 0.104880
vt 0.667557 0.141570
vt 0.665622 0.150095
vt 0.661049 0.144924
vt 0.664776 0.133969
vt 0.818003 0.143095
vt 0.814224 0.144610
vt 0.833218 0.583072
vt 0.833218 0.602160
vt 0.830931 0.593451
vt 0.661049 0.122539
vt 0.666735 0.120315
vt 0.672858 0.132125
vt 0.669858 0.117600
vt 0.676390 0.127408
vt 0.680349 0.134592
vt 0.680237 0.140856
vt 0.678949 0.147283
vt 0.673609 0.141514
vt 0.489751 0.726965
vt 0.489684 0.732148
vt 0.473921 0.727212
vt 0.490360 0.739526
vt 0.476328 0.737569
vt 0.466898 0.736159
vt 0.463945 0.728934
vt 0.455734 0.724491
vt 0.461130 0.720483
vt 0.488374 0.746470
vt 0.468090 0.746188
vt 0.449777 0.748007
vt 0.449408 0.742860
vt 0.460061 0.741670
vt 0.820299 0.143497
vt 0.816978 0.147091
vt 0.333202 0.473429
vt 0.333466 0.473454
vt 0.332227 0.486073
vt 0.332456 0.480890
vt 0.173099 0.383054
vt 0.173322 0.389538
vt 0.173099 0.394053
vt 0.502846 0.337800
vt 0.503562 0.349532
vt 0.502703 0.337764
vt 0.445650 0.744773
vt 0.447825 0.740072
vt 0.455546 0.721992
vt 0.452725 0.726385
vt 0.502703 0.327099
vt 0.503655 0.331878
vt 0.332222 0.466355
vt 0.333466 0.461266
vt 0.807592 0.884753
vt 0.804850 0.889418
vt 0.805726 0.884321
vt 0.808910 0.882226
vt 0.683873 0.141844
vt 0.695669 0.139392
vt 0.695819 0.145278
vt 0.683233 0.149256
vt 0.695229 0.149596
vt 0.683365 0.154314
vt 0.681447 0.128387
vt 0.695370 0.127619
vt 0.695519 0.133505
vt 0.681773 0.135216
vt 0.683317 0.114528
vt 0.695070 0.115845
vt 0.695220 0.121732
vt 0.681473 0.121510
vt 0.682453 0.101981
vt 0.694106 0.105447
vt 0.694920 0.109959
vt 0.682492 0.107164
vt 0.948346 0.332646
vt 0.947240 0.344959
vt 0.942405 0.343780
vt 0.944413 0.331752
vt 0.938832 0.343475
vt 0.941996 0.331428
vt 0.812462 0.095033
vt 0.816975 0.093182
vt 0.820299 0.103120
vt 0.789392 0.566454
vt 0.816129 0.082377
vt 0.950362 0.346431
vt 0.951377 0.333571
vt 0.796768 0.728517
vt 0.796768 0.716752
vt 0.800260 0.726296
vt 0.804134 0.098791
vt 0.808298 0.096912
vt 0.789532 0.578480
vt 0.789462 0.572467
vt 0.795107 0.102494
vt 0.799621 0.100642
vt 0.790915 0.590268
vt 0.790224 0.584374
vt 0.804446 0.087711
vt 0.786951 0.105371
vt 0.790944 0.104372
vt 0.788487 0.094007
vt 0.792675 0.093039
vt 0.790985 0.596281
vt 0.940716 0.147265
vt 0.935551 0.147858
vt 0.931425 0.147604
vt 0.782951 0.104583
vt 0.693828 0.838041
vt 0.699836 0.836821
vt 0.695194 0.850846
vt 0.686437 0.852915
vt 0.704972 0.836771
vt 0.703089 0.849970
vt 0.698440 0.858542
vt 0.690543 0.862370
vt 0.684155 0.861501
vt 0.573130 0.312736
vt 0.578671 0.312769
vt 0.580663 0.333412
vt 0.574995 0.333321
vt 0.584211 0.312802
vt 0.586332 0.333503
vt 0.587862 0.347315
vt 0.581869 0.347131
vt 0.575877 0.346948
vt 0.810796 0.922049
vt 0.816331 0.925094
vt 0.816897 0.941521
vt 0.808939 0.936652
vt 0.821200 0.927317
vt 0.824235 0.945626
vt 0.823916 0.955143
vt 0.818021 0.954947
vt 0.810898 0.946985
vt 0.356946 0.841878
vt 0.356732 0.847393
vt 0.344468 0.845617
vt 0.344550 0.839958
vt 0.356518 0.852908
vt 0.344386 0.851276
vt 0.330359 0.849849
vt 0.330359 0.843865
vt 0.330359 0.837880
vt 0.905128 0.083252
vt 0.911618 0.083813
vt 0.911645 0.089906
vt 0.905128 0.089236
vt 0.927461 0.085747
vt 0.927461 0.091731
vt 0.927461 0.097715
vt 0.911673 0.095999
vt 0.905128 0.095221
vt 0.589724 0.312676
vt 0.592000 0.333594
vt 0.595237 0.312550
vt 0.597669 0.333684
vt 0.599847 0.347681
vt 0.593854 0.347498
vt 0.905128 0.071283
vt 0.911564 0.071627
vt 0.911591 0.077720
vt 0.905128 0.077268
vt 0.927461 0.073778
vt 0.927461 0.079762
vt 0.357374 0.830849
vt 0.357160 0.836364
vt 0.344632 0.834299
vt 0.344714 0.828640
vt 0.330359 0.831896
vt 0.330359 0.825912
vt 0.600778 0.312583
vt 0.603337 0.333775
vt 0.604766 0.310837
vt 0.607322 0.330971
vt 0.608088 0.340513
vt 0.605839 0.347865
vt 0.935359 0.255108
vt 0.938736 0.256329
vt 0.935359 0.269258
vt 0.303245 0.919256
vt 0.303245 0.935227
vt 0.299979 0.930335
vt 0.927461 0.067793
vt 0.911536 0.065535
vt 0.905128 0.065299
vt 0.687824 0.867896
vt 0.678716 0.866577
vt 0.355947 0.820992
vt 0.357589 0.825335
vt 0.344796 0.822981
vt 0.342025 0.818420
vt 0.330359 0.819927
vt 0.330395 0.817062
vt 0.356304 0.858422
vt 0.344304 0.856935
vt 0.354341 0.862351
vt 0.341410 0.860863
vt 0.491641 0.842415
vt 0.491641 0.859109
vt 0.488303 0.856292
vt 0.740600 0.336064
vt 0.744080 0.339483
vt 0.740600 0.350286
vt 0.830906 0.714661
vt 0.833940 0.728398
vt 0.830527 0.728398
vt 0.330359 0.855834
vt 0.911700 0.102092
vt 0.905128 0.101205
vt 0.927461 0.103700
vt 0.927327 0.106809
vt 0.916287 0.106914
vt 0.326031 0.719836
vt 0.326031 0.728607
vt 0.319765 0.730891
vt 0.320154 0.724274
vt 0.563315 0.311186
vt 0.567617 0.312862
vt 0.569326 0.333230
vt 0.564808 0.330290
vt 0.569884 0.346765
vt 0.898647 0.344619
vt 0.898647 0.330331
vt 0.901314 0.337195
vt 0.703957 0.809759
vt 0.701885 0.810188
vt 0.696509 0.794442
vt 0.724729 0.739271
vt 0.740158 0.731204
vt 0.740251 0.733659
vt 0.698527 0.811845
vt 0.693968 0.795688
vt 0.689303 0.785650
vt 0.688940 0.782053
vt 0.754037 0.728539
vt 0.750924 0.730550
vt 0.537731 0.819491
vt 0.538706 0.823123
vt 0.526120 0.830467
vt 0.525274 0.827614
vt 0.420891 0.716734
vt 0.424650 0.715777
vt 0.424650 0.729468
vt 0.422089 0.729387
vt 0.423543 0.738798
vt 0.422341 0.741491
vt 0.514073 0.834059
vt 0.516403 0.831781
vt 0.726542 0.765397
vt 0.726306 0.758698
vt 0.747088 0.757839
vt 0.747714 0.765567
vt 0.724158 0.751850
vt 0.738815 0.749519
vt 0.748880 0.747705
vt 0.755804 0.753384
vt 0.766817 0.754780
vt 0.766082 0.759131
vt 0.767020 0.765500
vt 0.724855 0.744581
vt 0.741924 0.739508
vt 0.756344 0.732779
vt 0.760794 0.736527
vt 0.752016 0.740686
vt 0.538706 0.778295
vt 0.537798 0.781961
vt 0.522224 0.780980
vt 0.524151 0.776594
vt 0.538320 0.787964
vt 0.525081 0.788674
vt 0.515700 0.788156
vt 0.512674 0.782867
vt 0.504037 0.780368
vt 0.508426 0.777257
vt 0.513835 0.775279
vt 0.536086 0.793148
vt 0.516717 0.795389
vt 0.913651 0.928951
vt 0.913651 0.908443
vt 0.918247 0.915556
vt 0.535730 0.798097
vt 0.515865 0.801167
vt 0.497121 0.802792
vt 0.498186 0.797916
vt 0.497663 0.794731
vt 0.508644 0.792868
vt 0.491913 0.803635
vt 0.493958 0.796310
vt 0.770576 0.756017
vt 0.772469 0.765474
vt 0.768673 0.752099
vt 0.332790 0.327877
vt 0.332962 0.327800
vt 0.333049 0.338908
vt 0.332729 0.334769
vt 0.333118 0.327863
vt 0.333232 0.334753
vt 0.495908 0.793073
vt 0.681125 0.781021
vt 0.678716 0.779232
vt 0.681717 0.778521
vt 0.685210 0.782520
vt 0.332729 0.316281
vt 0.327158 0.475861
vt 0.327158 0.464142
vt 0.327779 0.468739
vt 0.327632 0.533599
vt 0.327101 0.527939
vt 0.327632 0.523942
vt 0.762130 0.734245
vt 0.764065 0.738541
vt 0.535830 0.803759
vt 0.517030 0.807496
vt 0.537833 0.809490
vt 0.525808 0.814102
vt 0.517377 0.816240
vt 0.509660 0.811760
vt 0.498335 0.811619
vt 0.498498 0.807910
vt 0.537144 0.815229
vt 0.523625 0.823040
vt 0.511454 0.830745
vt 0.507007 0.828133
vt 0.515089 0.823162
vt 0.724768 0.791119
vt 0.724756 0.786465
vt 0.739611 0.792635
vt 0.738009 0.798041
vt 0.724158 0.778949
vt 0.737535 0.781639
vt 0.746615 0.783305
vt 0.748752 0.791721
vt 0.756836 0.797168
vt 0.752178 0.800448
vt 0.747134 0.801906
vt 0.726323 0.772070
vt 0.746519 0.773191
vt 0.765578 0.771967
vt 0.765827 0.776505
vt 0.754403 0.777439
vt 0.496716 0.814313
vt 0.494524 0.811187
vt 0.333555 0.304535
vt 0.333255 0.304426
vt 0.332729 0.292879
vt 0.333282 0.297181
vt 0.173387 0.348405
vt 0.173255 0.341024
vt 0.173387 0.336756
vt 0.333361 0.497004
vt 0.332557 0.486073
vt 0.333466 0.496974
vt 0.769742 0.775253
vt 0.767481 0.779558
vt 0.333546 0.285644
vt 0.333144 0.280591
vt 0.333546 0.274815
vt 0.818034 0.728101
vt 0.818034 0.716752
vt 0.820283 0.725991
vt 0.760638 0.794884
vt 0.758069 0.798869
vt 0.333152 0.508133
vt 0.332557 0.504075
vt 0.327158 0.435683
vt 0.327834 0.444110
vt 0.327158 0.448918
vt 0.332729 0.316281
vt 0.505831 0.830139
vt 0.503322 0.826567
vt 0.961197 0.618177
vt 0.950264 0.618815
vt 0.950264 0.612923
vt 0.961994 0.610917
vt 0.368187 0.831443
vt 0.368580 0.825494
vt 0.367495 0.820858
vt 0.951009 0.608121
vt 0.961940 0.605606
vt 0.963398 0.631754
vt 0.950264 0.630599
vt 0.950264 0.624707
vt 0.963252 0.625053
vt 0.367403 0.843340
vt 0.367795 0.837391
vt 0.960828 0.645273
vt 0.950264 0.642383
vt 0.950264 0.636491
vt 0.963088 0.638424
vt 0.366618 0.855237
vt 0.367010 0.849288
vt 0.371377 0.870729
vt 0.364552 0.865472
vt 0.366225 0.861185
vt 0.961273 0.657450
vt 0.950264 0.648275
vt 0.961325 0.652796
vt 0.438474 0.924588
vt 0.438388 0.912637
vt 0.442700 0.913951
vt 0.441868 0.926208
vt 0.821615 0.914319
vt 0.442117 0.902351
vt 0.818464 0.912661
vt 0.814495 0.909970
vt 0.824235 0.903246
vt 0.821525 0.900472
vt 0.568074 0.289551
vt 0.570919 0.298571
vt 0.565008 0.299101
vt 0.560489 0.290199
vt 0.560466 0.298339
vt 0.434853 0.922264
vt 0.434853 0.910267
vt 0.581855 0.289303
vt 0.582960 0.298782
vt 0.576939 0.298677
vt 0.574995 0.289242
vt 0.595565 0.288006
vt 0.594782 0.297722
vt 0.588871 0.298252
vt 0.588565 0.288459
vt 0.608088 0.287105
vt 0.605210 0.296748
vt 0.600802 0.297828
vt 0.602976 0.287792
vt 0.705954 0.823665
vt 0.702530 0.823791
vt 0.594829 0.884272
vt 0.594829 0.896731
vt 0.592517 0.887469
vt 0.698170 0.825157
vt 0.333074 0.540755
vt 0.332591 0.540976
vt 0.332232 0.537552
vt 0.754971 0.904004
vt 0.753624 0.900881
vt 0.753676 0.900067
vt 0.753854 0.903985
vt 0.753081 0.900107
vt 0.754538 0.904149
vt 0.752335 0.896493
vt 0.753181 0.904326
vt 0.752786 0.900991
vt 0.752509 0.904325
vt 0.752332 0.900242
vt 0.752008 0.904785
vt 0.752030 0.901168
vt 0.807427 0.844452
vt 0.808006 0.840146
vt 0.808226 0.841021
vt 0.807985 0.844613
vt 0.808697 0.836476
vt 0.808593 0.840241
vt 0.806699 0.844698
vt 0.807389 0.840902
vt 0.806108 0.844534
vt 0.807252 0.840050
vt 0.805501 0.844756
vt 0.806619 0.840816
vt 0.882648 0.689838
vt 0.883042 0.685763
vt 0.883386 0.686594
vt 0.883263 0.690206
vt 0.883106 0.682735
vt 0.881934 0.689845
vt 0.882565 0.686371
vt 0.881294 0.689562
vt 0.882286 0.685671
vt 0.880713 0.689692
vt 0.881778 0.686397
vt 0.770373 0.888657
vt 0.769747 0.884289
vt 0.770325 0.885108
vt 0.771015 0.888975
vt 0.768852 0.880538
vt 0.770344 0.884265
vt 0.769740 0.888755
vt 0.769479 0.885138
vt 0.769070 0.888452
vt 0.768987 0.884314
vt 0.438287 0.343886
vt 0.438049 0.343382
vt 0.439211 0.342825
vt 0.439322 0.343819
vt 0.524213 0.346398
vt 0.525171 0.345874
vt 0.525271 0.347195
vt 0.524268 0.347818
vt 0.525277 0.348608
vt 0.524214 0.349339
vt 0.440463 0.342829
vt 0.440330 0.343418
vt 0.524051 0.345311
vt 0.524986 0.344860
vt 0.333559 0.339075
vt 0.333232 0.338578
vt 0.333559 0.337478
vt 0.437809 0.345025
vt 0.437166 0.344454
vt 0.437122 0.345970
vt 0.506177 0.345067
vt 0.505810 0.346510
vt 0.505393 0.346219
vt 0.505225 0.344860
vt 0.504495 0.345950
vt 0.505002 0.347668
vt 0.504116 0.347314
vt 0.505797 0.347781
vt 0.505508 0.349015
vt 0.505035 0.349181
vt 0.504117 0.348735
vt 0.505518 0.350526
vt 0.504529 0.349990
vt 0.506177 0.349895
vt 0.437130 0.348782
vt 0.438436 0.349025
vt 0.438013 0.349862
vt 0.439228 0.349883
vt 0.439160 0.350474
vt 0.525278 0.344860
vt 0.526352 0.345389
vt 0.526509 0.346760
vt 0.525368 0.346133
vt 0.526568 0.348280
vt 0.525366 0.347545
vt 0.440212 0.349486
vt 0.440412 0.350483
vt 0.441272 0.349424
vt 0.441577 0.349931
vt 0.526527 0.349715
vt 0.525278 0.348880
vt 0.491716 0.348939
vt 0.490293 0.349297
vt 0.489905 0.348294
vt 0.491385 0.347990
vt 0.441732 0.348285
vt 0.442464 0.348859
vt 0.442445 0.347337
vt 0.442962 0.347464
vt 0.489695 0.346939
vt 0.491201 0.346712
vt 0.489712 0.345418
vt 0.491204 0.345281
vt 0.442102 0.346123
vt 0.442962 0.345939
vt 0.442054 0.344847
vt 0.442500 0.344520
vt 0.489936 0.343969
vt 0.491381 0.343918
vt 0.490349 0.342825
vt 0.491716 0.342844
vt 0.441102 0.344271
vt 0.441613 0.343439
vt 0.525182 0.349897
vt 0.524051 0.350729
vt 0.439755 0.346651
vt 0.437511 0.348451
vt 0.437443 0.347179
vt 0.333198 0.547876
vt 0.332232 0.547517
vt 0.332486 0.544645
vt 0.333258 0.544814
vt 0.756707 0.910002
vt 0.755396 0.909955
vt 0.754713 0.907466
vt 0.755720 0.907467
vt 0.754036 0.910351
vt 0.753647 0.907738
vt 0.752829 0.911100
vt 0.752682 0.908224
vt 0.751978 0.912111
vt 0.751978 0.908864
vt 0.808697 0.852198
vt 0.807685 0.852976
vt 0.807442 0.849215
vt 0.808276 0.848806
vt 0.806505 0.853753
vt 0.806479 0.849624
vt 0.805344 0.854415
vt 0.805537 0.849971
vt 0.883386 0.699761
vt 0.882381 0.699765
vt 0.882834 0.695338
vt 0.804766 0.850198
vt 0.881113 0.699523
vt 0.881861 0.695110
vt 0.879761 0.699054
vt 0.880801 0.694786
vt 0.878529 0.698442
vt 0.879816 0.694421
vt 0.877623 0.697775
vt 0.879068 0.694068
vt 0.771268 0.898050
vt 0.770330 0.897161
vt 0.770474 0.893422
vt 0.771268 0.893923
vt 0.769231 0.896272
vt 0.769555 0.892921
vt 0.768144 0.895514
vt 0.768654 0.892494
vt 0.896540 0.340635
vt 0.895740 0.340862
vt 0.895065 0.336294
vt 0.895348 0.335177
vt 0.894764 0.340615
vt 0.894382 0.335246
vt 0.894004 0.330331
vt 0.893886 0.340991
vt 0.893913 0.336405
vt 0.893174 0.340868
vt 0.893501 0.335356
vt 0.886304 0.690760
vt 0.885467 0.690820
vt 0.885585 0.687213
vt 0.886136 0.686497
vt 0.884589 0.690652
vt 0.885175 0.686325
vt 0.886014 0.682735
vt 0.883666 0.691117
vt 0.884425 0.687249
vt 0.523717 0.903178
vt 0.522289 0.897302
vt 0.522923 0.898326
vt 0.524371 0.903217
vt 0.884276 0.686555
vt 0.522951 0.903677
vt 0.522030 0.898474
vt 0.521987 0.903583
vt 0.521331 0.897443
vt 0.520859 0.892415
vt 0.521115 0.903972
vt 0.520883 0.898626
vt 0.810340 0.823425
vt 0.809038 0.817377
vt 0.809759 0.818420
vt 0.520386 0.903716
vt 0.520450 0.897546
vt 0.809591 0.823680
vt 0.808868 0.818521
vt 0.808612 0.823342
vt 0.808076 0.817457
vt 0.807200 0.812452
vt 0.807781 0.823520
vt 0.807711 0.818590
vt 0.807058 0.823123
vt 0.807183 0.817487
vt 0.748443 0.268648
vt 0.748178 0.269359
vt 0.746972 0.268981
vt 0.747715 0.267872
vt 0.482873 0.343194
vt 0.484442 0.342825
vt 0.484184 0.344276
vt 0.482537 0.344742
vt 0.484088 0.346065
vt 0.482371 0.346653
vt 0.746147 0.267954
vt 0.746724 0.267460
vt 0.479722 0.349548
vt 0.478258 0.349886
vt 0.478775 0.348006
vt 0.480170 0.347781
vt 0.477864 0.349463
vt 0.477994 0.347784
vt 0.478400 0.346184
vt 0.478893 0.346008
vt 0.480260 0.345897
vt 0.478562 0.344198
vt 0.479948 0.344184
vt 0.745816 0.260130
vt 0.745864 0.260902
vt 0.744973 0.261537
vt 0.744593 0.260267
vt 0.743940 0.261744
vt 0.743542 0.261126
vt 0.477864 0.342825
vt 0.479309 0.342881
vt 0.742434 0.260830
vt 0.742841 0.262631
vt 0.741737 0.262234
vt 0.743675 0.263284
vt 0.743115 0.264609
vt 0.742568 0.264514
vt 0.741431 0.263997
vt 0.742800 0.266509
vt 0.741596 0.265866
vt 0.743642 0.266154
vt 0.743874 0.267825
vt 0.743467 0.268316
vt 0.815034 0.716752
vt 0.816810 0.716825
vt 0.817582 0.718314
vt 0.815708 0.718144
vt 0.818002 0.720217
vt 0.816063 0.719930
vt 0.173106 0.407004
vt 0.173483 0.407697
vt 0.173106 0.409076
vt 0.495165 0.348524
vt 0.496198 0.349526
vt 0.495165 0.350198
vt 0.749556 0.260130
vt 0.749625 0.261319
vt 0.748400 0.261709
vt 0.748131 0.261156
vt 0.818034 0.722224
vt 0.816069 0.721819
vt 0.817641 0.724026
vt 0.815699 0.723519
vt 0.747683 0.263236
vt 0.746934 0.262720
vt 0.746704 0.264584
vt 0.746126 0.264555
vt 0.816913 0.725371
vt 0.815034 0.724797
vt 0.484442 0.349607
vt 0.482646 0.350447
vt 0.482414 0.348655
vt 0.484184 0.347935
vt 0.746892 0.265954
vt 0.745864 0.266389
vt 0.749663 0.264612
vt 0.749663 0.267870
vt 0.533646 0.344860
vt 0.534595 0.345427
vt 0.533646 0.349106
vt 0.526568 0.350644
vt 0.526850 0.347354
vt 0.527778 0.350644
vt 0.534595 0.344860
vt 0.535572 0.346043
vt 0.534595 0.348927
vt 0.745864 0.265190
vt 0.535571 0.344860
vt 0.536484 0.345884
vt 0.535571 0.349148
vt 0.536484 0.347946
vt 0.536484 0.344860
vt 0.537750 0.346846
vt 0.898647 0.350309
vt 0.896911 0.349753
vt 0.896415 0.345834
vt 0.897752 0.346135
vt 0.895037 0.349547
vt 0.894959 0.345748
vt 0.893308 0.349753
vt 0.893604 0.345906
vt 0.891967 0.350309
vt 0.892540 0.346268
vt 0.888116 0.697793
vt 0.886554 0.697934
vt 0.885951 0.694786
vt 0.887183 0.694804
vt 0.884893 0.698596
vt 0.884618 0.695139
vt 0.883386 0.699715
vt 0.883386 0.695834
vt 0.527944 0.914158
vt 0.526849 0.915250
vt 0.525445 0.909889
vt 0.526313 0.909218
vt 0.525277 0.916169
vt 0.524207 0.910469
vt 0.523495 0.916793
vt 0.522807 0.910880
vt 0.521766 0.917000
vt 0.521453 0.911043
vt 0.520341 0.916789
vt 0.520341 0.910954
vt 0.810798 0.836476
vt 0.809193 0.835942
vt 0.809541 0.830354
vt 0.810798 0.830628
vt 0.807486 0.835172
vt 0.808182 0.829938
vt 0.805939 0.834270
vt 0.806928 0.829437
vt 0.804766 0.833378
vt 0.805956 0.828929
vt 0.808693 0.862403
vt 0.808047 0.862446
vt 0.808317 0.859024
vt 0.808733 0.858239
vt 0.807362 0.862110
vt 0.807995 0.858133
vt 0.808601 0.854415
vt 0.806653 0.862252
vt 0.807456 0.858905
vt 0.806165 0.862051
vt 0.807353 0.858047
vt 0.770360 0.856309
vt 0.769708 0.856690
vt 0.769976 0.853085
vt 0.770460 0.852225
vt 0.769073 0.856583
vt 0.769710 0.852243
vt 0.770597 0.848442
vt 0.768404 0.856786
vt 0.769113 0.852983
vt 0.934151 0.809099
vt 0.933469 0.805338
vt 0.933937 0.806056
vt 0.934755 0.809254
vt 0.769075 0.852062
vt 0.933478 0.809355
vt 0.933118 0.805997
vt 0.932784 0.809348
vt 0.932708 0.805415
vt 0.932955 0.802541
vt 0.932183 0.809717
vt 0.932317 0.806221
vt 0.837357 0.470214
vt 0.836219 0.466322
vt 0.836834 0.467091
vt 0.837934 0.470594
vt 0.327767 0.536533
vt 0.327101 0.534305
vt 0.327349 0.533599
vt 0.327767 0.533992
vt 0.836781 0.470253
vt 0.836090 0.466996
vt 0.836051 0.470035
vt 0.835469 0.466358
vt 0.834754 0.463345
vt 0.835476 0.470266
vt 0.835238 0.467168
vt 0.834990 0.470228
vt 0.834853 0.466597
vt 0.333024 0.603783
vt 0.333506 0.600528
vt 0.333471 0.604200
vt 0.436226 0.348375
vt 0.436635 0.348685
vt 0.435699 0.349797
vt 0.435244 0.348986
vt 0.508443 0.349286
vt 0.509436 0.348897
vt 0.508918 0.350002
vt 0.507845 0.350468
vt 0.532637 0.349105
vt 0.531688 0.349572
vt 0.531545 0.348409
vt 0.532543 0.347851
vt 0.434483 0.350452
vt 0.434406 0.349870
vt 0.508642 0.347824
vt 0.509593 0.347526
vt 0.436297 0.347104
vt 0.437122 0.347254
vt 0.436638 0.345884
vt 0.437122 0.345738
vt 0.508442 0.346318
vt 0.509394 0.346106
vt 0.507845 0.345000
vt 0.508841 0.344860
vt 0.435908 0.344970
vt 0.436597 0.344369
vt 0.435404 0.343852
vt 0.435663 0.343335
vt 0.441245 0.715862
vt 0.440320 0.715420
vt 0.440156 0.714180
vt 0.441122 0.714703
vt 0.440062 0.712693
vt 0.441081 0.713318
vt 0.434307 0.343828
vt 0.434433 0.342825
vt 0.433244 0.343465
vt 0.433108 0.342877
vt 0.440047 0.711195
vt 0.441122 0.711924
vt 0.440118 0.709920
vt 0.441245 0.710743
vt 0.432425 0.344346
vt 0.431891 0.343527
vt 0.431418 0.344953
vt 0.430951 0.344638
vt 0.493981 0.774804
vt 0.492651 0.774775
vt 0.492323 0.773566
vt 0.493725 0.773667
vt 0.492143 0.772088
vt 0.493590 0.772278
vt 0.431364 0.346227
vt 0.430460 0.346070
vt 0.431000 0.347450
vt 0.430458 0.347590
vt 0.492127 0.770580
vt 0.493588 0.770858
vt 0.492290 0.769278
vt 0.493728 0.769630
vt 0.431752 0.348371
vt 0.430984 0.348964
vt 0.432239 0.349489
vt 0.431922 0.350000
vt 0.492595 0.768357
vt 0.493981 0.768760
vt 0.531530 0.345627
vt 0.532637 0.344860
vt 0.532546 0.346357
vt 0.531492 0.347020
vt 0.433361 0.349514
vt 0.433156 0.350508
vt 0.433845 0.346669
vt 0.808733 0.869472
vt 0.807540 0.868777
vt 0.807766 0.866017
vt 0.808714 0.866454
vt 0.806160 0.868390
vt 0.806687 0.865753
vt 0.804797 0.868395
vt 0.805636 0.865720
vt 0.772128 0.862658
vt 0.771303 0.863482
vt 0.770782 0.860396
vt 0.771458 0.859858
vt 0.804766 0.865905
vt 0.770251 0.864385
vt 0.769909 0.860941
vt 0.769141 0.865228
vt 0.768983 0.861413
vt 0.768144 0.865874
vt 0.768144 0.861731
vt 0.937379 0.817188
vt 0.936384 0.817795
vt 0.935323 0.813847
vt 0.936137 0.813543
vt 0.935110 0.818366
vt 0.934307 0.814182
vt 0.933766 0.818822
vt 0.933254 0.814495
vt 0.932557 0.819081
vt 0.932326 0.814736
vt 0.931652 0.819119
vt 0.931652 0.814875
vt 0.931801 0.809757
vt 0.838631 0.475491
vt 0.838083 0.478915
vt 0.836960 0.478088
vt 0.836995 0.474506
vt 0.837910 0.474989
vt 0.835791 0.477339
vt 0.836037 0.474110
vt 0.834754 0.476792
vt 0.835181 0.473871
vt 0.333506 0.611799
vt 0.332744 0.610847
vt 0.332861 0.607831
vt 0.333492 0.608417
vt 0.842108 0.454720
vt 0.840404 0.453431
vt 0.843772 0.448738
vt 0.845719 0.452123
vt 0.007480 0.943229
vt 0.001285 0.942039
vt 0.001714 0.936045
vt 0.007929 0.936932
vt 0.001286 0.930232
vt 0.007478 0.930822
vt 0.848147 0.445936
vt 0.848652 0.448380
vt 0.006131 0.948733
vt 0.000000 0.947282
vt 0.841938 0.460029
vt 0.838651 0.459419
vt 0.840629 0.465121
vt 0.838651 0.465733
vt 0.809687 0.480928
vt 0.803318 0.482035
vt 0.802409 0.477563
vt 0.808821 0.476670
vt 0.801932 0.471682
vt 0.808365 0.471068
vt 0.843337 0.468891
vt 0.840540 0.471405
vt 0.845068 0.473508
vt 0.843903 0.475654
vt 0.801924 0.465351
vt 0.808356 0.465038
vt 0.802426 0.459532
vt 0.808831 0.459496
vt 0.849092 0.473549
vt 0.848328 0.477701
vt 0.852834 0.474989
vt 0.853093 0.477404
vt 0.803327 0.455037
vt 0.809687 0.455220
vt 0.526045 0.938766
vt 0.520341 0.939173
vt 0.521799 0.933219
vt 0.527427 0.933097
vt 0.855855 0.471276
vt 0.857473 0.474620
vt 0.859395 0.468677
vt 0.860854 0.469938
vt 0.522338 0.926924
vt 0.527935 0.927107
vt 0.521800 0.921254
vt 0.527419 0.921716
vt 0.859667 0.463374
vt 0.862620 0.463942
vt 0.860895 0.458251
vt 0.862627 0.457610
vt 0.520341 0.917000
vt 0.526030 0.917672
vt 0.483350 0.843023
vt 0.488303 0.842415
vt 0.486829 0.847901
vt 0.481949 0.848239
vt 0.858272 0.454470
vt 0.860734 0.451919
vt 0.856440 0.449835
vt 0.857359 0.447660
vt 0.486789 0.854155
vt 0.481908 0.854185
vt 0.488303 0.860245
vt 0.483343 0.859978
vt 0.852486 0.449808
vt 0.852919 0.445621
vt 0.000000 0.925534
vt 0.006125 0.925879
vt 0.850851 0.461696
vt 0.637728 0.703036
vt 0.632340 0.702707
vt 0.633763 0.684330
vt 0.638107 0.684594
vt 0.329815 0.922926
vt 0.325476 0.923122
vt 0.325385 0.904325
vt 0.328883 0.904166
vt 0.325671 0.882688
vt 0.328209 0.882482
vt 0.634846 0.663142
vt 0.637993 0.663317
vt 0.319870 0.922705
vt 0.320865 0.903988
vt 0.313911 0.921781
vt 0.316061 0.903242
vt 0.319066 0.882122
vt 0.322468 0.882565
vt 0.308510 0.920453
vt 0.311708 0.902170
vt 0.304418 0.918946
vt 0.308411 0.900954
vt 0.313553 0.880503
vt 0.315927 0.881366
vt 0.940257 0.603778
vt 0.934669 0.602101
vt 0.935041 0.586170
vt 0.939545 0.587523
vt 0.928713 0.601279
vt 0.930242 0.585508
vt 0.932322 0.567932
vt 0.935764 0.568320
vt 0.939018 0.569192
vt 0.923303 0.601510
vt 0.925884 0.585694
vt 0.919192 0.602685
vt 0.922573 0.586641
vt 0.926938 0.568680
vt 0.929258 0.568043
vt 0.190495 0.952525
vt 0.185305 0.951029
vt 0.184357 0.937352
vt 0.188538 0.938557
vt 0.179360 0.950880
vt 0.179568 0.937233
vt 0.179166 0.921973
vt 0.182589 0.922067
vt 0.185569 0.922910
vt 0.173542 0.952209
vt 0.174881 0.938304
vt 0.064587 0.788246
vt 0.060096 0.790132
vt 0.059106 0.772025
vt 0.062723 0.770504
vt 0.057438 0.751336
vt 0.060086 0.750418
vt 0.175805 0.922652
vt 0.054389 0.791312
vt 0.054507 0.772978
vt 0.048390 0.791667
vt 0.049672 0.773266
vt 0.050601 0.752009
vt 0.054101 0.751880
vt 0.048791 0.728369
vt 0.048390 0.725371
vt 0.050554 0.725898
vt 0.051063 0.728807
vt 0.708597 0.345123
vt 0.708386 0.344414
vt 0.709844 0.343146
vt 0.710375 0.343733
vt 0.710759 0.341389
vt 0.711369 0.341608
vt 0.052678 0.726696
vt 0.053285 0.729407
vt 0.706025 0.345637
vt 0.706397 0.345056
vt 0.635027 0.639794
vt 0.632923 0.639769
vt 0.632340 0.636828
vt 0.634479 0.636820
vt 0.328188 0.858912
vt 0.328578 0.855902
vt 0.329815 0.855265
vt 0.329782 0.858246
vt 0.537934 0.346502
vt 0.537975 0.346136
vt 0.538657 0.344860
vt 0.538165 0.346421
vt 0.704895 0.344893
vt 0.704573 0.345637
vt 0.703451 0.342043
vt 0.703000 0.342454
vt 0.702426 0.340555
vt 0.703007 0.340406
vt 0.325787 0.857160
vt 0.324869 0.859941
vt 0.322906 0.859608
vt 0.323945 0.856926
vt 0.321463 0.859185
vt 0.322659 0.856581
vt 0.702546 0.338740
vt 0.703027 0.338863
vt 0.704014 0.337062
vt 0.704037 0.337480
vt 0.940132 0.550685
vt 0.937994 0.550839
vt 0.938057 0.548864
vt 0.940257 0.548487
vt 0.795000 0.579307
vt 0.795699 0.581272
vt 0.794237 0.581907
vt 0.793187 0.580201
vt 0.333511 0.327252
vt 0.333567 0.327595
vt 0.333561 0.328901
vt 0.333440 0.327372
vt 0.705212 0.336734
vt 0.705113 0.336329
vt 0.706515 0.343465
vt 0.707590 0.342425
vt 0.705600 0.342707
vt 0.706544 0.340656
vt 0.705795 0.340301
vt 0.705095 0.342444
vt 0.704545 0.342435
vt 0.704652 0.341011
vt 0.704244 0.344550
vt 0.703832 0.343712
vt 0.704509 0.339919
vt 0.704411 0.338984
vt 0.705867 0.338888
vt 0.705986 0.339424
vt 0.704652 0.338028
vt 0.705646 0.337760
vt 0.707612 0.339354
vt 0.709176 0.338430
vt 0.709852 0.339375
vt 0.709103 0.340501
vt 0.710869 0.337762
vt 0.711122 0.339282
vt 0.708400 0.341477
vt 0.706974 0.339816
vt 0.634162 0.648414
vt 0.636582 0.648505
vt 0.326912 0.867695
vt 0.328878 0.867247
vt 0.324681 0.867994
vt 0.322315 0.867975
vt 0.326632 0.859561
vt 0.319946 0.867467
vt 0.318165 0.866869
vt 0.936989 0.556933
vt 0.939467 0.557250
vt 0.934451 0.556941
vt 0.790985 0.574918
vt 0.793177 0.573607
vt 0.932395 0.556952
vt 0.793693 0.564178
vt 0.797087 0.564515
vt 0.797782 0.573477
vt 0.795475 0.573164
vt 0.798226 0.579451
vt 0.796619 0.579134
vt 0.179881 0.912356
vt 0.182016 0.912907
vt 0.177393 0.912255
vt 0.175572 0.907043
vt 0.177486 0.907156
vt 0.800001 0.574434
vt 0.800001 0.580075
vt 0.174921 0.912459
vt 0.055185 0.737375
vt 0.057314 0.737272
vt 0.055239 0.730017
vt 0.173681 0.906872
vt 0.052599 0.737313
vt 0.049918 0.737146
vt 0.703965 0.345319
vt 0.703615 0.344384
vt 0.538657 0.347626
vt 0.537977 0.346835
vt 0.327453 0.856550
vt 0.705880 0.336457
vt 0.705785 0.336077
vt 0.706672 0.336064
vt 0.706665 0.336392
vt 0.173461 0.403884
vt 0.173356 0.403950
vt 0.173356 0.402665
vt 0.173498 0.403535
vt 0.796999 0.581248
vt 0.798343 0.581544
vt 0.537895 0.349024
vt 0.537921 0.348727
vt 0.538429 0.347946
vt 0.538076 0.349066
vt 0.707441 0.336556
vt 0.707576 0.336191
vt 0.708135 0.336659
vt 0.708336 0.336303
vt 0.709683 0.336507
vt 0.709388 0.336795
vt 0.538429 0.350487
vt 0.537920 0.349368
vt 0.799931 0.582063
vt 0.175029 0.905297
vt 0.176657 0.905404
vt 0.527990 0.348688
vt 0.528064 0.348336
vt 0.528931 0.347354
vt 0.528260 0.348713
vt 0.710429 0.337130
vt 0.710965 0.336843
vt 0.711446 0.337444
vt 0.711585 0.338889
vt 0.528931 0.350240
vt 0.528063 0.349065
vt 0.173542 0.905038
vt 0.054691 0.727608
vt 0.707042 0.337591
vt 0.706620 0.337180
vt 0.706537 0.338521
vt 0.706150 0.337535
vt 0.708860 0.337941
vt 0.708597 0.337475
vt 0.707227 0.338629
vt 0.707550 0.337669
vt 0.706186 0.340063
vt 0.705287 0.342450
vt 0.704388 0.344834
vt 0.706361 0.338845
vt 0.705985 0.337662
vt 0.705611 0.336483
vt 0.706674 0.338856
vt 0.707193 0.337731
vt 0.707709 0.336612
vt 0.707116 0.338962
vt 0.708949 0.338105
vt 0.710780 0.337249
vt 0.706492 0.339251
vt 0.704087 0.345632
vt 0.537750 0.346566
vt 0.705485 0.336085
vt 0.173542 0.403830
vt 0.333567 0.327157
vt 0.707882 0.336236
vt 0.537752 0.348992
vt 0.711394 0.336960
vt 0.527778 0.348669
vt 0.309268 0.820507
vt 0.308054 0.820654
vt 0.308965 0.815238
vt 0.309832 0.814073
vt 0.306960 0.820509
vt 0.308482 0.814187
vt 0.310024 0.809043
vt 0.958272 0.073153
vt 0.957181 0.073872
vt 0.958444 0.068152
vt 0.959435 0.066686
vt 0.956140 0.073781
vt 0.958149 0.067056
vt 0.960414 0.061199
vt 0.954871 0.074029
vt 0.956898 0.068252
vt 0.954092 0.073420
vt 0.956955 0.066846
vt 0.455511 0.928134
vt 0.454566 0.928637
vt 0.455015 0.922013
vt 0.455646 0.920447
vt 0.453484 0.928141
vt 0.454472 0.920451
vt 0.455333 0.913513
vt 0.452276 0.928125
vt 0.453515 0.921678
vt 0.451328 0.927233
vt 0.453240 0.919909
vt 0.450442 0.926984
vt 0.452393 0.920860
vt 0.471896 0.922941
vt 0.470266 0.917389
vt 0.471504 0.918469
vt 0.473281 0.923258
vt 0.452672 0.919139
vt 0.470832 0.923423
vt 0.469954 0.918348
vt 0.494930 0.726687
vt 0.494218 0.720665
vt 0.495169 0.721496
vt 0.496107 0.726709
vt 0.468255 0.913513
vt 0.492954 0.716124
vt 0.493811 0.726691
vt 0.493669 0.721626
vt 0.492684 0.725983
vt 0.492867 0.720559
vt 0.529001 0.349948
vt 0.530039 0.344860
vt 0.530039 0.350703
vt 0.308274 0.836227
vt 0.306047 0.835212
vt 0.306887 0.827396
vt 0.308549 0.827932
vt 0.304117 0.835105
vt 0.305349 0.827432
vt 0.958114 0.089524
vt 0.956600 0.090286
vt 0.956532 0.081375
vt 0.957811 0.080831
vt 0.954694 0.090692
vt 0.955026 0.081686
vt 0.952501 0.090313
vt 0.953478 0.081606
vt 0.950654 0.089435
vt 0.952168 0.081180
vt 0.455327 0.945071
vt 0.453596 0.945109
vt 0.454073 0.936670
vt 0.455371 0.936486
vt 0.451454 0.944772
vt 0.452511 0.936496
vt 0.449350 0.944048
vt 0.450910 0.935963
vt 0.447306 0.943250
vt 0.449389 0.935285
vt 0.476767 0.937379
vt 0.474271 0.937282
vt 0.474186 0.929958
vt 0.475951 0.930230
vt 0.471489 0.938122
vt 0.472240 0.930227
vt 0.448062 0.934673
vt 0.469139 0.940052
vt 0.470593 0.931103
vt 0.496096 0.744981
vt 0.493890 0.745873
vt 0.494642 0.735205
vt 0.496287 0.734852
vt 0.492019 0.744005
vt 0.493102 0.734261
vt 0.822244 0.727287
vt 0.820283 0.724817
vt 0.822244 0.716752
vt 0.491695 0.732862
vt 0.268317 0.711482
vt 0.266831 0.710151
vt 0.268317 0.702841
vt 0.940041 0.410279
vt 0.940452 0.410502
vt 0.937182 0.416014
vt 0.937359 0.412931
vt 0.864355 0.342485
vt 0.862335 0.343879
vt 0.863329 0.338390
vt 0.865371 0.336678
vt 0.719768 0.348566
vt 0.717928 0.346042
vt 0.721910 0.347164
vt 0.723884 0.349801
vt 0.934206 0.419268
vt 0.934868 0.415999
vt 0.864316 0.346630
vt 0.862325 0.347779
vt 0.941890 0.406481
vt 0.943184 0.407343
vt 0.943812 0.405438
vt 0.944908 0.405536
vt 0.865371 0.349350
vt 0.863359 0.350347
vt 0.729576 0.349072
vt 0.727240 0.350066
vt 0.725135 0.348485
vt 0.727592 0.347545
vt 0.943380 0.404021
vt 0.536484 0.347946
vt 0.537752 0.350020
vt 0.536484 0.350565
vt 0.945153 0.404082
vt 0.943538 0.401216
vt 0.493981 0.775090
vt 0.494588 0.771797
vt 0.495705 0.772456
vt 0.723884 0.345584
vt 0.726384 0.344817
vt 0.725082 0.340528
vt 0.727406 0.340137
vt 0.493981 0.768357
vt 0.944383 0.401517
vt 0.941767 0.398259
vt 0.943058 0.396377
vt 0.940602 0.394333
vt 0.941118 0.392057
vt 0.727511 0.336154
vt 0.729576 0.336064
vt 0.901130 0.238141
vt 0.899140 0.238863
vt 0.899332 0.235752
vt 0.901194 0.235212
vt 0.938376 0.394963
vt 0.938498 0.391952
vt 0.936201 0.394977
vt 0.935827 0.393872
vt 0.899151 0.231660
vt 0.900968 0.231365
vt 0.899227 0.228118
vt 0.901028 0.227980
vt 0.934821 0.397704
vt 0.933730 0.395625
vt 0.933075 0.399376
vt 0.491819 0.782887
vt 0.491392 0.786077
vt 0.490360 0.784952
vt 0.899140 0.224883
vt 0.900963 0.224864
vt 0.770857 0.865874
vt 0.772141 0.866879
vt 0.770138 0.870285
vt 0.768910 0.869104
vt 0.491819 0.789471
vt 0.932266 0.398291
vt 0.933152 0.403192
vt 0.931491 0.402951
vt 0.932424 0.408538
vt 0.770626 0.875860
vt 0.769395 0.875533
vt 0.768144 0.874046
vt 0.720120 0.336064
vt 0.721612 0.337874
vt 0.723884 0.344858
vt 0.722095 0.342565
vt 0.772141 0.880538
vt 0.931491 0.408955
vt 0.933788 0.412662
vt 0.932352 0.415654
vt 0.938061 0.403785
vt 0.517796 0.349409
vt 0.517796 0.344860
vt 0.519578 0.348596
vt 0.310024 0.852362
vt 0.306525 0.850639
vt 0.306120 0.843845
vt 0.309042 0.845273
vt 0.303764 0.850439
vt 0.303733 0.843677
vt 0.960414 0.106490
vt 0.958469 0.108066
vt 0.957488 0.100227
vt 0.959244 0.099039
vt 0.955535 0.108610
vt 0.955032 0.100717
vt 0.951219 0.106532
vt 0.951724 0.099482
vt 0.947759 0.103478
vt 0.949019 0.097494
vt 0.455646 0.959684
vt 0.452915 0.958622
vt 0.453197 0.952949
vt 0.455479 0.953456
vt 0.449223 0.957519
vt 0.450220 0.952223
vt 0.446063 0.956304
vt 0.447528 0.951234
vt 0.443112 0.955300
vt 0.444962 0.950316
vt 0.476540 0.948522
vt 0.472774 0.948725
vt 0.473584 0.943944
vt 0.476808 0.943871
vt 0.468255 0.950867
vt 0.469835 0.945499
vt 0.498371 0.758629
vt 0.495787 0.764912
vt 0.495920 0.756150
vt 0.498192 0.751710
vt 0.492733 0.768357
vt 0.493210 0.758345
vt 0.497911 0.742606
vt 0.490360 0.764969
vt 0.491038 0.755591
vt 0.777088 0.153463
vt 0.773543 0.149156
vt 0.774331 0.142042
vt 0.777088 0.145604
vt 0.775805 0.133084
vt 0.490360 0.741268
vt 0.951822 0.860033
vt 0.948549 0.860986
vt 0.947556 0.843148
vt 0.948895 0.839083
vt 0.945532 0.859702
vt 0.945476 0.839086
vt 0.945334 0.820927
vt 0.937606 0.510785
vt 0.934752 0.512671
vt 0.936794 0.498199
vt 0.939004 0.494500
vt 0.931696 0.512201
vt 0.935728 0.495239
vt 0.940157 0.480224
vt 0.928107 0.512285
vt 0.932601 0.497894
vt 0.925588 0.510057
vt 0.932280 0.494010
vt 0.952038 0.757245
vt 0.948602 0.757384
vt 0.950797 0.743792
vt 0.953449 0.741218
vt 0.945549 0.756712
vt 0.949770 0.740914
vt 0.955276 0.728539
vt 0.942437 0.758197
vt 0.946844 0.744312
vt 0.928843 0.854671
vt 0.933614 0.872826
vt 0.930943 0.870290
vt 0.926117 0.855515
vt 0.939314 0.890086
vt 0.931463 0.875013
vt 0.931736 0.852731
vt 0.934546 0.868505
vt 0.935239 0.853481
vt 0.937240 0.872151
vt 0.938158 0.853274
vt 0.938663 0.868852
vt 0.035366 0.900465
vt 0.031704 0.879534
vt 0.033860 0.883056
vt 0.037479 0.900775
vt 0.940217 0.873383
vt 0.032763 0.901912
vt 0.030837 0.883788
vt 0.029291 0.901021
vt 0.028286 0.879892
vt 0.026395 0.861487
vt 0.934376 0.105282
vt 0.935080 0.107576
vt 0.930090 0.108876
vt 0.930483 0.104716
vt 0.276963 0.935693
vt 0.270390 0.935909
vt 0.269859 0.929742
vt 0.276250 0.929335
vt 0.268536 0.924791
vt 0.274857 0.924129
vt 0.393297 0.948123
vt 0.393112 0.952043
vt 0.388313 0.949360
vt 0.389191 0.947438
vt 0.276544 0.942518
vt 0.269556 0.942757
vt 0.937407 0.101080
vt 0.940368 0.104072
vt 0.941501 0.097906
vt 0.944328 0.098945
vt 0.275777 0.948266
vt 0.268536 0.948466
vt 0.325734 0.946367
vt 0.320112 0.946439
vt 0.317722 0.941302
vt 0.323355 0.941360
vt 0.941078 0.092727
vt 0.945335 0.092777
vt 0.942161 0.087577
vt 0.944290 0.086635
vt 0.316791 0.934981
vt 0.322316 0.935170
vt 0.317824 0.928647
vt 0.323248 0.929080
vt 0.939364 0.084527
vt 0.942096 0.081587
vt 0.937671 0.080506
vt 0.938810 0.078254
vt 0.320435 0.923122
vt 0.325734 0.923821
vt 0.833532 0.480621
vt 0.828305 0.481074
vt 0.829566 0.474924
vt 0.834727 0.474766
vt 0.933743 0.081319
vt 0.934489 0.077258
vt 0.930090 0.080778
vt 0.392968 0.922434
vt 0.389073 0.924217
vt 0.388178 0.921901
vt 0.829601 0.468688
vt 0.834754 0.468833
vt 0.828305 0.463345
vt 0.833517 0.463754
vt 0.386655 0.927216
vt 0.384152 0.923796
vt 0.383361 0.929089
vt 0.381427 0.927663
vt 0.895360 0.394048
vt 0.899802 0.394626
vt 0.901492 0.400019
vt 0.896966 0.399178
vt 0.901448 0.406259
vt 0.896924 0.405111
vt 0.383977 0.934067
vt 0.380539 0.933048
vt 0.383410 0.938717
vt 0.381483 0.939047
vt 0.899805 0.412365
vt 0.895360 0.410917
vt 0.377458 0.940447
vt 0.384256 0.944756
vt 0.380091 0.945879
vt 0.386735 0.942736
vt 0.383945 0.950262
vt 0.932043 0.093002
vt 0.393297 0.937142
vt 0.859036 0.336678
vt 0.862325 0.339853
vt 0.859036 0.350276
vt 0.111847 0.736794
vt 0.111847 0.749174
vt 0.108278 0.740466
vt 0.326031 0.719836
vt 0.330073 0.723295
vt 0.326031 0.730742
vt 0.952752 0.901958
vt 0.945914 0.901043
vt 0.947371 0.882822
vt 0.952752 0.883391
vt 0.940217 0.899956
vt 0.942865 0.882058
vt 0.940157 0.545442
vt 0.935074 0.547654
vt 0.934614 0.531637
vt 0.938667 0.529890
vt 0.928852 0.548487
vt 0.929664 0.532251
vt 0.922797 0.547353
vt 0.924806 0.531316
vt 0.917624 0.544693
vt 0.920636 0.529171
vt 0.955276 0.790204
vt 0.949396 0.789139
vt 0.948588 0.774668
vt 0.953327 0.775526
vt 0.943464 0.789243
vt 0.943808 0.774752
vt 0.938414 0.790593
vt 0.939740 0.775839
vt 0.918764 0.826227
vt 0.923130 0.823090
vt 0.925295 0.836615
vt 0.921777 0.839142
vt 0.928775 0.821267
vt 0.929843 0.835146
vt 0.934779 0.820927
vt 0.934679 0.834871
vt 0.940217 0.822242
vt 0.939061 0.835929
vt 0.040985 0.940951
vt 0.037645 0.942155
vt 0.037114 0.923739
vt 0.039804 0.922767
vt 0.032584 0.942962
vt 0.033037 0.924391
vt 0.026395 0.942856
vt 0.028087 0.924367
vt 0.678437 0.783736
vt 0.677264 0.784151
vt 0.677264 0.780099
vt 0.677911 0.779032
vt 0.202070 0.917625
vt 0.203483 0.910746
vt 0.203784 0.911835
vt 0.202909 0.917740
vt 0.677298 0.775488
vt 0.204747 0.905038
vt 0.200865 0.918148
vt 0.202383 0.912145
vt 0.199844 0.917982
vt 0.202139 0.910949
vt 0.198690 0.918352
vt 0.200922 0.912266
vt 0.198135 0.917973
vt 0.201141 0.910941
vt 0.468228 0.927348
vt 0.467366 0.928122
vt 0.467706 0.921909
vt 0.468255 0.920217
vt 0.466315 0.927834
vt 0.467146 0.920498
vt 0.467767 0.913513
vt 0.465117 0.927896
vt 0.466233 0.921761
vt 0.464117 0.926953
vt 0.465892 0.919980
vt 0.463158 0.926496
vt 0.465036 0.920805
vt 0.424607 0.647391
vt 0.422976 0.641561
vt 0.424206 0.642743
vt 0.425970 0.647786
vt 0.465227 0.918965
vt 0.423514 0.647810
vt 0.422656 0.642528
vt 0.422470 0.647880
vt 0.421717 0.641665
vt 0.420891 0.637395
vt 0.488579 0.802797
vt 0.487458 0.802768
vt 0.487515 0.798144
vt 0.488102 0.797279
vt 0.486347 0.802037
vt 0.486751 0.797136
vt 0.487013 0.793088
vt 0.267064 0.783113
vt 0.265221 0.781591
vt 0.265898 0.774291
vt 0.267311 0.775166
vt 0.202478 0.934919
vt 0.201086 0.934955
vt 0.201209 0.925695
vt 0.202367 0.925573
vt 0.266471 0.768575
vt 0.267447 0.768767
vt 0.199394 0.935376
vt 0.199796 0.925964
vt 0.197506 0.935698
vt 0.198311 0.926219
vt 0.195528 0.935439
vt 0.196941 0.926297
vt 0.194063 0.934932
vt 0.195934 0.926219
vt 0.467996 0.942000
vt 0.466387 0.942540
vt 0.466892 0.935241
vt 0.441245 0.715964
vt 0.441245 0.709920
vt 0.442716 0.710730
vt 0.464302 0.942519
vt 0.465387 0.935347
vt 0.468088 0.934663
vt 0.462191 0.941927
vt 0.463786 0.934929
vt 0.460056 0.940958
vt 0.462200 0.934144
vt 0.429216 0.662428
vt 0.426851 0.662265
vt 0.426822 0.654727
vt 0.460738 0.933153
vt 0.424114 0.662998
vt 0.424908 0.654912
vt 0.421672 0.664801
vt 0.423200 0.655685
vt 0.489111 0.819929
vt 0.486887 0.820775
vt 0.487987 0.810711
vt 0.489632 0.810360
vt 0.489740 0.802772
vt 0.485059 0.818879
vt 0.486472 0.809756
vt 0.483456 0.816094
vt 0.485092 0.808313
vt 0.327281 0.519313
vt 0.327803 0.519224
vt 0.327101 0.523943
vt 0.816650 0.253191
vt 0.812780 0.258225
vt 0.813565 0.255368
vt 0.266831 0.697451
vt 0.268491 0.695010
vt 0.268491 0.700038
vt 0.266873 0.702841
vt 0.442962 0.345896
vt 0.443070 0.342901
vt 0.445568 0.346287
vt 0.445503 0.349466
vt 0.809209 0.260766
vt 0.810407 0.257624
vt 0.507845 0.348738
vt 0.506177 0.350762
vt 0.506177 0.346636
vt 0.507840 0.344860
vt 0.327101 0.516113
vt 0.530039 0.348940
vt 0.530039 0.344860
vt 0.531492 0.345075
vt 0.470697 0.346981
vt 0.469832 0.347802
vt 0.469058 0.345245
vt 0.469581 0.344323
vt 0.807264 0.934303
vt 0.804695 0.935459
vt 0.804099 0.933578
vt 0.806678 0.932488
vt 0.802343 0.931626
vt 0.805033 0.930602
vt 0.467269 0.344676
vt 0.467256 0.342825
vt 0.823560 0.249512
vt 0.821678 0.248866
vt 0.822693 0.246848
vt 0.495705 0.775093
vt 0.496308 0.771802
vt 0.497387 0.772492
vt 0.801268 0.928627
vt 0.803990 0.927781
vt 0.802721 0.923602
vt 0.805211 0.923163
vt 0.495705 0.768357
vt 0.823644 0.247619
vt 0.821477 0.243663
vt 0.823349 0.242558
vt 0.821004 0.239584
vt 0.822058 0.237727
vt 0.805076 0.919614
vt 0.807264 0.919494
vt 0.901748 0.807479
vt 0.903491 0.806977
vt 0.903723 0.809766
vt 0.902102 0.810096
vt 0.818363 0.239167
vt 0.819158 0.236520
vt 0.815924 0.238241
vt 0.815760 0.237113
vt 0.903812 0.813846
vt 0.902273 0.813914
vt 0.903617 0.817396
vt 0.902109 0.817300
vt 0.813754 0.240036
vt 0.812979 0.237683
vt 0.811384 0.240689
vt 0.810694 0.239323
vt 0.903256 0.820852
vt 0.901748 0.820626
vt 0.896884 0.892414
vt 0.898284 0.893324
vt 0.896622 0.896680
vt 0.895260 0.895597
vt 0.810621 0.244117
vt 0.808783 0.243124
vt 0.808843 0.248995
vt 0.807635 0.248827
vt 0.896284 0.901831
vt 0.894873 0.900452
vt 0.898284 0.908430
vt 0.896672 0.906622
vt 0.809759 0.253842
vt 0.807635 0.256170
vt 0.448531 0.342826
vt 0.448531 0.345632
vt 0.816052 0.246891
vt 0.819236 0.249976
vt 0.467256 0.350194
vt 0.267447 0.800421
vt 0.264813 0.797574
vt 0.264907 0.790393
vt 0.267189 0.792655
vt 0.204747 0.953626
vt 0.202841 0.953698
vt 0.201885 0.945407
vt 0.203562 0.945366
vt 0.200579 0.954769
vt 0.199877 0.946163
vt 0.197582 0.955007
vt 0.197398 0.946458
vt 0.193469 0.952577
vt 0.194306 0.945112
vt 0.190495 0.949605
vt 0.192047 0.943364
vt 0.468255 0.954563
vt 0.465645 0.954162
vt 0.465956 0.949293
vt 0.468112 0.949202
vt 0.461934 0.953245
vt 0.462999 0.948828
vt 0.458732 0.952129
vt 0.460283 0.947958
vt 0.455646 0.950841
vt 0.457600 0.946805
vt 0.428905 0.673876
vt 0.425333 0.673986
vt 0.426146 0.669096
vt 0.429202 0.669104
vt 0.420891 0.675984
vt 0.422458 0.670522
vt 0.490940 0.832873
vt 0.488225 0.839116
vt 0.488606 0.830650
vt 0.490966 0.826228
vt 0.485082 0.842415
vt 0.485840 0.832744
vt 0.490966 0.817540
vt 0.482767 0.838902
vt 0.483722 0.829914
vt 0.634196 0.749456
vt 0.632340 0.744783
vt 0.634196 0.736234
vt 0.481908 0.825510
vt 0.809408 0.728163
vt 0.806496 0.723823
vt 0.809408 0.716752
vt 0.865371 0.349200
vt 0.865371 0.336678
vt 0.868234 0.344788
vt 0.901748 0.818848
vt 0.898980 0.813966
vt 0.901748 0.806977
vt 0.876431 0.349904
vt 0.876431 0.336678
vt 0.878645 0.345046
vt 0.876431 0.349388
vt 0.873750 0.344939
vt 0.876431 0.336678
vt 0.264813 0.833526
vt 0.264813 0.820814
vt 0.267714 0.828959
vt 0.898981 0.819313
vt 0.896283 0.814444
vt 0.898981 0.806977
vt 0.903812 0.819740
vt 0.903812 0.806977
vt 0.905851 0.815405
vt 0.870956 0.349680
vt 0.868234 0.345099
vt 0.870956 0.336678
vt 0.803539 0.728115
vt 0.803539 0.716752
vt 0.806496 0.723947
vt 0.815034 0.727829
vt 0.812319 0.723406
vt 0.815034 0.716752
vt 0.809408 0.727621
vt 0.812319 0.723286
vt 0.595017 0.884272
vt 0.592517 0.880192
vt 0.595017 0.871456
vt 0.870956 0.349084
vt 0.870956 0.336678
vt 0.873750 0.344886
vt 0.807447 0.882053
vt 0.804766 0.877952
vt 0.807447 0.869472
vt 0.539132 0.897305
vt 0.539132 0.883686
vt 0.541261 0.892548
vt 0.333144 0.285895
vt 0.333584 0.285644
vt 0.333584 0.292562
vt 0.261234 0.927741
vt 0.261844 0.932732
vt 0.261566 0.933905
vt 0.262396 0.927569
vt 0.262224 0.933807
vt 0.261759 0.927341
vt 0.262081 0.938884
vt 0.332232 0.508505
vt 0.332869 0.508133
vt 0.333104 0.513578
vt 0.332767 0.514831
vt 0.333466 0.508176
vt 0.333466 0.514645
vt 0.333197 0.520032
vt 0.586817 0.832863
vt 0.587389 0.832437
vt 0.585558 0.839220
vt 0.584826 0.840692
vt 0.587864 0.832731
vt 0.585419 0.840617
vt 0.583109 0.847109
vt 0.588658 0.832320
vt 0.586369 0.839145
vt 0.589117 0.832651
vt 0.586128 0.840572
vt 0.589750 0.832286
vt 0.587068 0.839123
vt 0.758575 0.899991
vt 0.758962 0.906793
vt 0.758482 0.905522
vt 0.757945 0.899602
vt 0.759437 0.912223
vt 0.758369 0.906684
vt 0.759215 0.899727
vt 0.759294 0.905602
vt 0.759829 0.900024
vt 0.759672 0.906812
vt 0.760307 0.899664
vt 0.759993 0.905562
vt 0.327535 0.325074
vt 0.330136 0.332940
vt 0.329193 0.331454
vt 0.326798 0.324637
vt 0.332729 0.339388
vt 0.329557 0.332853
vt 0.328056 0.324780
vt 0.329998 0.331546
vt 0.328793 0.325181
vt 0.330848 0.333000
vt 0.258790 0.838574
vt 0.261270 0.833683
vt 0.260670 0.850996
vt 0.258404 0.851531
vt 0.263564 0.837866
vt 0.263368 0.850795
vt 0.263122 0.873442
vt 0.261052 0.873596
vt 0.259312 0.874007
vt 0.266063 0.833674
vt 0.266105 0.850986
vt 0.268478 0.838555
vt 0.268478 0.851511
vt 0.267045 0.873991
vt 0.265224 0.873588
vt 0.583109 0.735964
vt 0.585212 0.730719
vt 0.585058 0.749896
vt 0.583119 0.750187
vt 0.587406 0.735421
vt 0.587588 0.749622
vt 0.588628 0.773662
vt 0.586686 0.773872
vt 0.585197 0.774095
vt 0.589885 0.730288
vt 0.590357 0.749408
vt 0.592554 0.735093
vt 0.592941 0.749281
vt 0.592737 0.773400
vt 0.590753 0.773497
vt 0.757229 0.806351
vt 0.759653 0.801906
vt 0.758275 0.820649
vt 0.594917 0.749268
vt 0.761534 0.807145
vt 0.760808 0.821002
vt 0.759970 0.844077
vt 0.758025 0.843805
vt 0.594255 0.773390
vt 0.764332 0.802365
vt 0.763580 0.821170
vt 0.766687 0.807280
vt 0.766167 0.821142
vt 0.764084 0.844184
vt 0.762098 0.844206
vt 0.323362 0.227659
vt 0.325684 0.223001
vt 0.324490 0.242183
vt 0.768144 0.820908
vt 0.327565 0.228288
vt 0.326983 0.242509
vt 0.326223 0.266364
vt 0.324309 0.266114
vt 0.765602 0.844004
vt 0.330318 0.223529
vt 0.329745 0.242782
vt 0.332729 0.228726
vt 0.332352 0.242965
vt 0.330345 0.266714
vt 0.328343 0.266574
vt 0.261311 0.893307
vt 0.259956 0.893627
vt 0.262924 0.893187
vt 0.262749 0.909010
vt 0.261493 0.909103
vt 0.260438 0.909352
vt 0.264561 0.893301
vt 0.265980 0.893615
vt 0.265127 0.909343
vt 0.264023 0.909098
vt 0.588579 0.794569
vt 0.587420 0.794743
vt 0.590092 0.794405
vt 0.590886 0.811217
vt 0.589708 0.811344
vt 0.588806 0.811479
vt 0.591748 0.794277
vt 0.593293 0.794201
vt 0.593377 0.811058
vt 0.592174 0.811117
vt 0.594475 0.794193
vt 0.759065 0.864192
vt 0.757550 0.863981
vt 0.758408 0.880404
vt 0.757229 0.880239
vt 0.594297 0.811052
vt 0.760722 0.864293
vt 0.762269 0.864276
vt 0.760903 0.880469
vt 0.759699 0.880482
vt 0.763452 0.864136
vt 0.324906 0.286958
vt 0.323415 0.286763
vt 0.324213 0.303659
vt 0.323053 0.303507
vt 0.761823 0.880360
vt 0.326558 0.287121
vt 0.328117 0.287230
vt 0.326712 0.303871
vt 0.325499 0.303786
vt 0.261642 0.919956
vt 0.260861 0.920140
vt 0.262572 0.919887
vt 0.327101 0.487571
vt 0.327779 0.487744
vt 0.327101 0.496634
vt 0.617507 0.337517
vt 0.618051 0.344753
vt 0.617507 0.345127
vt 0.263515 0.919952
vt 0.264333 0.920134
vt 0.263593 0.927737
vt 0.263060 0.927338
vt 0.589042 0.823556
vt 0.588374 0.823656
vt 0.589914 0.823461
vt 0.590869 0.823388
vt 0.591759 0.823344
vt 0.592441 0.823339
vt 0.758318 0.891765
vt 0.757444 0.891644
vt 0.759273 0.891823
vt 0.760164 0.891814
vt 0.322179 0.303355
vt 0.324466 0.315727
vt 0.323819 0.315614
vt 0.325325 0.315839
vt 0.326277 0.315933
vt 0.327176 0.315996
vt 0.268443 0.734616
vt 0.266831 0.731552
vt 0.268443 0.726745
vt 0.266831 0.756302
vt 0.266831 0.749342
vt 0.268520 0.753672
vt 0.492127 0.775258
vt 0.490360 0.772606
vt 0.492127 0.768357
vt 0.266831 0.742127
vt 0.266831 0.734616
vt 0.268493 0.739319
vt 0.221254 0.783142
vt 0.219873 0.780530
vt 0.221254 0.775486
vt 0.266831 0.719254
vt 0.266831 0.711482
vt 0.268472 0.716544
vt 0.489695 0.350513
vt 0.487984 0.347760
vt 0.489695 0.342825
vt 0.490360 0.782887
vt 0.490360 0.775258
vt 0.491851 0.780272
vt 0.268465 0.749342
vt 0.266831 0.746521
vt 0.268465 0.742126
vt 0.056236 0.798617
vt 0.056236 0.791667
vt 0.057970 0.795848
vt 0.268530 0.768575
vt 0.266816 0.765961
vt 0.268530 0.761393
vt 0.491716 0.350623
vt 0.491717 0.342825
vt 0.493393 0.347595
vt 0.333588 0.537552
vt 0.332231 0.534858
vt 0.333588 0.529499
vt 0.266831 0.695010
vt 0.266831 0.686870
vt 0.268511 0.692022
vt 0.268511 0.686870
vt 0.266816 0.683928
vt 0.268511 0.678669
vt 0.219873 0.775486
vt 0.219873 0.767567
vt 0.221302 0.772898
vt 0.635680 0.764177
vt 0.635954 0.763996
vt 0.636882 0.768014
vt 0.636936 0.768843
vt 0.372519 0.870791
vt 0.371897 0.875406
vt 0.371824 0.874469
vt 0.372233 0.870452
vt 0.638107 0.772667
vt 0.371377 0.879186
vt 0.372941 0.870623
vt 0.372277 0.874578
vt 0.373286 0.870806
vt 0.372331 0.875414
vt 0.373677 0.870481
vt 0.372748 0.874487
vt 0.498724 0.331282
vt 0.497527 0.335955
vt 0.497583 0.335120
vt 0.498469 0.331095
vt 0.496421 0.339778
vt 0.499177 0.331036
vt 0.498037 0.335083
vt 0.499488 0.331215
vt 0.497960 0.335917
vt 0.499907 0.330969
vt 0.498504 0.335040
vt 0.539511 0.843842
vt 0.539488 0.848167
vt 0.539247 0.847404
vt 0.539145 0.843750
vt 0.539563 0.852086
vt 0.539132 0.848360
vt 0.539906 0.843654
vt 0.539734 0.847342
vt 0.540261 0.844007
vt 0.539913 0.848261
vt 0.540557 0.844060
vt 0.540150 0.847603
vt 0.330410 0.452658
vt 0.331908 0.457380
vt 0.331383 0.456502
vt 0.330015 0.452416
vt 0.333437 0.461266
vt 0.330715 0.452478
vt 0.331831 0.456541
vt 0.331173 0.452732
vt 0.332339 0.457422
vt 0.636828 0.705913
vt 0.638049 0.703035
vt 0.638107 0.714589
vt 0.636677 0.714458
vt 0.332739 0.577282
vt 0.333581 0.580479
vt 0.332739 0.588992
vt 0.371981 0.817062
vt 0.372710 0.827924
vt 0.371377 0.827407
vt 0.372922 0.840069
vt 0.371898 0.839672
vt 0.636949 0.728953
vt 0.635851 0.728853
vt 0.372951 0.820316
vt 0.374587 0.817691
vt 0.374332 0.828120
vt 0.376099 0.820379
vt 0.375984 0.827989
vt 0.375435 0.840119
vt 0.374167 0.840219
vt 0.377299 0.817168
vt 0.377407 0.827527
vt 0.495709 0.270196
vt 0.496844 0.273108
vt 0.497049 0.281662
vt 0.495709 0.281769
vt 0.498081 0.296019
vt 0.497052 0.296101
vt 0.376528 0.839764
vt 0.498320 0.269979
vt 0.498669 0.281524
vt 0.499982 0.272834
vt 0.500312 0.281377
vt 0.500586 0.295800
vt 0.499325 0.295912
vt 0.501009 0.269732
vt 0.501720 0.281244
vt 0.332744 0.588992
vt 0.333581 0.592025
vt 0.332744 0.600528
vt 0.502648 0.339778
vt 0.502648 0.349758
vt 0.501402 0.349023
vt 0.502703 0.281143
vt 0.502421 0.295620
vt 0.501666 0.295698
vt 0.895360 0.353506
vt 0.896839 0.351150
vt 0.897189 0.360570
vt 0.895567 0.360356
vt 0.898508 0.353576
vt 0.898841 0.360429
vt 0.898897 0.371404
vt 0.897628 0.371512
vt 0.896383 0.371348
vt 0.899551 0.350585
vt 0.900264 0.359929
vt 0.329424 0.391133
vt 0.330305 0.394196
vt 0.329866 0.402725
vt 0.328552 0.402617
vt 0.329521 0.417175
vt 0.328513 0.417092
vt 0.899989 0.371019
vt 0.332002 0.391361
vt 0.331475 0.402875
vt 0.333437 0.394500
vt 0.333122 0.403041
vt 0.332021 0.417418
vt 0.330757 0.417290
vt 0.635698 0.741371
vt 0.634843 0.741292
vt 0.332232 0.520415
vt 0.333387 0.520032
vt 0.333387 0.529201
vt 0.332487 0.529499
vt 0.372411 0.850159
vt 0.373208 0.850469
vt 0.373330 0.859002
vt 0.372710 0.858761
vt 0.634911 0.751430
vt 0.634246 0.751369
vt 0.374178 0.850586
vt 0.375166 0.850507
vt 0.374854 0.859032
vt 0.374085 0.859093
vt 0.376017 0.850231
vt 0.499260 0.308425
vt 0.498459 0.308490
vt 0.499991 0.318479
vt 0.499367 0.318529
vt 0.375517 0.858817
vt 0.500229 0.308343
vt 0.501211 0.308255
vt 0.501509 0.318347
vt 0.500745 0.318415
vt 0.502053 0.308175
vt 0.895360 0.370916
vt 0.896872 0.381126
vt 0.896075 0.380790
vt 0.897359 0.388924
vt 0.896739 0.388663
vt 0.502165 0.318285
vt 0.897842 0.381254
vt 0.898830 0.381170
vt 0.898883 0.388958
vt 0.898114 0.389024
vt 0.899681 0.380871
vt 0.328827 0.429646
vt 0.328041 0.429582
vt 0.328469 0.439751
vt 0.327857 0.439701
vt 0.899546 0.388725
vt 0.329790 0.429736
vt 0.330774 0.429836
vt 0.329984 0.439899
vt 0.329218 0.439821
vt 0.635147 0.758719
vt 0.634654 0.758674
vt 0.373049 0.865549
vt 0.372589 0.865371
vt 0.373608 0.865617
vt 0.374177 0.865572
vt 0.374668 0.865412
vt 0.499679 0.325777
vt 0.499217 0.325814
vt 0.500237 0.325730
vt 0.500803 0.325679
vt 0.501288 0.325633
vt 0.539397 0.834288
vt 0.540104 0.834059
vt 0.539656 0.839207
vt 0.539132 0.839377
vt 0.540875 0.834100
vt 0.540227 0.839238
vt 0.899301 0.393999
vt 0.898731 0.394048
vt 0.540759 0.839449
vt 0.899792 0.393827
vt 0.329130 0.447102
vt 0.328677 0.447064
vt 0.541165 0.839823
vt 0.329685 0.447153
vt 0.330252 0.447211
vt 0.771733 0.912973
vt 0.768144 0.907512
vt 0.771733 0.898050
vt 0.768144 0.928867
vt 0.768144 0.912973
vt 0.771455 0.923587
vt 0.865296 0.461788
vt 0.862627 0.456092
vt 0.865296 0.445621
vt 0.108746 0.908179
vt 0.108746 0.893852
vt 0.111846 0.902327
vt 0.898467 0.923322
vt 0.894873 0.917964
vt 0.898467 0.908430
vt 0.007929 0.939585
vt 0.007929 0.925534
vt 0.011143 0.935280
vt 0.677264 0.759630
vt 0.679606 0.765420
vt 0.677264 0.775488
vt 0.816914 0.081669
vt 0.816914 0.069842
vt 0.820089 0.076200
vt 0.837387 0.728060
vt 0.833940 0.723740
vt 0.837387 0.714661
vt 0.325734 0.938059
vt 0.325734 0.923122
vt 0.329138 0.932950
vt 0.735352 0.348752
vt 0.735212 0.342110
vt 0.740600 0.336064
vt 0.740600 0.344380
vt 0.676938 0.935454
vt 0.673486 0.930393
vt 0.676938 0.920380
vt 0.932178 0.271106
vt 0.932178 0.255108
vt 0.935359 0.265690
vt 0.541325 0.868773
vt 0.539132 0.863003
vt 0.541325 0.852086
vt 0.894873 0.937871
vt 0.894873 0.923322
vt 0.898241 0.932103
vt 0.906026 0.313108
vt 0.906726 0.312700
vt 0.907542 0.320876
vt 0.907321 0.322585
vt 0.907575 0.313139
vt 0.908197 0.322603
vt 0.908719 0.330331
vt 0.908277 0.312700
vt 0.908534 0.320876
vt 0.908839 0.313108
vt 0.908913 0.322585
vt 0.434445 0.662887
vt 0.435306 0.662374
vt 0.432913 0.670683
vt 0.431893 0.672481
vt 0.435941 0.662738
vt 0.432740 0.672396
vt 0.429597 0.680339
vt 0.436887 0.662233
vt 0.433925 0.670592
vt 0.904020 0.456596
vt 0.904115 0.466744
vt 0.903769 0.464967
vt 0.437311 0.662630
vt 0.433516 0.672335
vt 0.904737 0.456046
vt 0.904557 0.464822
vt 0.905519 0.456502
vt 0.904963 0.466691
vt 0.904420 0.475222
vt 0.906326 0.456096
vt 0.905574 0.464854
vt 0.325131 0.702309
vt 0.328898 0.711931
vt 0.327775 0.710134
vt 0.906902 0.456686
vt 0.905745 0.466796
vt 0.325642 0.701945
vt 0.328550 0.710224
vt 0.326616 0.702452
vt 0.329738 0.712012
vt 0.332739 0.719836
vt 0.327228 0.702074
vt 0.329565 0.710307
vt 0.328007 0.702543
vt 0.330525 0.712064
vt 0.901785 0.194244
vt 0.904963 0.188192
vt 0.904858 0.211817
vt 0.901650 0.211720
vt 0.908143 0.194372
vt 0.908261 0.211853
vt 0.907759 0.241186
vt 0.905146 0.241158
vt 0.902684 0.241084
vt 0.910676 0.188192
vt 0.911336 0.211817
vt 0.913334 0.194244
vt 0.913659 0.211720
vt 0.911903 0.241084
vt 0.910120 0.241158
vt 0.429597 0.544040
vt 0.432502 0.537627
vt 0.432944 0.561183
vt 0.429930 0.561500
vt 0.435741 0.543428
vt 0.436319 0.560863
vt 0.437378 0.590331
vt 0.434787 0.590576
vt 0.432473 0.590820
vt 0.438326 0.537105
vt 0.439548 0.560591
vt 0.441369 0.542985
vt 0.442171 0.560403
vt 0.441870 0.589978
vt 0.439857 0.590122
vt 0.902017 0.337620
vt 0.905209 0.331428
vt 0.904560 0.354411
vt 0.901546 0.354755
vt 0.908171 0.337236
vt 0.907945 0.354355
vt 0.907348 0.383749
vt 0.904748 0.383792
vt 0.902435 0.384056
vt 0.911062 0.331611
vt 0.911197 0.354619
vt 0.913849 0.337991
vt 0.913849 0.355141
vt 0.911880 0.384352
vt 0.909844 0.383952
vt 0.320930 0.583094
vt 0.324147 0.577282
vt 0.323287 0.600841
vt 0.320311 0.600530
vt 0.327030 0.583682
vt 0.326654 0.601141
vt 0.325455 0.630447
vt 0.322870 0.630217
vt 0.320585 0.629978
vt 0.329988 0.577757
vt 0.329911 0.601380
vt 0.332739 0.584055
vt 0.332590 0.601528
vt 0.330011 0.630745
vt 0.327955 0.630631
vt 0.905173 0.266532
vt 0.903254 0.266474
vt 0.907207 0.266554
vt 0.906886 0.287100
vt 0.905302 0.287083
vt 0.903809 0.287038
vt 0.909047 0.266532
vt 0.910435 0.266474
vt 0.909398 0.287038
vt 0.908317 0.287083
vt 0.437067 0.615955
vt 0.435264 0.616144
vt 0.439085 0.615764
vt 0.439992 0.636376
vt 0.438421 0.636525
vt 0.437018 0.636673
vt 0.441016 0.615601
vt 0.442584 0.615489
vt 0.442716 0.636162
vt 0.441495 0.636250
vt 0.904907 0.408988
vt 0.903104 0.409194
vt 0.906931 0.408955
vt 0.906551 0.429444
vt 0.904976 0.429470
vt 0.903573 0.429630
vt 0.908876 0.409112
vt 0.910461 0.409424
vt 0.909299 0.429809
vt 0.908065 0.429567
vt 0.321661 0.655589
vt 0.319881 0.655403
vt 0.323674 0.655769
vt 0.322717 0.676290
vt 0.321150 0.676151
vt 0.319765 0.676006
vt 0.325622 0.655912
vt 0.327224 0.656000
vt 0.325480 0.676471
vt 0.324233 0.676401
vt 0.905900 0.301954
vt 0.904794 0.301920
vt 0.907073 0.301966
vt 0.908133 0.301954
vt 0.908933 0.301921
vt 0.437488 0.651493
vt 0.436449 0.651603
vt 0.438651 0.651383
vt 0.439764 0.651289
vt 0.440668 0.651224
vt 0.904898 0.444709
vt 0.903859 0.444828
vt 0.906065 0.444690
vt 0.907185 0.444781
vt 0.908100 0.444960
vt 0.322826 0.691095
vt 0.321801 0.690988
vt 0.323987 0.691198
vt 0.325110 0.691281
vt 0.326033 0.691332
vt 0.312480 0.934439
vt 0.313590 0.935811
vt 0.312103 0.939572
vt 0.310854 0.939445
vt 0.327423 0.500703
vt 0.327676 0.507148
vt 0.327280 0.504415
vt 0.327101 0.500691
vt 0.308669 0.942804
vt 0.310980 0.942502
vt 0.866453 0.596237
vt 0.865361 0.590070
vt 0.866156 0.592714
vt 0.866826 0.596207
vt 0.867589 0.588184
vt 0.867416 0.591949
vt 0.868670 0.596339
vt 0.867432 0.605218
vt 0.865361 0.602799
vt 0.865881 0.599924
vt 0.867074 0.600962
vt 0.327640 0.401582
vt 0.327820 0.405335
vt 0.327640 0.408331
vt 0.532637 0.344860
vt 0.533646 0.347525
vt 0.532637 0.349202
vt 0.316791 0.927566
vt 0.315822 0.933209
vt 0.315501 0.931491
vt 0.327676 0.496634
vt 0.333528 0.337478
vt 0.333232 0.333311
vt 0.333528 0.330336
vt 0.830931 0.590295
vt 0.826352 0.597788
vt 0.821519 0.596150
vt 0.823649 0.591580
vt 0.816724 0.602499
vt 0.816267 0.598059
vt 0.817278 0.592613
vt 0.304418 0.933258
vt 0.308059 0.934753
vt 0.304418 0.924516
vt 0.308535 0.929787
vt 0.877440 0.590933
vt 0.872559 0.592961
vt 0.882249 0.596823
vt 0.874831 0.596516
vt 0.926192 0.802541
vt 0.930491 0.807359
vt 0.928204 0.812019
vt 0.925556 0.809729
vt 0.931652 0.817059
vt 0.928579 0.817176
vt 0.925178 0.815904
vt 0.877019 0.602745
vt 0.872285 0.600172
vt 0.918274 0.817217
vt 0.921202 0.807787
vt 0.922540 0.812295
vt 0.921500 0.817522
vt 0.816488 0.583072
vt 0.825716 0.584488
vt 0.821110 0.587808
vt 0.815755 0.587631
vt 0.310307 0.923122
vt 0.311777 0.928390
vt 0.924984 0.817689
vt 0.922083 0.818664
vt 0.173353 0.394166
vt 0.173238 0.400918
vt 0.173099 0.397926
vt 0.173099 0.394053
vt 0.919690 0.819138
vt 0.929683 0.819138
vt 0.927746 0.818387
vt 0.924802 0.817999
vt 0.173353 0.407004
vt 0.173106 0.403468
vt 0.173353 0.400918
vt 0.333437 0.346251
vt 0.333437 0.339388
vt 0.333581 0.342198
vt 0.815107 0.592952
vt 0.814452 0.588870
vt 0.815327 0.592907
vt 0.814294 0.585870
vt 0.814294 0.600407
vt 0.814861 0.597212
vt 0.814017 0.472354
vt 0.811860 0.471768
vt 0.811490 0.467566
vt 0.813095 0.466992
vt 0.327445 0.456271
vt 0.327158 0.448918
vt 0.327548 0.451774
vt 0.327729 0.456242
vt 0.813736 0.463345
vt 0.811032 0.464949
vt 0.671803 0.339147
vt 0.672536 0.346390
vt 0.671992 0.343491
vt 0.671557 0.339168
vt 0.669916 0.348331
vt 0.670494 0.344234
vt 0.669506 0.338742
vt 0.670087 0.329111
vt 0.672536 0.332070
vt 0.672240 0.335005
vt 0.670803 0.333626
vt 0.173542 0.402665
vt 0.173355 0.398438
vt 0.173542 0.395507
vt 0.813533 0.481997
vt 0.811032 0.478871
vt 0.811250 0.475976
vt 0.812795 0.477504
vt 0.327538 0.461147
vt 0.327158 0.464142
vt 0.796768 0.597115
vt 0.801488 0.588583
vt 0.806629 0.589994
vt 0.804466 0.595410
vt 0.811539 0.583072
vt 0.812302 0.587644
vt 0.811422 0.594051
vt 0.823638 0.468844
vt 0.818705 0.469604
vt 0.828305 0.476450
vt 0.820879 0.474316
vt 0.659938 0.343464
vt 0.665100 0.342025
vt 0.655211 0.335860
vt 0.662942 0.337334
vt 0.891720 0.330575
vt 0.891967 0.339056
vt 0.888130 0.341617
vt 0.887473 0.336897
vt 0.887715 0.349350
vt 0.885571 0.346959
vt 0.883792 0.342531
vt 0.660438 0.330223
vt 0.665348 0.333538
vt 0.878929 0.336322
vt 0.885632 0.330331
vt 0.884117 0.335971
vt 0.880554 0.339901
vt 0.811753 0.605606
vt 0.802151 0.603929
vt 0.806886 0.600196
vt 0.812624 0.600398
vt 0.823005 0.481457
vt 0.818465 0.478014
vt 0.882769 0.344345
vt 0.880354 0.341929
vt 0.333232 0.323446
vt 0.333252 0.316281
vt 0.333431 0.319206
vt 0.333440 0.323489
vt 0.878929 0.340170
vt 0.885378 0.349958
vt 0.884367 0.347574
vt 0.333426 0.327604
vt 0.333232 0.330336
vt 0.333581 0.346251
vt 0.333581 0.353368
vt 0.333446 0.350646
vt 0.813703 0.593495
vt 0.814180 0.598696
vt 0.813583 0.593535
vt 0.814294 0.601970
vt 0.814294 0.585187
vt 0.813923 0.588493
vt 0.827282 0.688606
vt 0.829604 0.688286
vt 0.830815 0.692444
vt 0.827596 0.693133
vt 0.831320 0.687085
vt 0.833411 0.690942
vt 0.835133 0.695385
vt 0.831772 0.697330
vt 0.827604 0.698221
vt 0.658878 0.760729
vt 0.660844 0.761639
vt 0.658872 0.764953
vt 0.655913 0.763767
vt 0.663342 0.762189
vt 0.662342 0.765869
vt 0.661199 0.770490
vt 0.656706 0.769304
vt 0.652874 0.767769
vt 0.665901 0.762674
vt 0.666000 0.766411
vt 0.668303 0.762657
vt 0.669488 0.766544
vt 0.670451 0.771363
vt 0.665935 0.771191
vt 0.670475 0.762548
vt 0.672448 0.766234
vt 0.801219 0.264891
vt 0.803376 0.265000
vt 0.801925 0.268570
vt 0.798997 0.268288
vt 0.800632 0.273129
vt 0.796842 0.272763
vt 0.674283 0.770962
vt 0.805769 0.265076
vt 0.805411 0.268548
vt 0.808356 0.264769
vt 0.809097 0.268238
vt 0.809919 0.272699
vt 0.805146 0.273100
vt 0.810886 0.264444
vt 0.812623 0.267657
vt 0.812913 0.263822
vt 0.815660 0.266874
vt 0.818416 0.270932
vt 0.814484 0.271947
vt 0.814614 0.263237
vt 0.817879 0.265956
vt 0.609217 0.887266
vt 0.609275 0.889178
vt 0.605327 0.890951
vt 0.605503 0.888213
vt 0.601356 0.893423
vt 0.601584 0.889878
vt 0.821289 0.269744
vt 0.609797 0.891158
vt 0.606320 0.893700
vt 0.611360 0.892821
vt 0.608330 0.896197
vt 0.605244 0.900216
vt 0.602641 0.896982
vt 0.613264 0.894337
vt 0.611207 0.898180
vt 0.615738 0.895104
vt 0.614635 0.899484
vt 0.613408 0.904472
vt 0.608970 0.902784
vt 0.618295 0.895588
vt 0.618298 0.899944
vt 0.620737 0.895153
vt 0.621835 0.899556
vt 0.622731 0.904565
vt 0.618151 0.905068
vt 0.832284 0.702523
vt 0.827271 0.703596
vt 0.836328 0.700184
vt 0.646645 0.770476
vt 0.649957 0.772578
vt 0.647232 0.778069
vt 0.643442 0.775664
vt 0.832344 0.707893
vt 0.826607 0.709121
vt 0.654566 0.774425
vt 0.659971 0.775852
vt 0.658690 0.781815
vt 0.652506 0.780182
vt 0.665668 0.776695
vt 0.671101 0.776902
vt 0.671425 0.783017
vt 0.665209 0.782780
vt 0.675710 0.776420
vt 0.799604 0.278487
vt 0.795045 0.278047
vt 0.798863 0.284503
vt 0.793646 0.284000
vt 0.676699 0.782465
vt 0.805034 0.278452
vt 0.810775 0.277970
vt 0.811645 0.283911
vt 0.805076 0.284463
vt 0.816267 0.277065
vt 0.820997 0.275845
vt 0.823341 0.281480
vt 0.817929 0.282876
vt 0.824453 0.274415
vt 0.817897 0.156068
vt 0.822467 0.155443
vt 0.822166 0.158845
vt 0.816668 0.159597
vt 0.821955 0.163151
vt 0.815664 0.164011
vt 0.827295 0.279844
vt 0.599174 0.900794
vt 0.597628 0.896512
vt 0.602304 0.904684
vt 0.599581 0.909486
vt 0.595999 0.905035
vt 0.827930 0.158709
vt 0.828551 0.162994
vt 0.606786 0.907773
vt 0.612125 0.909804
vt 0.610818 0.915344
vt 0.604709 0.913020
vt 0.617830 0.910520
vt 0.623339 0.909915
vt 0.623649 0.915471
vt 0.617346 0.916163
vt 0.831943 0.713310
vt 0.825626 0.714661
vt 0.644768 0.784113
vt 0.640595 0.781465
vt 0.642624 0.790556
vt 0.638169 0.787729
vt 0.933410 0.605606
vt 0.940286 0.606426
vt 0.941267 0.611760
vt 0.933926 0.610884
vt 0.650576 0.786440
vt 0.657386 0.788238
vt 0.656093 0.794959
vt 0.648824 0.793040
vt 0.664566 0.789301
vt 0.671411 0.789562
vt 0.671064 0.796372
vt 0.663757 0.796094
vt 0.677219 0.788954
vt 0.798430 0.291037
vt 0.792685 0.290483
vt 0.798313 0.297921
vt 0.792180 0.297330
vt 0.677264 0.795724
vt 0.805273 0.290993
vt 0.812507 0.290385
vt 0.813340 0.297226
vt 0.805617 0.297875
vt 0.819427 0.289245
vt 0.825387 0.287707
vt 0.827089 0.294367
vt 0.820727 0.296009
vt 0.829742 0.285906
vt 0.821840 0.168264
vt 0.814913 0.169211
vt 0.821823 0.174049
vt 0.814428 0.175061
vt 0.808966 0.170806
vt 0.808081 0.176763
vt 0.829104 0.168092
vt 0.834806 0.163523
vt 0.835993 0.168674
vt 0.836931 0.174488
vt 0.829577 0.173866
vt 0.602791 0.918399
vt 0.597144 0.914507
vt 0.609519 0.920958
vt 0.608259 0.926507
vt 0.601077 0.923776
vt 0.595049 0.919621
vt 0.616708 0.921860
vt 0.623649 0.921098
vt 0.584567 0.871456
vt 0.591833 0.871472
vt 0.592171 0.876764
vt 0.584415 0.876747
vt 0.615933 0.927470
vt 0.941977 0.617664
vt 0.934355 0.616755
vt 0.947513 0.613619
vt 0.948464 0.619596
vt 0.948972 0.625944
vt 0.942404 0.623989
vt 0.934686 0.623068
vt 0.647293 0.799822
vt 0.640855 0.797243
vt 0.654842 0.801815
vt 0.653663 0.808637
vt 0.646020 0.806619
vt 0.639501 0.804007
vt 0.662800 0.802993
vt 0.670388 0.803282
vt 0.669404 0.810122
vt 0.661721 0.809830
vt 0.676827 0.802609
vt 0.798518 0.304991
vt 0.792150 0.304377
vt 0.799037 0.312070
vt 0.792588 0.311448
vt 0.675924 0.809441
vt 0.806103 0.304943
vt 0.814123 0.304269
vt 0.814837 0.311339
vt 0.806717 0.312021
vt 0.821794 0.303005
vt 0.828400 0.301300
vt 0.829294 0.308333
vt 0.822604 0.310059
vt 0.814227 0.181423
vt 0.807635 0.183191
vt 0.821906 0.180373
vt 0.822085 0.187072
vt 0.814309 0.188136
vt 0.807635 0.189926
vt 0.829957 0.180182
vt 0.837594 0.180828
vt 0.837970 0.187533
vt 0.830238 0.186879
vt 0.843129 0.175893
vt 0.844030 0.182288
vt 0.607071 0.931854
vt 0.599613 0.929017
vt 0.570001 0.885829
vt 0.576616 0.883707
vt 0.576535 0.890041
vt 0.569837 0.892190
vt 0.844487 0.189011
vt 0.576971 0.877786
vt 0.584346 0.882629
vt 0.592401 0.882646
vt 0.592517 0.888967
vt 0.584362 0.888949
vt 0.942532 0.630582
vt 0.934909 0.629673
vt 0.949019 0.632513
vt 0.948609 0.639139
vt 0.942362 0.637279
vt 0.935022 0.636403
vt 0.645038 0.813261
vt 0.638600 0.810682
vt 0.652587 0.815254
vt 0.651638 0.821509
vt 0.644369 0.819589
vt 0.638169 0.817105
vt 0.660545 0.816432
vt 0.668133 0.816721
vt 0.666609 0.822921
vt 0.659302 0.822643
vt 0.674571 0.816048
vt 0.799859 0.318984
vt 0.793491 0.318370
vt 0.800963 0.325565
vt 0.794830 0.324973
vt 0.672809 0.822273
vt 0.807445 0.318936
vt 0.815464 0.318262
vt 0.815989 0.324869
vt 0.808267 0.325518
vt 0.823135 0.316998
vt 0.829742 0.315293
vt 0.829739 0.322011
vt 0.823377 0.323652
vt 0.814678 0.195037
vt 0.808086 0.196805
vt 0.822357 0.193987
vt 0.822715 0.200945
vt 0.815319 0.201956
vt 0.808972 0.203659
vt 0.830409 0.193796
vt 0.838045 0.194442
vt 0.837822 0.201383
vt 0.830468 0.200761
vt 0.844481 0.195902
vt 0.576733 0.896636
vt 0.570118 0.898758
vt 0.577202 0.903328
vt 0.570832 0.905371
vt 0.844020 0.202789
vt 0.584463 0.895558
vt 0.592517 0.895575
vt 0.592402 0.902306
vt 0.584646 0.902289
vt 0.941895 0.643915
vt 0.935019 0.643095
vt 0.947747 0.645657
vt 0.946460 0.651911
vt 0.941146 0.650329
vt 0.934902 0.649584
vt 0.644032 0.825442
vt 0.638224 0.823115
vt 0.650842 0.827240
vt 0.650216 0.832314
vt 0.644032 0.830682
vt 0.638758 0.828569
vt 0.658021 0.828303
vt 0.664866 0.828563
vt 0.662950 0.833516
vt 0.656735 0.833279
vt 0.670674 0.827956
vt 0.802323 0.331645
vt 0.796577 0.331092
vt 0.803903 0.337084
vt 0.798686 0.336581
vt 0.622409 0.117600
vt 0.629539 0.118923
vt 0.628746 0.123181
vt 0.622271 0.121980
vt 0.809165 0.331602
vt 0.816399 0.330994
vt 0.816685 0.336492
vt 0.810116 0.337044
vt 0.823320 0.329854
vt 0.829280 0.328316
vt 0.828381 0.334061
vt 0.822969 0.335457
vt 0.816222 0.208721
vt 0.810275 0.210317
vt 0.823149 0.207774
vt 0.823650 0.214309
vt 0.817360 0.215169
vt 0.811960 0.216618
vt 0.830413 0.207602
vt 0.837302 0.208185
vt 0.836501 0.214682
vt 0.830246 0.214153
vt 0.843108 0.209501
vt 0.577933 0.909951
vt 0.571966 0.911865
vt 0.578906 0.916344
vt 0.573487 0.918082
vt 0.841773 0.215878
vt 0.584907 0.908978
vt 0.592173 0.908994
vt 0.591836 0.915475
vt 0.585238 0.915461
vt 0.940130 0.656359
vt 0.934673 0.655708
vt 0.944774 0.657741
vt 0.942735 0.663011
vt 0.938874 0.661861
vt 0.934338 0.661320
vt 0.950264 0.654214
vt 0.948098 0.659754
vt 0.649777 0.836598
vt 0.644373 0.835171
vt 0.606974 0.133072
vt 0.611170 0.129444
vt 0.612863 0.133663
vt 0.609375 0.136679
vt 0.945499 0.664684
vt 0.609738 0.125259
vt 0.615725 0.122728
vt 0.616402 0.127232
vt 0.622123 0.126579
vt 0.621968 0.131281
vt 0.617213 0.131824
vt 0.627782 0.127628
vt 0.634536 0.126122
vt 0.632842 0.130199
vt 0.630879 0.134290
vt 0.626673 0.132154
vt 0.811097 0.341702
vt 0.805666 0.341737
vt 0.816838 0.341220
vt 0.816856 0.345070
vt 0.812083 0.345471
vt 0.636765 0.134109
vt 0.634141 0.137541
vt 0.822330 0.340315
vt 0.808037 0.218539
vt 0.813988 0.222402
vt 0.810560 0.224081
vt 0.816307 0.227534
vt 0.813457 0.228929
vt 0.821421 0.344318
vt 0.818708 0.221136
vt 0.824205 0.220384
vt 0.824800 0.225856
vt 0.820230 0.226481
vt 0.829969 0.220248
vt 0.835437 0.220710
vt 0.834137 0.226127
vt 0.829592 0.225743
vt 0.840044 0.221755
vt 0.580099 0.922347
vt 0.575364 0.923866
vt 0.581481 0.927817
vt 0.577544 0.929080
vt 0.837968 0.226996
vt 0.585633 0.921575
vt 0.591400 0.921587
vt 0.590875 0.927185
vt 0.586081 0.927175
vt 0.937408 0.666694
vt 0.933905 0.666277
vt 0.940390 0.667582
vt 0.937913 0.671254
vt 0.935923 0.670521
vt 0.933410 0.670348
vt 0.607041 0.140527
vt 0.612085 0.140140
vt 0.610283 0.143112
vt 0.614779 0.137811
vt 0.616779 0.141646
vt 0.614768 0.143143
vt 0.613657 0.145327
vt 0.618139 0.136391
vt 0.621811 0.135972
vt 0.621661 0.140369
vt 0.619062 0.140483
vt 0.625445 0.136645
vt 0.628693 0.138296
vt 0.626440 0.141983
vt 0.624245 0.140664
vt 0.631212 0.140806
vt 0.636192 0.141542
vt 0.632796 0.143896
vt 0.629289 0.145871
vt 0.628337 0.143616
vt 0.636765 0.145929
vt 0.633239 0.147284
vt 0.818862 0.231878
vt 0.816661 0.232956
vt 0.632553 0.150633
vt 0.629120 0.150549
vt 0.629775 0.148211
vt 0.821892 0.231065
vt 0.825421 0.230583
vt 0.826028 0.234358
vt 0.823496 0.234596
vt 0.821473 0.235258
vt 0.829122 0.230495
vt 0.832632 0.230792
vt 0.831035 0.234503
vt 0.828626 0.234191
vt 0.835591 0.231463
vt 0.583019 0.932612
vt 0.579978 0.933587
vt 0.584604 0.936515
vt 0.582369 0.937092
vt 0.833215 0.234878
vt 0.586572 0.932116
vt 0.590274 0.932124
vt 0.589642 0.936176
vt 0.587047 0.936048
vt 0.828331 0.685277
vt 0.829022 0.684044
vt 0.826701 0.684918
vt 0.825626 0.680645
vt 0.662400 0.759630
vt 0.664137 0.759648
vt 0.822244 0.725348
vt 0.822537 0.721548
vt 0.823803 0.722039
vt 0.824179 0.725151
vt 0.822244 0.716752
vt 0.824522 0.720708
vt 0.665674 0.760300
vt 0.666989 0.759917
vt 0.511283 0.344860
vt 0.513176 0.347929
vt 0.512433 0.349474
vt 0.511283 0.349425
vt 0.803215 0.262845
vt 0.804878 0.262607
vt 0.668637 0.760219
vt 0.521772 0.348465
vt 0.519577 0.346659
vt 0.520441 0.345191
vt 0.521772 0.344860
vt 0.806162 0.262965
vt 0.807741 0.262475
vt 0.521772 0.348310
vt 0.521772 0.344860
vt 0.523154 0.345194
vt 0.524051 0.346610
vt 0.809475 0.262555
vt 0.480260 0.342825
vt 0.481739 0.346198
vt 0.480586 0.346086
vt 0.480260 0.350538
vt 0.482371 0.347809
vt 0.612284 0.887050
vt 0.612933 0.888189
vt 0.610280 0.885566
vt 0.613511 0.886112
vt 0.617718 0.887603
vt 0.612660 0.889571
vt 0.614132 0.890283
vt 0.614905 0.891630
vt 0.616648 0.891595
vt 0.618163 0.892440
vt 0.619522 0.891623
vt 0.741431 0.266808
vt 0.739480 0.268251
vt 0.738829 0.265311
vt 0.739771 0.263894
vt 0.737119 0.268629
vt 0.737292 0.264941
vt 0.737119 0.260130
vt 0.617086 0.145374
vt 0.616927 0.147040
vt 0.618722 0.144925
vt 0.621361 0.148913
vt 0.619867 0.143651
vt 0.621529 0.144190
vt 0.623224 0.143768
vt 0.624275 0.145118
vt 0.625874 0.145680
vt 0.625913 0.147353
vt 0.626805 0.148656
vt 0.625816 0.150042
vt 0.457964 0.342825
vt 0.460293 0.343469
vt 0.459666 0.346001
vt 0.458149 0.346163
vt 0.462209 0.345121
vt 0.460590 0.347483
vt 0.457964 0.350755
vt 0.828171 0.236520
vt 0.467256 0.349142
vt 0.464480 0.347437
vt 0.465868 0.346638
vt 0.462209 0.349142
vt 0.462967 0.346638
vt 0.464116 0.342825
vt 0.473473 0.349424
vt 0.470880 0.349187
vt 0.471797 0.347142
vt 0.473476 0.346807
vt 0.586126 0.939309
vt 0.584419 0.939298
vt 0.473476 0.342825
vt 0.470697 0.345981
vt 0.587449 0.938622
vt 0.048390 0.799616
vt 0.048576 0.796267
vt 0.050092 0.796433
vt 0.048390 0.791667
vt 0.051015 0.794952
vt 0.108685 0.705579
vt 0.108840 0.705566
vt 0.111847 0.736781
vt 0.111692 0.736794
vt 0.173099 0.336756
vt 0.173251 0.336791
vt 0.173251 0.383054
vt 0.173099 0.383019
vt 0.502859 0.327095
vt 0.502703 0.327099
vt 0.503933 0.313925
vt 0.504089 0.313921
vt 0.538902 0.823970
vt 0.538748 0.823996
vt 0.540808 0.805172
vt 0.540962 0.805145
vt 0.360987 0.589532
vt 0.389846 0.594027
vt 0.363800 0.634456
vt 0.350990 0.637395
vt 0.066109 0.631675
vt 0.039793 0.591034
vt 0.068642 0.586466
vt 0.078965 0.634647
vt 0.173542 0.395507
vt 0.173387 0.395489
vt 0.173387 0.336756
vt 0.173542 0.336774
vt 0.367347 0.546534
vt 0.333608 0.537105
vt 0.538748 0.787055
vt 0.538902 0.787028
vt 0.062042 0.543268
vt 0.095773 0.533778
vt 0.111692 0.632194
vt 0.111847 0.632181
vt 0.429597 0.586618
vt 0.418135 0.605183
vt 0.413192 0.637395
vt 0.502703 0.269736
vt 0.502859 0.269732
vt 0.016667 0.634647
vt 0.011548 0.602291
vt -0.000000 0.583695
vt 0.541056 0.651931
vt 0.541471 0.651915
vt 0.539163 0.691790
vt 0.538748 0.691806
vt 0.327857 0.497132
vt 0.328272 0.497094
vt 0.332222 0.548900
vt 0.331807 0.548938
vt 0.333553 0.274815
vt 0.333144 0.274737
vt 0.333144 0.248939
vt 0.333553 0.249018
vt 0.268256 0.649233
vt 0.267843 0.649180
vt 0.266873 0.628791
vt 0.267286 0.628844
vt 0.568609 0.272034
vt 0.591831 0.239753
vt 0.610904 0.256161
vt 0.618275 0.287105
vt 0.548971 0.451485
vt 0.568153 0.435068
vt 0.591433 0.467344
vt 0.541664 0.482425
vt 0.331807 0.461305
vt 0.332222 0.461266
vt 0.531703 0.272713
vt 0.571251 0.236620
vt 0.264986 0.613029
vt 0.265399 0.613082
vt 0.588642 0.431941
vt 0.628231 0.468030
vt 0.333554 0.248867
vt 0.333144 0.248939
vt 0.333144 0.223073
vt 0.333554 0.223001
vt 0.513053 0.248215
vt 0.504116 0.287105
vt 0.267843 0.590846
vt 0.268256 0.590899
vt 0.646746 0.443540
vt 0.655763 0.482425
vt 0.538748 0.550264
vt 0.539163 0.550248
vt 0.557876 0.155443
vt 0.575025 0.169613
vt 0.592387 0.173482
vt 0.614137 0.179369
vt 0.333144 0.292879
vt 0.332729 0.292849
vt 0.332729 0.223001
vt 0.333144 0.223031
vt 0.545735 0.374693
vt 0.567437 0.368808
vt 0.584730 0.364944
vt 0.601936 0.350769
vt 0.056456 0.162302
vt 0.061670 0.177745
vt 0.051076 0.200189
vt 0.042883 0.178091
vt 0.071394 0.188077
vt 0.064300 0.216464
vt 0.057264 0.245395
vt 0.040180 0.224233
vt 0.029698 0.194518
vt 0.082156 0.193794
vt 0.079850 0.223057
vt 0.093656 0.190012
vt 0.096234 0.219553
vt 0.098472 0.248795
vt 0.077365 0.254014
vt 0.104935 0.181366
vt 0.111959 0.205538
vt 0.248857 0.166259
vt 0.123530 0.184360
vt 0.133481 0.198883
vt 0.118577 0.228447
vt 0.252067 0.150600
vt 0.263866 0.159367
vt 0.089090 0.136395
vt 0.101272 0.136893
vt 0.112989 0.136526
vt 0.275402 0.166015
vt 0.086348 0.128351
vt 0.096874 0.123276
vt 0.081143 0.123153
vt 0.090358 0.113483
vt 0.099519 0.102308
vt 0.107709 0.117095
vt 0.341739 0.083050
vt 0.348371 0.077268
vt 0.416743 0.082423
vt 0.349472 0.091126
vt 0.353628 0.070240
vt 0.428584 0.072640
vt 0.313855 0.075044
vt 0.296775 0.087748
vt 0.412843 0.099013
vt 0.355873 0.062796
vt 0.296116 0.061930
vt 0.353628 0.055546
vt 0.238523 0.051413
vt 0.313855 0.047484
vt 0.319548 0.061134
vt 0.348371 0.048777
vt 0.226682 0.042210
vt 0.047513 0.114563
vt 0.041907 0.120585
vt 0.033898 0.109282
vt 0.212723 0.034578
vt 0.222698 0.025655
vt 0.243129 0.035561
vt 0.036718 0.126819
vt 0.027043 0.119174
vt 0.033682 0.135516
vt 0.021699 0.132791
vt 0.171393 0.129438
vt 0.178519 0.110130
vt 0.051097 0.096446
vt 0.030464 0.148189
vt 0.178839 0.154027
vt 0.192871 0.162302
vt 0.165818 0.160243
vt 0.030430 0.245753
vt 0.017957 0.209323
vt 0.050930 0.271332
vt 0.045547 0.293429
vt 0.022127 0.264074
vt 0.007959 0.221972
vt 0.075177 0.281537
vt 0.100376 0.273091
vt 0.102031 0.294041
vt 0.073372 0.304910
vt 0.123735 0.242716
vt 0.141133 0.202913
vt 0.147323 0.208685
vt 0.127954 0.256349
vt 0.284867 0.166179
vt 0.123257 0.134854
vt 0.132076 0.133594
vt 0.156320 0.167897
vt 0.117442 0.111273
vt 0.585185 0.108605
vt 0.664992 0.106182
vt 0.589489 0.117600
vt 0.537510 0.112526
vt 0.032434 0.082442
vt 0.043287 0.105383
vt 0.309594 0.092663
vt 0.326711 0.077370
vt 0.012913 0.075037
vt -0.001380 0.062287
vt 0.001839 0.051338
vt 0.018467 0.063948
vt 0.024976 0.092361
vt 0.560656 0.096984
vt 0.332416 0.060624
vt 0.487903 0.044150
vt 0.143427 0.057090
vt 0.126668 0.059587
vt 0.124972 0.048239
vt 0.144192 0.046052
vt 0.255947 0.029667
vt 0.233447 0.017620
vt 0.242379 0.010381
vt 0.426718 0.024361
vt 0.053558 0.058047
vt 0.033321 0.102405
vt 0.372782 0.008451
vt 0.161081 0.127563
vt 0.015828 0.126219
vt 0.025691 0.095192
vt 0.375863 0.000000
vt 0.017790 0.166564
vt 0.007888 0.172250
vt 0.015569 0.278522
vt 0.000000 0.231933
vt 0.041363 0.310844
vt 0.038407 0.323349
vt 0.010857 0.288884
vt 0.832781 0.482425
vt 0.833434 0.529488
vt 0.824857 0.539232
vt 0.824608 0.488887
vt 0.072035 0.323416
vt 0.103521 0.313248
vt 0.104863 0.328243
vt 0.071154 0.336756
vt 0.131757 0.277349
vt 0.152889 0.228431
vt 0.158066 0.249251
vt 0.135298 0.296946
vt 0.163063 0.179205
vt 0.164223 0.134462
vt 0.169949 0.135528
vt 0.168773 0.191544
vt 0.211961 0.098996
vt 0.200481 0.071354
vt 0.414595 0.106172
vt 0.398419 0.071126
vt 0.403388 0.061844
vt 0.420481 0.101797
vt 0.370836 0.147288
vt 0.164121 0.092904
vt 0.023736 0.050086
vt 0.166244 0.036077
vt 0.115322 0.021383
vt 0.189233 0.036910
vt 0.205969 0.060942
vt 0.091728 0.030215
vt 0.070418 0.032642
vt 0.070054 0.017696
vt 0.092937 0.014934
vt 0.050419 0.043501
vt 0.038069 0.074143
vt 0.033000 0.062084
vt 0.504116 0.039009
vt 0.492590 0.064934
vt 0.486087 0.055610
vt 0.498061 0.026670
vt 0.048298 0.029801
vt 0.019430 0.087685
vt 0.008750 0.124459
vt 0.479211 0.099689
vt 0.473168 0.143357
vt 0.466408 0.144370
vt 0.472296 0.095248
vt 0.000000 0.176560
vt 0.483654 0.196022
vt 0.504116 0.247649
vt 0.500219 0.257312
vt 0.478138 0.201760
vt 0.816553 0.544732
vt 0.816551 0.492342
vt 0.828421 0.574606
vt 0.819969 0.581427
vt 0.812089 0.583050
vt 0.808723 0.545908
vt 0.808805 0.492743
vt 0.855713 0.246334
vt 0.853757 0.280579
vt 0.844160 0.280554
vt 0.846282 0.244998
vt 0.855713 0.312996
vt 0.846291 0.314681
vt 0.838227 0.315209
vt 0.836082 0.280303
vt 0.838261 0.244302
vt 0.138731 0.306370
vt 0.106073 0.336561
vt 0.163089 0.258240
vt 0.334505 0.316750
vt 0.348309 0.270607
vt 0.355112 0.274336
vt 0.341131 0.321130
vt 0.855188 0.343525
vt 0.847201 0.345471
vt 0.345623 0.260118
vt 0.364507 0.205598
vt 0.368964 0.212280
vt 0.173542 0.196354
vt 0.375670 0.150133
vt 0.382174 0.151726
vt 0.389669 0.152615
vt 0.376137 0.214850
vt 0.427287 0.098898
vt 0.409757 0.055727
vt 0.417235 0.052615
vt 0.434817 0.097570
vt 0.389778 0.031528
vt 0.395975 0.024141
vt 0.117074 0.012134
vt 0.138253 0.027878
vt 0.333608 0.004339
vt 0.341241 0.001086
vt 0.403515 0.020651
vt 0.093782 0.005564
vt 0.069988 0.008299
vt 0.070212 0.002624
vt 0.094392 0.000000
vt 0.118080 0.006522
vt 0.047300 0.020471
vt 0.478777 0.049893
vt 0.490860 0.019791
vt 0.470848 0.047475
vt 0.482872 0.017070
vt 0.499651 0.002488
vt 0.491661 0.000100
vt 0.464877 0.092711
vt 0.459202 0.145679
vt 0.451724 0.147238
vt 0.457105 0.092071
vt 0.471794 0.206236
vt 0.494933 0.264305
vt 0.488403 0.268492
vt 0.464788 0.209356
vt 0.801566 0.542675
vt 0.801566 0.490042
vt 0.804983 0.579370
vt 0.291557 0.211211
vt 0.248666 0.223001
vt 0.252958 0.213193
vt 0.294115 0.202060
vt 0.332600 0.181842
vt 0.333608 0.173813
vt 0.829742 0.279829
vt 0.831864 0.244272
vt 0.209753 0.220062
vt 0.183722 0.194026
vt 0.187361 0.188800
vt 0.213168 0.214571
vt 0.193829 0.180044
vt 0.218823 0.205001
vt 0.333608 0.350769
vt 0.349051 0.320837
vt 0.341633 0.350083
vt 0.362916 0.274538
vt 0.372804 0.272419
vt 0.358914 0.316715
vt 0.173542 0.148566
vt 0.180098 0.140881
vt 0.383882 0.215467
vt 0.397477 0.153348
vt 0.405627 0.154085
vt 0.392862 0.214917
vt 0.389228 0.097904
vt 0.425531 0.052347
vt 0.380794 0.054788
vt 0.397640 0.099802
vt 0.411847 0.019889
vt 0.349519 0.000000
vt 0.357954 0.001050
vt 0.214662 0.244284
vt 0.239400 0.236431
vt 0.213496 0.251877
vt 0.366977 0.021763
vt 0.242092 0.224622
vt 0.266630 0.223001
vt 0.265076 0.227964
vt 0.240533 0.229667
vt 0.289040 0.233966
vt 0.287467 0.239009
vt 0.285092 0.245525
vt 0.263365 0.234334
vt 0.474455 0.017207
vt 0.483324 0.000000
vt 0.462486 0.048045
vt 0.454034 0.051662
vt 0.466046 0.020213
vt 0.306882 0.262639
vt 0.304281 0.269946
vt 0.449131 0.093325
vt 0.444146 0.149000
vt 0.436910 0.150843
vt 0.441217 0.096495
vt 0.457284 0.211026
vt 0.480777 0.269732
vt 0.473689 0.267456
vt 0.450429 0.210838
vt 0.296389 0.189907
vt 0.333091 0.163882
vt 0.258395 0.199495
vt 0.265058 0.181943
vt 0.299241 0.173698
vt 0.332448 0.150233
vt 0.226604 0.191541
vt 0.202757 0.167733
vt 0.214395 0.152474
vt 0.236296 0.174566
vt 0.188593 0.129760
vt 0.385863 0.269187
vt 0.371370 0.309606
vt 0.189932 0.084467
vt 0.201608 0.074353
vt 0.200793 0.116570
vt 0.403737 0.213989
vt 0.414145 0.154988
vt 0.422575 0.155416
vt 0.414475 0.210421
vt 0.399115 0.261502
vt 0.406238 0.103166
vt 0.390110 0.059802
vt 0.173542 0.329434
vt 0.191275 0.290878
vt 0.195105 0.305230
vt 0.178578 0.340734
vt 0.415574 0.107714
vt 0.189347 0.279968
vt 0.214336 0.261792
vt 0.239016 0.244601
vt 0.238536 0.257458
vt 0.216158 0.276026
vt 0.261604 0.241729
vt 0.281790 0.253114
vt 0.277028 0.265119
vt 0.259036 0.253865
vt 0.299264 0.278695
vt 0.317716 0.305518
vt 0.311352 0.314777
vt 0.302047 0.326515
vt 0.291882 0.291097
vt 0.322179 0.350163
vt 0.315378 0.357664
vt 0.430458 0.152645
vt 0.433622 0.101605
vt 0.315870 0.399983
vt 0.307150 0.403760
vt 0.305976 0.366090
vt 0.445368 0.208386
vt 0.300269 0.690381
vt 0.268536 0.731663
vt 0.268628 0.721720
vt 0.299023 0.682153
vt 0.268823 0.708056
vt 0.296958 0.671427
vt 0.319765 0.641212
vt 0.302561 0.158970
vt 0.302561 0.211775
vt 0.295923 0.159752
vt 0.303528 0.152378
vt 0.333079 0.131047
vt 0.273028 0.160572
vt 0.282546 0.135252
vt 0.308564 0.127421
vt 0.333608 0.108965
vt 0.247683 0.154454
vt 0.228993 0.134874
vt 0.246276 0.114188
vt 0.261255 0.130506
vt 0.218459 0.102679
vt 0.220185 0.065074
vt 0.241780 0.055912
vt 0.239193 0.087299
vt 0.222958 0.033321
vt 0.238274 0.029265
vt 0.430458 0.154727
vt 0.261790 0.000000
vt 0.274220 0.001562
vt 0.255811 0.026096
vt 0.426200 0.113166
vt 0.199785 0.323680
vt 0.185067 0.353963
vt 0.204891 0.344908
vt 0.192600 0.368349
vt 0.173542 0.383818
vt 0.183298 0.390783
vt 0.217938 0.296574
vt 0.237115 0.278286
vt 0.235110 0.305087
vt 0.219610 0.321700
vt 0.254905 0.274458
vt 0.270273 0.284885
vt 0.262241 0.310486
vt 0.249744 0.301433
vt 0.282186 0.309361
vt 0.290351 0.341705
vt 0.277654 0.359390
vt 0.271327 0.331993
vt 0.294477 0.375739
vt 0.296481 0.407756
vt 0.284453 0.411312
vt 0.281871 0.386117
vt 0.294084 0.206266
vt 0.288563 0.160660
vt 0.270629 0.688945
vt 0.295122 0.657093
vt 0.272509 0.666937
vt 0.292506 0.640987
vt 0.285168 0.199978
vt 0.311911 0.623577
vt 0.305934 0.613567
vt 0.313658 0.100300
vt 0.332659 0.086627
vt 0.293854 0.105853
vt 0.305014 0.076334
vt 0.318032 0.074634
vt 0.330758 0.064901
vt 0.277507 0.102023
vt 0.265970 0.089667
vt 0.285672 0.065075
vt 0.293205 0.074515
vt 0.260596 0.069643
vt 0.262510 0.046148
vt 0.282211 0.036704
vt 0.280468 0.052804
vt 0.272839 0.023378
vt 0.286542 0.004677
vt 0.298470 0.008634
vt 0.288381 0.021261
vt 0.200763 0.383124
vt 0.193850 0.397859
vt 0.209999 0.367596
vt 0.215447 0.387459
vt 0.208892 0.395641
vt 0.204750 0.404151
vt 0.221109 0.349667
vt 0.232878 0.335865
vt 0.231109 0.365206
vt 0.222831 0.374586
vt 0.244090 0.332715
vt 0.253649 0.339999
vt 0.245487 0.368067
vt 0.239021 0.361744
vt 0.260458 0.357499
vt 0.265348 0.378612
vt 0.253889 0.395110
vt 0.250710 0.380135
vt 0.269150 0.396735
vt 0.271658 0.413769
vt 0.258841 0.415022
vt 0.257408 0.405297
vt 0.288098 0.624947
vt 0.298191 0.604176
vt 0.272931 0.644583
vt 0.272365 0.622782
vt 0.283026 0.610159
vt 0.289603 0.595376
vt 0.045735 0.161019
vt 0.053127 0.163774
vt 0.044582 0.149411
vt 0.061457 0.135271
vt 0.059027 0.171352
vt 0.065952 0.164818
vt 0.073779 0.163303
vt 0.076602 0.151490
vt 0.080624 0.144080
vt 0.077426 0.135471
vt 0.077546 0.130854
vt 0.072756 0.128584
vt 0.340712 0.072865
vt 0.341903 0.067927
vt 0.273466 0.924129
vt 0.273867 0.934113
vt 0.269376 0.933839
vt 0.273867 0.947242
vt 0.265820 0.937372
vt 0.344268 0.063517
vt 0.341903 0.059496
vt 0.662750 0.349999
vt 0.662750 0.336739
vt 0.667432 0.336064
vt 0.670559 0.339940
vt 0.341209 0.043791
vt 0.340712 0.054428
vt 0.858187 0.580777
vt 0.862150 0.590713
vt 0.857472 0.591350
vt 0.857472 0.605218
vt 0.865476 0.594646
vt 0.045374 0.130348
vt 0.045448 0.135508
vt 0.050131 0.127270
vt 0.041469 0.143005
vt 0.320907 0.054041
vt 0.328431 0.044656
vt 0.314089 0.050651
vt 0.324147 0.019722
vt 0.305118 0.053491
vt 0.302978 0.044173
vt 0.296609 0.039875
vt 0.300718 0.028500
vt 0.301461 0.019899
vt 0.309723 0.012725
vt 0.216320 0.403257
vt 0.290012 0.238867
vt 0.283428 0.226216
vt 0.289307 0.226914
vt 0.221576 0.400215
vt 0.290012 0.210898
vt 0.230790 0.413123
vt 0.225173 0.390566
vt 0.230494 0.387694
vt 0.235618 0.381962
vt 0.238744 0.389336
vt 0.243214 0.394157
vt 0.243732 0.404625
vt 0.247740 0.409510
vt 0.251296 0.219732
vt 0.251997 0.207907
vt 0.257900 0.207411
vt 0.251296 0.191961
vt 0.278415 0.597811
vt 0.281089 0.587139
vt 0.271283 0.602432
vt 0.268536 0.577282
vt 0.887159 0.155103
vt 0.887856 0.133129
vt 0.893633 0.133500
vt 0.893358 0.155031
vt 0.890039 0.107818
vt 0.895001 0.109144
vt 0.901398 0.110866
vt 0.901110 0.133996
vt 0.901398 0.154961
vt 0.825601 0.956372
vt 0.824235 0.926172
vt 0.828648 0.928973
vt 0.830684 0.957114
vt 0.827147 0.900472
vt 0.831561 0.905320
vt 0.837237 0.911621
vt 0.834314 0.932610
vt 0.837237 0.958084
vt 0.363688 0.954414
vt 0.361694 0.933728
vt 0.367634 0.933973
vt 0.369098 0.953312
vt 0.361948 0.913448
vt 0.368106 0.914163
vt 0.376090 0.915114
vt 0.375326 0.934322
vt 0.376090 0.951899
vt 0.766321 0.912223
vt 0.768144 0.931985
vt 0.762290 0.934676
vt 0.760376 0.917450
vt 0.765314 0.954973
vt 0.759804 0.954625
vt 0.752686 0.954165
vt 0.754715 0.938202
vt 0.752686 0.924300
vt 0.420801 0.941558
vt 0.414106 0.925990
vt 0.421640 0.922778
vt 0.426921 0.939206
vt 0.415723 0.910652
vt 0.424015 0.907040
vt 0.434854 0.902351
vt 0.431454 0.918627
vt 0.434854 0.936205
vt 0.887592 0.699765
vt 0.895158 0.713490
vt 0.887975 0.714023
vt 0.882215 0.700701
vt 0.895838 0.728539
vt 0.887921 0.728511
vt 0.877623 0.728539
vt 0.878675 0.714796
vt 0.702426 0.336064
vt 0.697097 0.350435
vt 0.695336 0.336064
vt 0.618275 0.350510
vt 0.618275 0.338968
vt 0.626108 0.336042
vt 0.625793 0.345483
vt 0.619347 0.329502
vt 0.627176 0.329294
vt 0.637406 0.329111
vt 0.636358 0.332274
vt 0.635628 0.338945
vt 0.638011 0.348429
vt 0.637406 0.339061
vt 0.644953 0.337981
vt 0.645456 0.346001
vt 0.637790 0.329111
vt 0.645340 0.329118
vt 0.655211 0.329226
vt 0.654828 0.336666
vt 0.655211 0.342912
vt 0.794606 0.696582
vt 0.796740 0.710858
vt 0.792232 0.710368
vt 0.790625 0.698119
vt 0.796682 0.725836
vt 0.791815 0.723368
vt 0.785513 0.720275
vt 0.786420 0.709817
vt 0.785513 0.700153
vt 0.785303 0.478345
vt 0.781760 0.467715
vt 0.789798 0.465974
vt 0.792143 0.475148
vt 0.780218 0.455037
vt 0.789592 0.455037
vt 0.801924 0.455108
vt 0.800365 0.463778
vt 0.801127 0.471057
vt 0.217271 0.816724
vt 0.219987 0.830271
vt 0.216866 0.832493
vt 0.214748 0.820547
vt 0.219987 0.844396
vt 0.215725 0.844609
vt 0.210233 0.844941
vt 0.212880 0.835407
vt 0.865262 0.461788
vt 0.865262 0.476611
vt 0.862627 0.467138
vt 0.641412 0.154195
vt 0.636765 0.139446
vt 0.646809 0.136712
vt 0.649879 0.150173
vt 0.636864 0.120163
vt 0.647300 0.119042
vt 0.661049 0.117600
vt 0.660046 0.133163
vt 0.661049 0.144946
vt 0.361694 0.915515
vt 0.359236 0.933008
vt 0.352882 0.933006
vt 0.353825 0.914593
vt 0.353863 0.945645
vt 0.349339 0.946360
vt 0.343483 0.947359
vt 0.344580 0.933066
vt 0.343483 0.913448
vt 0.913849 0.473686
vt 0.913849 0.448199
vt 0.922558 0.446447
vt 0.923510 0.469582
vt 0.918460 0.419431
vt 0.925826 0.420307
vt 0.935523 0.421443
vt 0.934029 0.444148
vt 0.936247 0.464209
vt 0.106494 0.893852
vt 0.108746 0.923290
vt 0.101055 0.922851
vt 0.099297 0.895644
vt 0.107894 0.948992
vt 0.100089 0.947635
vt 0.089826 0.945919
vt 0.090934 0.922321
vt 0.089826 0.898019
vt 0.421136 0.838986
vt 0.417204 0.838918
vt 0.417002 0.810963
vt 0.419403 0.811252
vt 0.632340 0.736234
vt 0.632340 0.703036
vt 0.634137 0.703352
vt 0.413634 0.839677
vt 0.612858 0.342785
vt 0.616481 0.343784
vt 0.615641 0.346142
vt 0.613567 0.347019
vt 0.943141 0.513456
vt 0.940157 0.513352
vt 0.944294 0.480224
vt 0.946512 0.480261
vt 0.421903 0.811462
vt 0.424672 0.839677
vt 0.616481 0.339677
vt 0.617507 0.341441
vt 0.950743 0.513456
vt 0.946895 0.513503
vt 0.948716 0.480323
vt 0.950912 0.480261
vt 0.613567 0.337790
vt 0.615641 0.337602
vt 0.396748 0.954583
vt 0.393297 0.954013
vt 0.396393 0.921901
vt 0.398880 0.922103
vt 0.953444 0.480224
vt 0.954097 0.513352
vt 0.609934 0.339544
vt 0.611450 0.337517
vt 0.404302 0.954583
vt 0.400654 0.954842
vt 0.401222 0.922445
vt 0.403253 0.922103
vt 0.608317 0.343618
vt 0.608088 0.341249
vt 0.899651 0.728394
vt 0.895838 0.728432
vt 0.895838 0.695518
vt 0.898484 0.695521
vt 0.405485 0.921901
vt 0.407149 0.954013
vt 0.609934 0.346945
vt 0.608088 0.345988
vt 0.906803 0.728539
vt 0.903557 0.728425
vt 0.900905 0.695514
vt 0.582076 0.840641
vt 0.579926 0.813331
vt 0.582076 0.812579
vt 0.611450 0.348165
vt 0.710926 0.483072
vt 0.714518 0.482425
vt 0.713507 0.568383
vt 0.708407 0.569190
vt 0.718445 0.482615
vt 0.718982 0.568546
vt 0.718731 0.694219
vt 0.712478 0.694032
vt 0.706654 0.694954
vt 0.721958 0.483417
vt 0.723734 0.569747
vt 0.135065 0.337747
vt 0.138049 0.337639
vt 0.137806 0.437147
vt 0.133809 0.437275
vt 0.138373 0.581245
vt 0.133809 0.581392
vt 0.724158 0.695590
vt 0.141797 0.337420
vt 0.143062 0.436824
vt 0.145632 0.337099
vt 0.148470 0.436387
vt 0.150551 0.580379
vt 0.144375 0.580878
vt 0.148970 0.336756
vt 0.152922 0.435913
vt 0.160911 0.336756
vt 0.164373 0.337252
vt 0.162477 0.432822
vt 0.157807 0.432067
vt 0.160969 0.570455
vt 0.155636 0.569593
vt 0.155636 0.579838
vt 0.168284 0.337428
vt 0.167942 0.432990
vt 0.171926 0.337091
vt 0.173099 0.432595
vt 0.173099 0.570196
vt 0.167210 0.570647
vt 0.538748 0.692375
vt 0.541595 0.691806
vt 0.541595 0.787028
vt 0.118998 0.336756
vt 0.118615 0.435796
vt 0.114631 0.435677
vt 0.121703 0.336825
vt 0.125509 0.337051
vt 0.123788 0.436092
vt 0.122365 0.579951
vt 0.116458 0.579613
vt 0.111909 0.579478
vt 0.129404 0.337353
vt 0.129200 0.436523
vt 0.132634 0.337693
vt 0.133809 0.436994
vt 0.133809 0.580980
vt 0.128545 0.580442
vt 0.266831 0.719718
vt 0.267732 0.719254
vt 0.268525 0.722999
vt 0.267716 0.723002
vt 0.707658 0.999612
vt 0.707343 0.960039
vt 0.711338 0.959406
vt 0.711222 0.999047
vt 0.715627 0.959534
vt 0.715049 0.999161
vt 0.267731 0.726745
vt 0.266831 0.726287
vt 0.130281 0.882331
vt 0.129543 0.927192
vt 0.126322 0.926864
vt 0.126671 0.881965
vt 0.053710 0.799077
vt 0.052782 0.798670
vt 0.053677 0.795405
vt 0.054512 0.795358
vt 0.052782 0.792170
vt 0.053709 0.791667
vt 0.122539 0.926566
vt 0.122431 0.881632
vt 0.056236 0.798674
vt 0.055313 0.799083
vt 0.054512 0.795361
vt 0.055341 0.795405
vt 0.719350 0.960475
vt 0.718372 1.000000
vt 0.138984 0.927294
vt 0.138098 0.882496
vt 0.141229 0.882398
vt 0.141777 0.927207
vt 0.055316 0.791667
vt 0.056236 0.792167
vt 0.052782 0.798620
vt 0.051822 0.799039
vt 0.051015 0.795358
vt 0.051880 0.795392
vt 0.145347 0.882150
vt 0.145453 0.926984
vt 0.149584 0.881811
vt 0.149237 0.926681
vt 0.051825 0.791667
vt 0.052782 0.792150
vt 0.487984 0.349847
vt 0.487011 0.350298
vt 0.486214 0.346573
vt 0.487093 0.346580
vt 0.153073 0.881442
vt 0.152352 0.926351
vt 0.157838 0.898040
vt 0.157312 0.855551
vt 0.160971 0.856144
vt 0.161106 0.898569
vt 0.487012 0.342825
vt 0.487984 0.343288
vt 0.484442 0.343284
vt 0.485415 0.342825
vt 0.486214 0.346574
vt 0.485332 0.346577
vt 0.165253 0.856276
vt 0.164929 0.898686
vt 0.169293 0.855965
vt 0.168536 0.898408
vt 0.485417 0.350301
vt 0.484442 0.349845
vt 0.493393 0.343307
vt 0.494356 0.342825
vt 0.495166 0.346518
vt 0.494294 0.346549
vt 0.116134 0.926280
vt 0.115257 0.881314
vt 0.118378 0.881404
vt 0.118921 0.926361
vt 0.494359 0.350198
vt 0.493393 0.349775
vt 0.711756 0.841054
vt 0.706654 0.841862
vt 0.717233 0.841217
vt 0.721987 0.842419
vt 0.139804 0.748370
vt 0.135806 0.748497
vt 0.145062 0.748050
vt 0.150473 0.747615
vt 0.154927 0.747143
vt 0.160696 0.729168
vt 0.156024 0.728412
vt 0.166163 0.729336
vt 0.171322 0.728940
vt 0.116968 0.746985
vt 0.112983 0.746868
vt 0.122143 0.747279
vt 0.127557 0.747707
vt 0.132168 0.748176
vt 0.878851 0.239946
vt 0.875544 0.239153
vt 0.876545 0.237312
vt 0.878960 0.237260
vt 0.873082 0.236804
vt 0.875277 0.235254
vt 0.879163 0.232499
vt 0.871604 0.233755
vt 0.873699 0.233414
vt 0.871891 0.230408
vt 0.874516 0.231171
vt 0.873359 0.227394
vt 0.874966 0.228821
vt 0.876185 0.225568
vt 0.877257 0.228081
vt 0.879497 0.224864
vt 0.879399 0.226992
vt 0.882733 0.225939
vt 0.881438 0.228318
vt 0.885391 0.228077
vt 0.883656 0.229313
vt 0.886595 0.231243
vt 0.883903 0.231704
vt 0.886595 0.234608
vt 0.884525 0.234030
vt 0.884863 0.237475
vt 0.882797 0.235683
vt 0.882211 0.239533
vt 0.881359 0.237586
vt 0.581631 0.801872
vt 0.583109 0.812579
vt 0.573197 0.812460
vt 0.572833 0.803845
vt 0.412199 0.925997
vt 0.408849 0.924914
vt 0.411231 0.915471
vt 0.414071 0.915410
vt 0.408849 0.906176
vt 0.412209 0.904972
vt 0.562346 0.812579
vt 0.562961 0.801843
vt 0.790985 0.583187
vt 0.794321 0.582063
vt 0.796202 0.593402
vt 0.793371 0.593307
vt -0.000000 0.779343
vt 0.005410 0.772496
vt 0.009205 0.782430
vt 0.005344 0.788673
vt 0.017547 0.787703
vt 0.013494 0.796300
vt 0.794340 0.604609
vt 0.790985 0.603255
vt 0.327628 0.412113
vt 0.324320 0.413578
vt 0.322179 0.402540
vt 0.324996 0.402342
vt 0.026537 0.792660
vt 0.024166 0.799783
vt 0.037447 0.790852
vt 0.035647 0.799783
vt 0.324326 0.391133
vt 0.327628 0.392130
vt 0.303057 0.895862
vt 0.299864 0.897165
vt 0.298169 0.885347
vt 0.300866 0.885348
vt 0.046851 0.790063
vt 0.046225 0.796961
vt 0.772469 0.810998
vt 0.774651 0.802364
vt 0.784191 0.801316
vt 0.782438 0.812180
vt 0.299871 0.873858
vt 0.303057 0.875118
vt 0.871707 0.937562
vt 0.868409 0.938494
vt 0.866529 0.928320
vt 0.869332 0.928466
vt 0.793159 0.803705
vt 0.792567 0.812452
vt 0.802328 0.801491
vt 0.802597 0.812360
vt 0.868409 0.918468
vt 0.871707 0.919712
vt 0.678582 0.919146
vt 0.675281 0.920380
vt 0.673486 0.909725
vt 0.676293 0.909682
vt 0.811302 0.803705
vt 0.812268 0.812452
vt 0.173542 0.754658
vt 0.177470 0.746649
vt 0.184947 0.748319
vt 0.180711 0.758672
vt 0.675274 0.898754
vt 0.678582 0.899898
vt 0.303245 0.918011
vt 0.299974 0.919256
vt 0.298169 0.908246
vt 0.300950 0.908216
vt 0.192751 0.754480
vt 0.190135 0.763163
vt 0.202998 0.755446
vt 0.200792 0.766629
vt 0.299978 0.897165
vt 0.303245 0.898343
vt 0.751978 0.875818
vt 0.755279 0.874737
vt 0.757209 0.885629
vt 0.754393 0.885545
vt 0.212573 0.758535
vt 0.211658 0.767567
vt 0.221325 0.756029
vt 0.221191 0.767247
vt 0.755287 0.896493
vt 0.751978 0.895195
vt 0.745134 0.327816
vt 0.748471 0.326593
vt 0.750329 0.337995
vt 0.747499 0.337976
vt 0.541664 0.810764
vt 0.544383 0.800240
vt 0.552642 0.802986
vt 0.551272 0.811527
vt 0.748465 0.349302
vt 0.745134 0.348022
vt 0.048142 0.725371
vt 0.029780 0.761975
vt 0.020964 0.763856
vt 0.021883 0.752226
vt 0.042641 0.764076
vt 0.033590 0.771309
vt 0.798435 0.728539
vt 0.789559 0.769295
vt 0.781431 0.777051
vt 0.779216 0.768149
vt 0.048390 0.769418
vt 0.801372 0.769448
vt 0.794915 0.778029
vt 0.811497 0.769776
vt 0.808132 0.778029
vt 0.189464 0.723202
vt 0.197774 0.717787
vt 0.217553 0.678669
vt 0.209478 0.722330
vt 0.200598 0.728907
vt 0.221325 0.722799
vt 0.215039 0.731861
vt 0.567563 0.730288
vt 0.564807 0.770230
vt 0.556892 0.777973
vt 0.552807 0.769286
vt 0.576935 0.770347
vt 0.571602 0.778599
vt 0.533741 0.344860
vt 0.523347 0.344592
vt 0.525727 0.336755
vt 0.533114 0.334639
vt 0.514334 0.339753
vt 0.520638 0.331297
vt 0.532071 0.316031
vt 0.507243 0.332532
vt 0.514035 0.328000
vt 0.504523 0.322344
vt 0.514294 0.320084
vt 0.504116 0.311612
vt 0.511766 0.312811
vt 0.507982 0.301890
vt 0.516492 0.306916
vt 0.513009 0.293945
vt 0.518222 0.299985
vt 0.521027 0.289706
vt 0.524955 0.299013
vt 0.530410 0.287105
vt 0.530855 0.295019
vt 0.540264 0.289071
vt 0.537343 0.298626
vt 0.549396 0.293294
vt 0.544639 0.299512
vt 0.555762 0.301182
vt 0.547352 0.306426
vt 0.560466 0.310033
vt 0.552676 0.311665
vt 0.560466 0.319980
vt 0.550365 0.318579
vt 0.557876 0.330085
vt 0.550795 0.326223
vt 0.551141 0.337906
vt 0.544382 0.330108
vt 0.543393 0.343566
vt 0.540281 0.336011
vt 0.222253 0.902715
vt 0.224725 0.902914
vt 0.225205 0.907250
vt 0.221653 0.907208
vt 0.227211 0.902155
vt 0.228793 0.906402
vt 0.230570 0.911196
vt 0.225925 0.912295
vt 0.221325 0.912240
vt 0.229586 0.901106
vt 0.232057 0.904702
vt 0.231314 0.899345
vt 0.234702 0.902355
vt 0.238221 0.905956
vt 0.234796 0.908995
vt 0.232689 0.897460
vt 0.236431 0.899563
vt 0.232995 0.895359
vt 0.237122 0.896614
vt 0.241355 0.898523
vt 0.240459 0.902341
vt 0.232849 0.893369
vt 0.236656 0.893796
vt 0.782237 0.482425
vt 0.784802 0.482428
vt 0.785673 0.485434
vt 0.781993 0.485343
vt 0.786475 0.489484
vt 0.781710 0.489366
vt 0.778365 0.485173
vt 0.777013 0.489146
vt 0.787235 0.482490
vt 0.789038 0.485434
vt 0.181830 0.769510
vt 0.183672 0.769918
vt 0.181444 0.773375
vt 0.179007 0.772679
vt 0.179328 0.777820
vt 0.176172 0.776918
vt 0.790832 0.489484
vt 0.185826 0.770306
vt 0.184638 0.773800
vt 0.188396 0.770301
vt 0.188248 0.773927
vt 0.188137 0.778534
vt 0.183464 0.778370
vt 0.191000 0.770254
vt 0.191931 0.773726
vt 0.193317 0.769820
vt 0.195334 0.773234
vt 0.197313 0.777637
vt 0.192907 0.778274
vt 0.195376 0.769373
vt 0.198100 0.772484
vt 0.196554 0.768658
vt 0.199996 0.771561
vt 0.781391 0.001947
vt 0.784486 0.001274
vt 0.783795 0.004994
vt 0.779787 0.005866
vt 0.200894 0.776666
vt 0.529001 0.344860
vt 0.529001 0.347354
vt 0.526568 0.347105
vt 0.511283 0.344860
vt 0.511283 0.350320
vt 0.509593 0.348018
vt 0.940760 0.795756
vt 0.942126 0.797221
vt 0.940170 0.801087
vt 0.938414 0.798824
vt 0.788034 0.000604
vt 0.791675 -0.000000
vt 0.793104 0.003345
vt 0.788390 0.004126
vt 0.943882 0.798437
vt 0.942815 0.802603
vt 0.946213 0.798732
vt 0.946055 0.803262
vt 0.946222 0.808302
vt 0.942027 0.807448
vt 0.938602 0.805486
vt 0.226858 0.917601
vt 0.221325 0.917535
vt 0.232446 0.916279
vt 0.234373 0.921523
vt 0.227980 0.923036
vt 0.221649 0.922960
vt 0.237530 0.913632
vt 0.241649 0.909976
vt 0.244904 0.914311
vt 0.240191 0.918494
vt 0.244342 0.905628
vt 0.772856 0.488843
vt 0.775764 0.494024
vt 0.770764 0.493659
vt 0.774648 0.499676
vt 0.768927 0.499258
vt 0.247985 0.909336
vt 0.781415 0.494288
vt 0.787147 0.494430
vt 0.787672 0.500140
vt 0.781114 0.499977
vt 0.792388 0.494430
vt 0.177480 0.783070
vt 0.173684 0.781985
vt 0.796662 0.494294
vt 0.798559 0.499985
vt 0.793669 0.500140
vt 0.182455 0.783732
vt 0.188077 0.783929
vt 0.188068 0.789970
vt 0.181635 0.789745
vt 0.175943 0.788987
vt 0.193814 0.783616
vt 0.199114 0.782849
vt 0.200697 0.788735
vt 0.194633 0.789612
vt 0.203423 0.781682
vt 0.783406 0.009628
vt 0.778585 0.010676
vt 0.783324 0.015050
vt 0.777808 0.016250
vt 0.205626 0.787399
vt 0.788933 0.008584
vt 0.794603 0.007644
vt 0.796137 0.012780
vt 0.789648 0.013855
vt 0.797471 0.002732
vt 0.799857 0.006907
vt 0.946741 0.813571
vt 0.941695 0.812545
vt 0.947595 0.818939
vt 0.941821 0.817764
vt 0.802148 0.011937
vt 0.229265 0.928466
vt 0.222292 0.928383
vt 0.236306 0.926800
vt 0.238195 0.931981
vt 0.230679 0.933760
vt 0.223237 0.933671
vt 0.242712 0.923465
vt 0.247903 0.918859
vt 0.250575 0.923504
vt 0.245034 0.928421
vt 0.251296 0.913379
vt 0.773695 0.505971
vt 0.767394 0.505511
vt 0.772925 0.512748
vt 0.766199 0.512256
vt 0.762477 0.504973
vt 0.760950 0.511682
vt 0.780815 0.506303
vt 0.788038 0.506482
vt 0.788235 0.513293
vt 0.780526 0.513102
vt 0.794642 0.506482
vt 0.800027 0.506312
vt 0.801034 0.513112
vt 0.795285 0.513293
vt 0.181026 0.796267
vt 0.174757 0.795433
vt 0.188110 0.796515
vt 0.188203 0.803398
vt 0.180641 0.803134
vt 0.173949 0.802243
vt 0.195340 0.796121
vt 0.202018 0.795155
vt 0.203049 0.801947
vt 0.195920 0.802978
vt 0.207447 0.793684
vt 0.783556 0.021136
vt 0.777481 0.022457
vt 0.784092 0.027729
vt 0.777607 0.029140
vt 0.208844 0.800377
vt 0.790520 0.019820
vt 0.797666 0.018636
vt 0.799154 0.025060
vt 0.791526 0.026325
vt 0.804286 0.017707
vt 0.807131 0.011396
vt 0.809773 0.017112
vt 0.812078 0.023434
vt 0.806220 0.024069
vt 0.642986 0.836684
vt 0.650268 0.836599
vt 0.649010 0.842342
vt 0.641447 0.842430
vt 0.657931 0.837641
vt 0.656966 0.843424
vt 0.655881 0.849636
vt 0.647824 0.848540
vt 0.640167 0.848630
vt 0.665223 0.839762
vt 0.664539 0.845627
vt 0.671467 0.842708
vt 0.671024 0.848687
vt 0.670114 0.854965
vt 0.663549 0.851867
vt 0.765375 0.519334
vt 0.759924 0.518738
vt 0.772359 0.519844
vt 0.772010 0.527083
vt 0.764939 0.526567
vt 0.759419 0.525963
vt 0.780253 0.520213
vt 0.788259 0.520411
vt 0.788109 0.527657
vt 0.780003 0.527456
vt 0.795580 0.520411
vt 0.801549 0.520222
vt 0.801566 0.527466
vt 0.795522 0.527657
vt 0.180491 0.810179
vt 0.173542 0.809254
vt 0.188344 0.810453
vt 0.188530 0.817506
vt 0.180579 0.817228
vt 0.173542 0.816291
vt 0.196358 0.810017
vt 0.203761 0.808946
vt 0.204140 0.815979
vt 0.196644 0.817064
vt 0.209779 0.807316
vt 0.784922 0.034672
vt 0.778188 0.036137
vt 0.786022 0.041791
vt 0.779204 0.043274
vt 0.210234 0.814328
vt 0.792642 0.033214
vt 0.800563 0.031901
vt 0.801859 0.038985
vt 0.793839 0.040315
vt 0.807901 0.030872
vt 0.813984 0.030211
vt 0.815449 0.037274
vt 0.809290 0.037943
vt 0.646743 0.855047
vt 0.639180 0.855135
vt 0.654699 0.856129
vt 0.653452 0.862739
vt 0.645790 0.861697
vt 0.638507 0.861782
vt 0.662272 0.858332
vt 0.668757 0.861391
vt 0.666989 0.867807
vt 0.660744 0.864861
vt 0.764905 0.533776
vt 0.759454 0.533180
vt 0.771889 0.534286
vt 0.771995 0.541278
vt 0.765270 0.540787
vt 0.760020 0.540213
vt 0.779782 0.534655
vt 0.787788 0.534853
vt 0.787306 0.541824
vt 0.779597 0.541633
vt 0.795109 0.534853
vt 0.801079 0.534664
vt 0.800105 0.541642
vt 0.794356 0.541824
vt 0.180903 0.824106
vt 0.173954 0.823180
vt 0.188756 0.824380
vt 0.189016 0.830911
vt 0.181454 0.830646
vt 0.174762 0.829755
vt 0.196770 0.823944
vt 0.204173 0.822873
vt 0.203862 0.829459
vt 0.196734 0.830491
vt 0.210191 0.821242
vt 0.787370 0.048912
vt 0.780636 0.050376
vt 0.788927 0.055859
vt 0.782443 0.057270
vt 0.209658 0.827889
vt 0.795089 0.047453
vt 0.803011 0.046140
vt 0.803989 0.053190
vt 0.796361 0.054455
vt 0.810349 0.045111
vt 0.816432 0.044451
vt 0.816914 0.051564
vt 0.811056 0.052199
vt 0.644991 0.868329
vt 0.638169 0.868409
vt 0.652169 0.869306
vt 0.650881 0.875668
vt 0.644363 0.874781
vt 0.638169 0.874854
vt 0.659000 0.871293
vt 0.664850 0.874053
vt 0.662396 0.879979
vt 0.657085 0.877472
vt 0.671506 0.871325
vt 0.669081 0.877348
vt 0.772329 0.547883
vt 0.766029 0.547423
vt 0.772880 0.553944
vt 0.767159 0.553527
vt 0.666239 0.882971
vt 0.779450 0.548216
vt 0.786672 0.548395
vt 0.785904 0.554409
vt 0.779346 0.554246
vt 0.793276 0.548395
vt 0.798662 0.548224
vt 0.796792 0.554254
vt 0.791901 0.554409
vt 0.182221 0.836684
vt 0.175952 0.835849
vt 0.189305 0.836931
vt 0.189615 0.842301
vt 0.183182 0.842076
vt 0.177490 0.841318
vt 0.196535 0.836538
vt 0.203213 0.835572
vt 0.202244 0.841066
vt 0.196180 0.841944
vt 0.777481 0.058551
vt 0.784585 0.063781
vt 0.779937 0.064981
vt 0.790660 0.062460
vt 0.792522 0.068556
vt 0.787006 0.069756
vt 0.782786 0.070846
vt 0.797624 0.061144
vt 0.804770 0.059960
vt 0.805335 0.066286
vt 0.798846 0.067362
vt 0.811390 0.059031
vt 0.672020 0.837332
vt 0.678258 0.836598
vt 0.677359 0.843173
vt 0.671515 0.843860
vt 0.676812 0.849594
vt 0.671506 0.850218
vt 0.811346 0.065443
vt 0.643925 0.880890
vt 0.638511 0.880953
vt 0.649622 0.881665
vt 0.648421 0.887155
vt 0.643685 0.886511
vt 0.639184 0.886564
vt 0.655043 0.883242
vt 0.659686 0.885433
vt 0.656787 0.890288
vt 0.652928 0.888467
vt 0.663044 0.888048
vt 0.773637 0.559304
vt 0.768637 0.558939
vt 0.774579 0.563841
vt 0.770423 0.563537
vt 0.659579 0.892462
vt 0.779288 0.559568
vt 0.785020 0.559710
vt 0.784042 0.564178
vt 0.779277 0.564060
vt 0.790261 0.559710
vt 0.794535 0.559575
vt 0.778852 0.697437
vt 0.782636 0.701749
vt 0.779072 0.703662
vt 0.775927 0.700078
vt 0.788399 0.564178
vt 0.184316 0.846682
vt 0.179341 0.846020
vt 0.189938 0.846879
vt 0.784905 0.707048
vt 0.785513 0.712780
vt 0.781464 0.712833
vt 0.780958 0.708067
vt 0.195675 0.846566
vt 0.200975 0.845800
vt 0.784318 0.718394
vt 0.781518 0.723358
vt 0.778143 0.721626
vt 0.780470 0.717499
vt 0.789649 0.075040
vt 0.785961 0.075992
vt 0.794470 0.073991
vt 0.796455 0.078640
vt 0.792448 0.079511
vt 0.777315 0.727141
vt 0.774649 0.724771
vt 0.799997 0.072947
vt 0.805668 0.072007
vt 0.805764 0.076990
vt 0.801050 0.077772
vt 0.810922 0.071270
vt 0.676637 0.855701
vt 0.671999 0.856247
vt 0.676832 0.861348
vt 0.672976 0.861802
vt 0.810132 0.076378
vt 0.643651 0.891499
vt 0.640175 0.891540
vt 0.647308 0.891997
vt 0.646343 0.895966
vt 0.643782 0.895494
vt 0.641389 0.895649
vt 0.650789 0.893009
vt 0.653770 0.894416
vt 0.650829 0.897646
vt 0.648846 0.896565
vt 0.655926 0.896095
vt 0.758367 0.698916
vt 0.762638 0.697005
vt 0.762704 0.700587
vt 0.759406 0.702063
vt 0.763030 0.704237
vt 0.760655 0.705108
vt 0.652490 0.898754
vt 0.767298 0.696582
vt 0.766303 0.700261
vt 0.771882 0.697617
vt 0.769843 0.701059
vt 0.767987 0.704564
vt 0.765548 0.703829
vt 0.772967 0.702960
vt 0.775396 0.705728
vt 0.771843 0.707806
vt 0.770276 0.705745
vt 0.776853 0.709131
vt 0.777243 0.712811
vt 0.773125 0.712724
vt 0.773032 0.710122
vt 0.776476 0.716415
vt 0.774679 0.719602
vt 0.771344 0.717440
vt 0.772765 0.715290
vt 0.771980 0.722031
vt 0.770378 0.726683
vt 0.768681 0.723507
vt 0.767180 0.720151
vt 0.769576 0.719275
vt 0.801977 0.081706
vt 0.798428 0.082377
vt 0.805618 0.081103
vt 0.765083 0.723834
vt 0.761543 0.723035
vt 0.762223 0.719824
vt 0.764683 0.720553
vt 0.808991 0.080630
vt 0.677397 0.866390
vt 0.674419 0.866741
vt 0.678258 0.870588
vt 0.676083 0.870704
vt 0.758419 0.721135
vt 0.759955 0.718638
vt 0.224510 0.899731
vt 0.225922 0.898714
vt 0.223072 0.899036
vt 0.224427 0.894750
vt 0.227658 0.898560
vt 0.228280 0.897099
vt 0.229667 0.896199
vt 0.229247 0.894807
vt 0.231612 0.891719
vt 0.229771 0.893550
vt 0.228451 0.892715
vt 0.184286 0.767657
vt 0.185855 0.767630
vt 0.477864 0.342825
vt 0.477553 0.346125
vt 0.476344 0.346182
vt 0.476019 0.343792
vt 0.477864 0.350624
vt 0.475669 0.347775
vt 0.186873 0.768172
vt 0.188571 0.767850
vt 0.517796 0.348456
vt 0.515475 0.346544
vt 0.516389 0.345123
vt 0.517796 0.344860
vt 0.190224 0.768138
vt 0.191399 0.767573
vt 0.513176 0.348497
vt 0.513176 0.344860
vt 0.514570 0.345123
vt 0.515475 0.346558
vt 0.473476 0.342825
vt 0.475320 0.343766
vt 0.474995 0.346193
vt 0.473787 0.346156
vt 0.193058 0.767567
vt 0.473476 0.350683
vt 0.475669 0.347782
vt 0.943029 0.793643
vt 0.944318 0.794122
vt 0.940393 0.793734
vt 0.943322 0.792118
vt 0.947595 0.790592
vt 0.945051 0.795379
vt 0.946667 0.794990
vt 0.457964 0.350344
vt 0.455388 0.349995
vt 0.456257 0.347573
vt 0.457926 0.347247
vt 0.453183 0.348619
vt 0.455178 0.346256
vt 0.644036 0.898136
vt 0.457964 0.342825
vt 0.453183 0.348723
vt 0.451052 0.350211
vt 0.450258 0.347669
vt 0.451295 0.346273
vt 0.448531 0.350664
vt 0.448621 0.347389
vt 0.448531 0.342825
vt 0.758866 0.706948
vt 0.761924 0.707680
vt 0.761186 0.709262
vt 0.763579 0.707703
vt 0.764567 0.712328
vt 0.765093 0.706852
vt 0.766428 0.707891
vt 0.768155 0.708092
vt 0.768645 0.709755
vt 0.769940 0.710927
vt 0.769382 0.712582
vt 0.769767 0.714274
vt 0.768358 0.715292
vt 0.767702 0.716854
vt 0.765965 0.716851
vt 0.764533 0.717682
vt 0.763116 0.716663
vt 0.761471 0.716442
vt 0.758367 0.716582
vt 0.760899 0.714799
vt 0.625000 0.062500
vt 0.625000 0.031250
vt 0.604167 0.020833
vt 0.625000 0.000000
vt 0.517976 0.503274
vt 0.552083 0.572917
vt 0.583333 0.541667
vt 0.567708 0.510417
vt 0.625000 0.625000
vt 0.625000 0.562500
vt 0.625000 0.500000
vt 0.750000 0.750000
vt 0.804316 0.799851
vt 0.833333 0.770833
vt 0.812500 0.750000
vt 0.875000 0.812500
vt 0.875000 0.781250
vt 0.875000 0.750000
vt 0.625000 0.437500
vt 0.544643 0.447545
vt 0.562500 0.468750
vt 0.609375 0.453125
vt 0.531250 0.492188
vt 0.562500 0.500000
vt 0.609375 0.492188
vt 0.625000 0.468750
vt 0.500000 0.500000
vt 0.000000 0.900000
vt 0.050000 0.895833
vt 0.050000 0.850000
vt 0.000000 0.850000
vt 0.050000 0.800000
vt 0.000000 0.800000
vt 0.950000 0.895833
vt 1.000000 0.900000
vt 1.000000 0.850000
vt 0.950000 0.850000
vt 1.000000 0.800000
vt 0.950000 0.800000
vt 0.050000 0.750000
vt 0.000000 0.750000
vt 0.100000 0.750000
vt 0.100000 0.700000
vt 0.050000 0.700000
vt 0.000000 0.700000
vt 1.000000 0.750000
vt 0.950000 0.750000
vt 1.000000 0.700000
vt 0.950000 0.700000
vt 0.900000 0.750000
vt 0.900000 0.700000
vt 0.050000 0.650000
vt 0.000000 0.650000
vt 0.100000 0.650000
vt 0.100000 0.600000
vt 0.050000 0.600000
vt 0.000000 0.600000
vt 0.150000 0.600000
vt 0.950000 0.650000
vt 0.900000 0.650000
vt 1.000000 0.650000
vt 1.000000 0.600000
vt 0.950000 0.600000
vt 0.050000 0.550000
vt 0.000000 0.550000
vt 0.100000 0.550000
vt 0.100000 0.500000
vt 0.050000 0.500000
vt 0.000000 0.500000
vt 0.150000 0.550000
vt 0.200000 0.500000
vt 0.150000 0.500000
vt 0.800000 0.600000
vt 0.850000 0.600000
vt 0.850000 0.550000
vt 0.800000 0.550000
vt 1.000000 0.550000
vt 0.950000 0.550000
vt 1.000000 0.500000
vt 0.050000 0.450000
vt 0.000000 0.450000
vt 0.050000 0.400000
vt 0.000000 0.400000
vt 0.150000 0.450000
vt 0.200000 0.450000
vt 0.200000 0.400000
vt 0.150000 0.400000
vt 0.100000 0.450000
vt 0.950000 0.500000
vt 1.000000 0.450000
vt 0.050000 0.350000
vt 0.000000 0.350000
vt 0.100000 0.350000
vt 0.100000 0.300000
vt 0.050000 0.300000
vt 0.000000 0.300000
vt 0.200000 0.350000
vt 0.950000 0.400000
vt 1.000000 0.400000
vt 1.000000 0.350000
vt 0.950000 0.350000
vt 1.000000 0.300000
vt 0.050000 0.250000
vt 0.000000 0.250000
vt 0.100000 0.250000
vt 0.050000 0.200000
vt 0.000000 0.200000
vt 0.950000 0.300000
vt 1.000000 0.250000
vt 0.950000 0.250000
vt 1.000000 0.200000
vt 0.950000 0.200000
vt 0.050000 0.150000
vt 0.000000 0.150000
vt 0.100000 0.150000
vt 1.000000 0.150000
vt 0.100000 0.900000
vt 0.050000 0.933333
vt 0.025000 0.950000
vt 0.050000 1.000000
vt 0.075000 0.950000
vt 0.600000 0.900000
vt 0.625000 0.950000
vt 0.650000 0.933333
vt 0.850000 1.000000
vt 0.875000 0.950000
vt 0.850000 0.933333
vt 0.950000 0.933333
vt 0.975000 0.950000
vt 0.950000 1.000000
vt 0.925000 0.950000
vt 0.100000 0.850000
vt 0.100000 0.800000
vt 0.150000 0.895833
vt 0.150000 0.850000
vt 0.200000 0.900000
vt 0.200000 0.850000
vt 0.200000 0.800000
vt 0.150000 0.800000
vt 0.250000 0.895833
vt 0.250000 0.850000
vt 0.300000 0.900000
vt 0.300000 0.850000
vt 0.300000 0.800000
vt 0.250000 0.800000
vt 0.350000 0.895833
vt 0.350000 0.850000
vt 0.400000 0.900000
vt 0.400000 0.850000
vt 0.400000 0.800000
vt 0.350000 0.800000
vt 0.450000 0.895833
vt 0.450000 0.850000
vt 0.500000 0.900000
vt 0.500000 0.850000
vt 0.500000 0.800000
vt 0.450000 0.800000
vt 0.550000 0.895833
vt 0.550000 0.850000
vt 0.600000 0.850000
vt 0.600000 0.800000
vt 0.550000 0.800000
vt 0.650000 0.895833
vt 0.650000 0.850000
vt 0.700000 0.900000
vt 0.700000 0.850000
vt 0.700000 0.800000
vt 0.650000 0.800000
vt 0.750000 0.895833
vt 0.750000 0.850000
vt 0.800000 0.900000
vt 0.800000 0.850000
vt 0.800000 0.800000
vt 0.750000 0.800000
vt 0.850000 0.895833
vt 0.850000 0.850000
vt 0.900000 0.900000
vt 0.900000 0.850000
vt 0.900000 0.800000
vt 0.850000 0.800000
vt 0.150000 0.750000
vt 0.200000 0.750000
vt 0.200000 0.700000
vt 0.150000 0.700000
vt 0.250000 0.750000
vt 0.300000 0.750000
vt 0.300000 0.700000
vt 0.250000 0.700000
vt 0.350000 0.750000
vt 0.400000 0.750000
vt 0.400000 0.700000
vt 0.350000 0.700000
vt 0.450000 0.750000
vt 0.500000 0.750000
vt 0.500000 0.700000
vt 0.450000 0.700000
vt 0.550000 0.750000
vt 0.600000 0.750000
vt 0.600000 0.700000
vt 0.550000 0.700000
vt 0.650000 0.750000
vt 0.700000 0.750000
vt 0.700000 0.700000
vt 0.650000 0.700000
vt 0.800000 0.750000
vt 0.800000 0.700000
vt 0.750000 0.700000
vt 0.850000 0.750000
vt 0.850000 0.700000
vt 0.150000 0.650000
vt 0.200000 0.650000
vt 0.200000 0.600000
vt 0.250000 0.650000
vt 0.300000 0.650000
vt 0.300000 0.600000
vt 0.250000 0.600000
vt 0.350000 0.650000
vt 0.400000 0.650000
vt 0.400000 0.600000
vt 0.350000 0.600000
vt 0.450000 0.650000
vt 0.500000 0.650000
vt 0.500000 0.600000
vt 0.450000 0.600000
vt 0.550000 0.650000
vt 0.600000 0.650000
vt 0.600000 0.600000
vt 0.550000 0.600000
vt 0.650000 0.650000
vt 0.700000 0.650000
vt 0.700000 0.600000
vt 0.650000 0.600000
vt 0.750000 0.650000
vt 0.800000 0.650000
vt 0.750000 0.600000
vt 0.850000 0.650000
vt 0.900000 0.600000
vt 0.200000 0.550000
vt 0.250000 0.550000
vt 0.300000 0.550000
vt 0.300000 0.500000
vt 0.250000 0.500000
vt 0.350000 0.550000
vt 0.400000 0.550000
vt 0.400000 0.500000
vt 0.350000 0.500000
vt 0.450000 0.550000
vt 0.500000 0.550000
vt 0.450000 0.500000
vt 0.550000 0.550000
vt 0.600000 0.550000
vt 0.600000 0.500000
vt 0.550000 0.500000
vt 0.650000 0.550000
vt 0.700000 0.550000
vt 0.700000 0.500000
vt 0.650000 0.500000
vt 0.750000 0.550000
vt 0.800000 0.500000
vt 0.750000 0.500000
vt 0.900000 0.550000
vt 0.900000 0.500000
vt 0.850000 0.500000
vt 0.100000 0.400000
vt 0.250000 0.450000
vt 0.300000 0.450000
vt 0.300000 0.400000
vt 0.250000 0.400000
vt 0.350000 0.450000
vt 0.400000 0.450000
vt 0.400000 0.400000
vt 0.350000 0.400000
vt 0.450000 0.450000
vt 0.500000 0.450000
vt 0.500000 0.400000
vt 0.450000 0.400000
vt 0.550000 0.450000
vt 0.600000 0.450000
vt 0.600000 0.400000
vt 0.550000 0.400000
vt 0.650000 0.450000
vt 0.700000 0.450000
vt 0.700000 0.400000
vt 0.650000 0.400000
vt 0.750000 0.450000
vt 0.800000 0.450000
vt 0.800000 0.400000
vt 0.750000 0.400000
vt 0.850000 0.450000
vt 0.900000 0.450000
vt 0.900000 0.400000
vt 0.850000 0.400000
vt 0.950000 0.450000
vt 0.150000 0.350000
vt 0.200000 0.300000
vt 0.150000 0.300000
vt 0.250000 0.350000
vt 0.300000 0.350000
vt 0.300000 0.300000
vt 0.250000 0.300000
vt 0.350000 0.350000
vt 0.400000 0.350000
vt 0.400000 0.300000
vt 0.350000 0.300000
vt 0.450000 0.350000
vt 0.500000 0.350000
vt 0.500000 0.300000
vt 0.450000 0.300000
vt 0.550000 0.350000
vt 0.600000 0.350000
vt 0.600000 0.300000
vt 0.550000 0.300000
vt 0.650000 0.350000
vt 0.700000 0.350000
vt 0.700000 0.300000
vt 0.650000 0.300000
vt 0.750000 0.350000
vt 0.800000 0.350000
vt 0.800000 0.300000
vt 0.750000 0.300000
vt 0.850000 0.350000
vt 0.900000 0.350000
vt 0.900000 0.300000
vt 0.850000 0.300000
vt 0.100000 0.200000
vt 0.150000 0.250000
vt 0.200000 0.250000
vt 0.200000 0.200000
vt 0.150000 0.200000
vt 0.250000 0.250000
vt 0.300000 0.250000
vt 0.300000 0.200000
vt 0.250000 0.200000
vt 0.350000 0.250000
vt 0.400000 0.250000
vt 0.400000 0.200000
vt 0.350000 0.200000
vt 0.450000 0.250000
vt 0.500000 0.250000
vt 0.500000 0.200000
vt 0.450000 0.200000
vt 0.550000 0.250000
vt 0.600000 0.250000
vt 0.600000 0.200000
vt 0.550000 0.200000
vt 0.650000 0.250000
vt 0.700000 0.250000
vt 0.700000 0.200000
vt 0.650000 0.200000
vt 0.750000 0.250000
vt 0.800000 0.250000
vt 0.800000 0.200000
vt 0.750000 0.200000
vt 0.850000 0.250000
vt 0.900000 0.250000
vt 0.900000 0.200000
vt 0.850000 0.200000
vt 0.100000 0.100000
vt 0.050000 0.104167
vt 0.000000 0.100000
vt 0.150000 0.150000
vt 0.200000 0.150000
vt 0.200000 0.100000
vt 0.150000 0.104167
vt 0.250000 0.150000
vt 0.300000 0.150000
vt 0.300000 0.100000
vt 0.250000 0.104167
vt 0.350000 0.150000
vt 0.400000 0.150000
vt 0.400000 0.100000
vt 0.350000 0.104167
vt 0.450000 0.150000
vt 0.500000 0.150000
vt 0.500000 0.100000
vt 0.450000 0.104167
vt 0.550000 0.150000
vt 0.600000 0.150000
vt 0.358516 0.100000
vt 0.550000 0.104167
vt 0.650000 0.150000
vt 0.700000 0.150000
vt 0.458516 0.100000
vt 0.408516 0.104167
vt 0.750000 0.150000
vt 0.800000 0.150000
vt 0.800000 0.100000
vt 0.750000 0.104167
vt 0.850000 0.150000
vt 0.900000 0.150000
vt 0.900000 0.100000
vt 0.850000 0.104167
vt 0.950000 0.150000
vt 1.000000 0.100000
vt 0.950000 0.104167
vt 0.150000 0.933333
vt 0.175000 0.950000
vt 0.125000 0.950000
vt 0.150000 1.000000
vt 0.250000 0.933333
vt 0.275000 0.950000
vt 0.225000 0.950000
vt 0.250000 1.000000
vt 0.350000 0.933333
vt 0.375000 0.950000
vt 0.325000 0.950000
vt 0.350000 1.000000
vt 0.450000 0.933333
vt 0.475000 0.950000
vt 0.425000 0.950000
vt 0.450000 1.000000
vt 0.550000 0.933333
vt 0.575000 0.950000
vt 0.525000 0.950000
vt 0.550000 1.000000
vt 0.675000 0.950000
vt 0.650000 1.000000
vt 0.750000 0.933333
vt 0.775000 0.950000
vt 0.725000 0.950000
vt 0.750000 1.000000
vt 0.825000 0.950000
vt 0.050000 0.066667
vt 0.025000 0.050000
vt 0.075000 0.050000
vt 0.050000 0.000000
vt 0.150000 0.066667
vt 0.125000 0.050000
vt 0.175000 0.050000
vt 0.150000 0.000000
vt 0.250000 0.066667
vt 0.225000 0.050000
vt 0.275000 0.050000
vt 0.250000 0.000000
vt 0.350000 0.066667
vt 0.325000 0.050000
vt 0.375000 0.050000
vt 0.350000 0.000000
vt 0.450000 0.066667
vt 0.425000 0.050000
vt 0.475000 0.050000
vt 0.450000 0.000000
vt 0.550000 0.066667
vt 0.525000 0.050000
vt 0.575000 0.050000
vt 0.550000 0.000000
vt 0.408516 0.066667
vt 0.383516 0.050000
vt 0.433516 0.050000
vt 0.408516 0.000000
vt 0.750000 0.066667
vt 0.725000 0.050000
vt 0.775000 0.050000
vt 0.750000 0.000000
vt 0.850000 0.066667
vt 0.825000 0.050000
vt 0.875000 0.050000
vt 0.850000 0.000000
vt 0.950000 0.066667
vt 0.925000 0.050000
vt 0.975000 0.050000
vt 0.950000 0.000000
vt 0.624442 0.896484
vt 0.578125 0.953125
vt 0.625000 0.929688
vt 0.546317 0.928013
vt 0.500000 1.000000
vt 0.531250 1.000000
vt 0.500000 0.000000
vt 0.545573 0.071615
vt 0.336641 0.046875
vt 0.531250 0.000000
vt 0.625000 0.125000
vt 0.383516 0.093750
vt 0.383516 0.062500
vt 0.350964 0.032552
vt 0.562500 0.000000
vt 0.200521 0.927083
vt 0.166667 0.958333
vt 0.187500 1.000000
vt 0.625000 0.234375
vt 0.608724 0.241862
vt 0.614583 0.244792
vt 0.625000 0.242188
vt 0.601237 0.252034
vt 0.611979 0.251302
vt 0.625000 0.250000
vt 0.859375 1.000000
vt 0.867188 1.000000
vt 0.869792 0.989583
vt 0.625000 1.000000
vt 0.656250 1.000000
vt 0.645833 0.979167
vt 0.687500 1.000000
vt 0.362683 0.020833
vt 0.352266 0.000000
vt 0.383516 0.000000
vt 0.562500 1.000000
vt 0.593750 1.000000
vt 0.604167 0.979167
vt 0.625000 0.973958
vt 0.375000 0.250000
vt 0.395833 0.208333
vt 0.375000 0.187500
vt 0.430432 0.249907
vt 0.421875 0.174479
vt 0.401042 0.250000
vt 0.375000 0.125000
vt 0.416341 0.029460
vt 0.424479 0.013021
vt 0.416667 0.010417
vt 0.437500 0.000000
vt 0.375000 0.500000
vt 0.466518 0.502232
vt 0.491071 0.383929
vt 0.375000 0.437500
vt 0.851562 0.953125
vt 0.828125 1.000000
vt 0.843750 1.000000
vt 0.858398 0.966797
vt 0.625000 0.187500
vt 0.545573 0.194661
vt 0.578125 0.226562
vt 0.625000 0.203125
vt 0.523530 0.255278
vt 0.554688 0.255859
vt 0.575195 0.254150
vt 0.591797 0.233398
vt 0.625000 0.218750
vt 0.851562 1.000000
vt 0.863281 0.976562
vt 0.866862 0.983724
vt 0.601562 0.238281
vt 0.625000 0.226562
vt 0.589844 0.252930
vt 0.447917 0.039062
vt 0.437500 0.010417
vt 0.468750 0.000000
vt 0.453125 0.000000
vt 0.479167 0.114583
vt 0.375000 0.093750
vt 0.476935 0.249628
vt 0.625000 0.156250
vt 0.484375 0.000000
vt 0.412760 0.057943
vt 0.375000 0.062500
vt 0.468750 1.000000
vt 0.484375 1.000000
vt 0.482143 0.883929
vt 0.448661 0.950149
vt 0.390625 0.953125
vt 0.404948 0.967448
vt 0.416527 0.948149
vt 0.404948 0.016276
vt 0.592448 0.967448
vt 0.625000 0.952474
vt 0.608724 0.266276
vt 0.614583 0.260417
vt 0.625000 0.281250
vt 0.625000 0.265625
vt 0.657552 0.967448
vt 0.671875 0.953125
vt 0.718750 1.000000
vt 0.701451 0.923549
vt 0.125000 1.000000
vt 0.125000 0.937500
vt 0.125000 0.875000
vt 0.875000 0.968750
vt 0.875000 0.984375
vt 0.875000 1.000000
vt 0.416667 0.979167
vt 0.424479 0.973958
vt 0.406250 1.000000
vt 0.421875 1.000000
vt 0.437500 1.000000
vt 0.375000 0.375000
vt 0.424851 0.325149
vt 0.395833 0.291667
vt 0.375000 0.312500
vt 0.035324 -0.739784
vt 0.045741 -0.729367
vt 0.050949 -0.739784
vt 0.372256 0.897368
vt 0.325521 0.927083
vt 0.354167 0.958333
vt 0.373698 0.946615
vt 0.312500 1.000000
vt 0.343750 1.000000
vt 0.375000 1.000000
vt 0.758929 0.866071
vt 0.622768 0.843750
vt 0.781250 1.000000
vt 0.812500 1.000000
vt 0.824498 0.923549
vt 0.875000 0.875000
vt 0.875000 0.843750
vt 0.687500 0.750000
vt 0.625000 0.750000
vt 0.625000 0.406250
vt 0.625000 0.375000
vt 0.548549 0.326451
vt 0.375000 0.750000
vt 0.495536 0.752232
vt 0.500000 0.625000
vt 0.375000 0.625000
vt 0.625000 0.687500
vt 0.875000 0.906250
vt 0.875000 0.937500
vt 0.578125 0.296875
vt 0.625000 0.343750
vt 0.625000 0.312500
vt 0.591797 0.283203
vt 0.875000 0.953125
vt 0.601562 0.273438
vt 0.625000 0.296875
vt 0.437500 0.979167
vt 0.453125 1.000000
vt 0.260417 0.875000
vt 0.125000 0.812500
vt 0.281250 1.000000
vt 0.373140 0.845982
vt 0.125000 0.750000
vt 0.413504 0.912388
vt 0.390625 1.000000
vt 0.390625 0.023438
vt 0.375000 0.031250
vt 0.390625 0.000000
vt 0.375000 0.000000
s 1
g off
g pasted__polySurface3_pasted__lambert12_0_Material.006
usemtl Material.006
f 1/1/1 2/2/2 3/3/3
f 1/1/1 3/3/3 4/4/4
f 2/2/2 5/5/5 6/6/6
f 2/2/2 6/6/6 3/3/3
f 3/3/3 6/6/6 7/7/7
f 3/3/3 7/7/7 8/8/8
f 4/4/4 3/3/3 8/8/8
f 4/4/4 8/8/8 9/9/9
s 2
f 10/10/10 11/11/11 12/12/12
f 10/10/10 12/12/12 13/13/13
f 11/11/11 14/14/14 15/15/15
f 11/11/11 15/15/15 12/12/12
f 12/12/12 15/15/15 16/16/16
f 12/12/12 16/16/16 17/17/17
f 13/13/13 12/12/12 17/17/17
f 13/13/13 17/17/17 18/18/18
s 3
f 19/19/7 20/20/19 21/21/20
f 19/19/7 21/21/20 22/22/21
f 20/20/19 5/23/10 23/24/22
f 20/20/19 23/24/22 21/21/20
f 21/21/20 23/24/22 24/25/23
f 21/21/20 24/25/23 25/26/24
f 22/22/21 21/21/20 25/26/24
f 22/22/21 25/26/24 26/27/25
s 4
f 27/28/26 28/29/27 29/30/28
f 27/28/26 29/30/28 30/31/29
f 28/29/27 31/32/7 32/33/21
f 28/29/27 32/33/21 29/30/28
f 29/30/28 32/33/21 33/34/30
f 29/30/28 33/34/30 34/35/31
f 30/31/29 29/30/28 34/35/31
f 30/31/29 34/35/31 35/36/32
s 5
f 36/37/16 37/38/33 38/39/34
f 36/37/16 38/39/34 39/40/35
f 37/38/33 14/41/36 40/42/37
f 37/38/33 40/42/37 38/39/34
f 38/39/34 40/42/37 41/43/38
f 38/39/34 41/43/38 42/44/39
f 39/40/35 38/39/34 42/44/39
f 39/40/35 42/44/39 43/45/40
s 6
f 44/46/41 45/47/17 46/48/42
f 44/46/41 46/48/42 47/49/43
f 45/47/17 48/50/16 49/51/35
f 45/47/17 49/51/35 46/48/42
f 46/48/42 49/51/35 50/52/40
f 46/48/42 50/52/40 51/53/44
f 47/49/43 46/48/42 51/53/44
f 47/49/43 51/53/44 52/54/45
s 7
f 53/55/25 54/56/46 55/57/47
f 53/55/25 55/57/47 56/58/48
f 54/56/46 57/59/49 58/60/50
f 54/56/46 58/60/50 55/57/47
f 55/57/47 58/60/50 59/61/51
f 55/57/47 59/61/51 60/62/52
f 56/58/48 55/57/47 60/62/52
f 56/58/48 60/62/52 61/63/53
s 8
f 62/64/54 63/65/55 64/66/56
f 62/64/54 64/66/56 65/67/57
f 63/65/55 66/68/58 67/69/59
f 63/65/55 67/69/59 64/66/56
f 64/66/56 67/69/59 68/70/60
f 64/66/56 68/70/60 69/71/61
f 65/67/57 64/66/56 69/71/61
f 65/67/57 69/71/61 70/72/62
s 9
f 71/73/63 72/74/64 73/75/65
f 71/73/63 73/75/65 74/76/66
f 72/74/64 75/77/1 76/78/67
f 72/74/64 76/78/67 73/75/65
f 73/75/65 76/78/67 77/79/68
f 73/75/65 77/79/68 78/80/69
f 74/76/66 73/75/65 78/80/69
f 74/76/66 78/80/69 79/81/70
s 10
f 1/82/71 80/83/72 81/84/73
f 1/85/71 81/86/73 82/87/74
f 80/83/72 83/88/26 84/89/75
f 80/83/72 84/89/75 81/84/73
f 81/84/73 84/89/75 85/90/76
f 81/86/73 85/91/76 86/92/77
f 82/87/74 81/86/73 86/92/77
f 82/87/74 86/92/77 87/93/78
s 11
f 88/94/79 89/95/80 90/96/81
f 88/94/79 90/96/81 91/97/82
f 89/98/80 14/99/83 92/100/84
f 89/98/80 92/100/84 90/101/81
f 90/101/81 92/100/84 93/102/85
f 90/101/81 93/102/85 94/103/86
f 91/104/82 90/101/81 94/103/86
f 91/104/82 94/103/86 95/105/87
s 12
f 96/106/88 97/107/39 98/108/89
f 96/106/88 98/108/89 99/109/90
f 97/107/39 100/110/38 101/111/91
f 97/107/39 101/111/91 98/108/89
f 98/108/89 101/111/91 102/112/92
f 98/113/89 102/114/92 103/115/93
f 99/109/90 98/108/89 103/116/93
f 99/109/90 103/116/93 104/117/94
s 13
f 105/118/95 106/119/96 107/120/97
f 105/118/95 107/120/97 108/121/98
f 106/119/96 109/122/99 110/123/100
f 106/119/96 110/123/100 107/120/97
f 107/120/97 110/123/100 111/124/101
f 107/120/97 111/124/101 112/125/102
f 108/121/98 107/120/97 112/125/102
f 108/121/98 112/125/102 113/126/103
s 14
f 114/127/68 115/128/104 116/129/105
f 114/127/68 116/129/105 117/130/100
f 115/128/104 118/131/106 119/132/107
f 115/128/104 119/132/107 116/129/105
f 116/129/105 119/132/107 120/133/108
f 116/129/105 120/133/108 121/134/109
f 117/130/100 116/129/105 121/134/109
f 117/130/100 121/134/109 122/135/101
s 15
f 123/136/110 124/137/111 125/138/112
f 123/136/110 125/138/112 126/139/113
f 124/137/111 127/140/114 128/141/115
f 124/137/111 128/141/115 125/138/112
f 125/138/112 128/141/115 129/142/116
f 125/138/112 129/142/116 130/143/117
f 126/139/113 125/138/112 130/143/117
f 126/139/113 130/143/117 131/144/118
s 16
f 132/145/119 133/146/120 134/147/121
f 132/145/119 134/147/121 135/148/122
f 133/146/120 136/149/92 137/150/123
f 133/146/120 137/150/123 134/147/121
f 134/147/121 137/150/123 138/151/124
f 134/147/121 138/151/124 139/152/125
f 135/148/122 134/147/121 139/152/125
f 135/148/122 139/152/125 140/153/126
s 17
f 27/154/26 141/155/29 142/156/127
f 27/157/26 142/158/127 143/159/128
f 141/155/29 144/160/54 145/161/129
f 141/155/29 145/161/129 142/156/127
f 142/158/127 145/162/129 146/163/130
f 142/158/127 146/163/130 147/164/131
f 143/159/128 142/158/127 147/164/131
f 143/159/128 147/164/131 148/165/132
s 18
f 149/166/133 150/167/44 151/168/134
f 149/166/133 151/168/134 152/169/135
f 150/167/44 153/170/40 154/171/136
f 150/167/44 154/171/136 151/168/134
f 151/168/134 154/171/136 155/172/137
f 151/168/134 155/172/137 156/173/138
f 152/169/135 151/168/134 156/173/138
f 152/169/135 156/173/138 157/174/139
s 19
f 158/175/140 159/176/141 160/177/142
f 158/175/140 160/177/142 161/178/143
f 159/176/141 162/179/144 163/180/145
f 159/176/141 163/180/145 160/177/142
f 160/177/142 163/180/145 164/181/146
f 160/177/142 164/181/146 165/182/147
f 161/178/143 160/177/142 165/182/147
f 161/178/143 165/182/147 166/183/148
s 20
f 62/184/54 167/185/149 168/186/150
f 62/184/54 168/186/150 169/187/151
f 167/185/149 170/188/62 171/189/152
f 167/185/149 171/189/152 168/186/150
f 168/186/150 171/189/152 172/190/153
f 168/186/150 172/190/153 173/191/154
f 169/187/151 168/186/150 173/191/154
f 169/187/151 173/191/154 174/192/130
s 21
f 175/193/62 176/194/155 177/195/156
f 175/193/62 177/195/156 178/196/152
f 176/194/155 179/197/140 180/198/157
f 176/194/155 180/198/157 177/195/156
f 177/195/156 180/198/157 181/199/158
f 177/195/156 181/199/158 182/200/159
f 178/196/152 177/195/156 182/200/159
f 178/196/152 182/200/159 183/201/160
s 22
f 184/202/161 185/203/75 186/204/162
f 184/202/161 186/204/162 187/205/163
f 185/203/75 83/206/26 188/207/128
f 185/203/75 188/207/128 186/204/162
f 186/204/162 188/207/128 189/208/132
f 186/204/162 189/208/132 190/209/164
f 187/205/163 186/204/162 190/209/164
f 187/205/163 190/209/164 191/210/165
s 23
f 96/211/88 192/212/90 193/213/166
f 96/211/88 193/213/166 194/214/136
f 192/212/90 195/215/94 196/216/167
f 192/212/90 196/216/167 193/213/166
f 193/213/166 196/216/167 197/217/168
f 193/213/166 197/217/168 198/218/169
f 194/214/136 193/213/166 198/218/169
f 194/214/136 198/218/169 199/219/137
s 24
f 200/220/103 201/221/170 202/222/171
f 200/220/103 202/222/171 203/223/172
f 201/221/170 204/224/173 205/225/174
f 201/221/170 205/225/174 202/222/171
f 202/222/171 205/225/174 206/226/175
f 202/222/171 206/226/175 207/227/176
f 203/223/172 202/222/171 207/227/176
f 203/223/172 207/227/176 208/228/177
s 25
f 209/229/178 210/230/107 211/231/179
f 209/229/178 211/231/179 212/232/180
f 210/230/107 118/233/181 213/234/182
f 210/230/107 213/234/182 211/231/179
f 211/231/179 213/234/182 214/235/183
f 211/231/179 214/235/183 215/236/184
f 212/232/180 211/231/179 215/236/184
f 212/232/180 215/236/184 216/237/185
s 26
f 217/238/173 218/239/109 219/240/186
f 217/238/173 219/240/186 220/241/187
f 218/239/109 221/242/178 222/243/188
f 218/239/109 222/243/188 219/240/186
f 219/240/186 222/243/188 223/244/189
f 219/240/186 223/244/189 224/245/190
f 220/241/187 219/240/186 224/245/190
f 220/241/187 224/245/190 225/246/175
s 27
f 226/247/124 227/248/117 228/249/191
f 226/247/124 228/249/191 229/250/192
f 227/248/117 230/251/116 231/252/193
f 227/248/117 231/252/193 228/249/191
f 228/249/191 231/252/193 232/253/194
f 228/249/191 232/253/194 233/254/195
f 229/250/192 228/249/191 233/254/195
f 229/250/192 233/254/195 234/255/196
s 28
f 132/256/94 235/257/197 236/258/198
f 132/259/94 236/260/198 237/261/199
f 235/257/197 238/262/200 239/263/201
f 235/257/197 239/263/201 236/258/198
f 236/258/198 239/263/201 240/264/202
f 236/258/198 240/264/202 241/265/203
f 237/261/199 236/260/198 241/266/203
f 237/261/199 241/266/203 242/267/204
s 29
f 243/268/205 244/269/125 245/270/206
f 243/268/205 245/270/206 246/271/201
f 244/269/125 247/272/124 248/273/207
f 244/269/125 248/273/207 245/270/206
f 245/270/206 248/273/207 249/274/196
f 245/270/206 249/274/196 250/275/208
f 246/271/201 245/270/206 250/275/208
f 246/271/201 250/275/208 251/276/209
s 30
f 252/277/132 253/278/210 254/279/211
f 252/277/132 254/279/211 255/280/212
f 253/278/210 256/281/213 257/282/214
f 253/278/210 257/282/214 254/279/211
f 254/279/211 257/282/214 258/283/215
f 254/279/211 258/283/215 259/284/216
f 255/280/212 254/279/211 259/284/216
f 255/280/212 259/284/216 260/285/217
s 31
f 261/286/139 262/287/138 263/288/218
f 261/286/139 263/288/218 264/289/219
f 262/287/138 265/290/220 266/291/221
f 262/287/138 266/291/221 263/288/218
f 263/288/218 266/291/221 267/292/222
f 263/288/218 267/292/222 268/293/223
f 264/289/219 263/288/218 268/293/223
f 264/289/219 268/293/223 269/294/224
s 32
f 270/295/148 271/296/225 272/297/226
f 270/295/148 272/297/226 273/298/227
f 271/296/225 274/299/146 275/300/219
f 271/296/225 275/300/219 272/297/226
f 272/297/226 275/300/219 276/301/228
f 272/297/226 276/301/228 277/302/229
f 273/298/227 272/297/226 277/302/229
f 273/298/227 277/302/229 278/303/230
s 33
f 279/304/231 280/305/232 281/306/233
f 279/307/231 281/308/233 282/309/234
f 280/310/232 283/311/160 284/312/235
f 280/310/232 284/312/235 281/313/233
f 281/313/233 284/312/235 285/314/236
f 281/313/233 285/314/236 286/315/237
f 282/316/234 281/317/233 286/318/237
f 282/316/234 286/318/237 287/319/238
s 34
f 288/320/239 289/321/159 290/322/240
f 288/320/239 290/322/240 291/323/241
f 289/321/159 292/324/158 293/325/227
f 289/321/159 293/325/227 290/322/240
f 290/322/240 293/325/227 294/326/230
f 290/322/240 294/326/230 295/327/242
f 291/323/241 290/322/240 295/327/242
f 291/323/241 295/327/242 296/328/236
s 35
f 297/329/243 298/330/244 299/331/245
f 297/329/243 299/331/245 300/332/246
f 298/330/244 301/333/132 302/334/212
f 298/330/244 302/334/212 299/331/245
f 299/331/245 302/334/212 303/335/247
f 299/331/245 303/335/247 304/336/248
f 300/332/246 299/331/245 304/336/248
f 300/332/246 304/336/248 305/337/249
s 36
f 306/338/250 307/339/169 308/340/251
f 306/338/250 308/340/251 309/341/221
f 307/339/169 310/342/168 311/343/252
f 307/339/169 311/343/252 308/340/251
f 308/340/251 311/343/252 312/344/253
f 308/340/251 312/344/253 313/345/254
f 309/341/221 308/340/251 313/345/254
f 309/341/221 313/345/254 314/346/255
s 37
f 315/347/185 316/348/256 317/349/257
f 315/347/185 317/349/257 318/350/258
f 319/351/259 320/352/246 317/353/257
f 319/351/259 317/353/257 316/354/256
f 321/355/249 322/356/260 317/353/257
f 321/355/249 317/353/257 320/352/246
f 323/357/261 324/358/262 317/353/257
f 323/357/261 317/353/257 322/356/260
f 325/359/263 318/350/258 317/349/257
f 325/359/263 317/349/257 324/360/262
s 38
f 326/361/204 327/362/264 328/363/265
f 326/361/204 328/363/265 329/364/266
f 330/365/267 331/366/268 328/367/265
f 330/365/267 328/367/265 327/368/264
f 332/369/269 333/370/270 328/367/265
f 332/369/269 328/367/265 331/366/268
f 334/371/271 335/372/272 328/363/265
f 334/371/271 328/363/265 333/373/270
f 336/374/253 329/364/266 328/363/265
f 336/374/253 328/363/265 335/372/272
s 39
f 337/375/217 338/376/273 339/377/274
f 337/375/217 339/377/274 340/378/275
f 338/376/273 341/379/215 342/380/276
f 338/376/273 342/380/276 339/377/274
f 339/377/274 342/380/276 343/381/277
f 339/377/274 343/381/277 344/382/278
f 340/378/275 339/377/274 344/382/278
f 340/378/275 344/382/278 345/383/279
s 40
f 346/384/224 347/385/223 348/386/280
f 346/384/224 348/386/280 349/387/281
f 347/385/223 350/388/222 351/389/282
f 347/385/223 351/389/282 348/386/280
f 348/386/280 351/389/282 352/390/283
f 348/386/280 352/390/283 353/391/284
f 349/387/281 348/386/280 353/391/284
f 349/387/281 353/391/284 354/392/285
s 41
f 355/393/230 356/394/286 357/395/287
f 355/393/230 357/395/287 358/396/288
f 356/394/286 359/397/228 360/398/281
f 356/394/286 360/398/281 357/395/287
f 357/395/287 360/398/281 361/399/289
f 357/395/287 361/399/289 362/400/290
f 358/396/288 357/395/287 362/400/290
f 358/396/288 362/400/290 363/401/291
s 42
f 364/402/292 365/403/293 366/404/294
f 364/402/292 366/404/294 367/405/295
f 365/406/293 368/407/296 369/408/297
f 365/406/293 369/408/297 366/409/294
f 366/409/294 369/408/297 370/410/298
f 366/404/294 370/411/298 371/412/299
f 367/405/295 366/404/294 371/412/299
f 367/405/295 371/412/299 372/413/277
s 43
f 373/414/236 374/415/242 375/416/300
f 373/414/236 375/416/300 376/417/297
f 374/415/242 377/418/301 378/419/302
f 374/415/242 378/419/302 375/416/300
f 375/416/300 378/419/302 379/420/303
f 375/416/300 379/420/303 380/421/304
f 376/417/297 375/416/300 380/421/304
f 376/417/297 380/421/304 381/422/305
s 44
f 382/423/249 383/424/248 384/425/306
f 382/423/249 384/425/306 385/426/307
f 383/424/248 386/427/217 387/428/275
f 383/424/248 387/428/275 384/425/306
f 384/425/306 387/428/275 388/429/308
f 384/425/306 388/429/308 389/430/309
f 385/426/307 384/425/306 389/430/309
f 385/426/307 389/430/309 390/431/310
s 45
f 391/432/255 392/433/311 393/434/312
f 391/432/255 393/434/312 394/435/313
f 392/433/311 395/436/314 396/437/315
f 392/433/311 396/437/315 393/434/312
f 393/434/312 396/437/315 397/438/316
f 393/434/312 397/438/316 398/439/317
f 394/435/313 393/434/312 398/439/317
f 394/435/313 398/439/317 399/440/283
s 46
f 400/441/314 401/442/318 402/443/319
f 400/441/314 402/443/319 403/444/315
f 404/445/271 405/446/320 402/443/319
f 404/445/271 402/443/319 401/442/318
f 406/447/321 407/448/322 402/443/319
f 406/447/321 402/443/319 405/446/320
f 408/449/323 409/450/324 402/443/319
f 408/449/323 402/443/319 407/448/322
f 410/451/316 403/444/315 402/443/319
f 410/451/316 402/443/319 409/450/324
s 47
f 411/452/325 412/453/326 413/454/327
f 411/452/325 413/454/327 414/455/328
f 412/453/326 415/456/329 416/457/330
f 412/453/326 416/457/330 413/454/327
f 413/454/327 416/457/330 417/458/331
f 413/454/327 417/458/331 418/459/332
f 414/455/328 413/454/327 418/459/332
f 414/455/328 418/459/332 419/460/333
s 48
f 420/461/285 421/462/334 422/463/335
f 420/461/285 422/463/335 423/464/336
f 421/462/334 424/465/283 425/466/337
f 421/462/334 425/466/337 422/463/335
f 422/463/335 425/466/337 426/467/338
f 422/463/335 426/467/338 427/468/339
f 423/464/336 422/463/335 427/468/339
f 423/464/336 427/468/339 428/469/340
s 49
f 429/470/341 430/471/342 431/472/343
f 429/470/341 431/472/343 432/473/344
f 430/471/342 433/474/345 434/475/336
f 430/471/342 434/475/336 431/472/343
f 431/476/343 434/477/336 435/478/346
f 431/476/343 435/478/346 436/479/347
f 432/480/344 431/476/343 436/479/347
f 432/480/344 436/479/347 437/481/348
s 50
f 438/482/329 439/483/349 440/484/350
f 438/482/329 440/484/350 441/485/351
f 439/483/349 442/486/352 443/487/353
f 439/483/349 443/487/353 440/484/350
f 440/484/350 443/487/353 444/488/354
f 440/484/350 444/488/354 445/489/355
f 441/485/351 440/484/350 445/489/355
f 441/485/351 445/489/355 446/490/356
s 51
f 447/491/357 448/492/358 449/493/359
f 447/491/357 449/493/359 450/494/360
f 448/492/358 451/495/361 452/496/362
f 448/492/358 452/496/362 449/493/359
f 449/497/359 452/498/362 453/499/363
f 449/497/359 453/499/363 454/500/364
f 450/501/360 449/497/359 454/500/364
f 450/501/360 454/500/364 455/502/365
s 52
f 456/503/366 457/504/367 458/505/368
f 456/503/366 458/505/368 459/506/369
f 457/504/367 460/507/325 461/508/370
f 457/504/367 461/508/370 458/505/368
f 458/505/368 461/508/370 462/509/333
f 458/505/368 462/509/333 463/510/371
f 459/506/369 458/505/368 463/510/371
f 459/506/369 463/510/371 464/511/372
s 53
f 465/512/283 466/513/317 467/514/373
f 465/512/283 467/514/373 468/515/337
f 466/513/317 469/516/316 470/517/374
f 466/513/317 470/517/374 467/514/373
f 467/514/373 470/517/374 471/518/375
f 467/514/373 471/518/375 472/519/376
f 468/515/337 467/514/373 472/519/376
f 468/515/337 472/519/376 473/520/377
s 54
f 474/521/378 475/522/379 476/523/380
f 474/521/378 476/523/380 477/524/381
f 475/522/379 478/525/382 479/526/383
f 475/522/379 479/526/383 476/523/380
f 476/523/380 479/526/383 480/527/384
f 476/523/380 480/527/384 481/528/385
f 477/524/381 476/523/380 481/528/385
f 477/524/381 481/528/385 482/529/386
s 55
f 483/530/316 484/531/324 485/532/387
f 483/530/316 485/532/387 486/533/388
f 484/531/324 487/534/389 488/535/390
f 484/531/324 488/535/390 485/532/387
f 485/532/387 488/535/390 489/536/391
f 485/532/387 489/536/391 490/537/392
f 486/533/388 485/532/387 490/537/392
f 486/533/388 490/537/392 491/538/393
s 56
f 492/539/394 493/540/332 494/541/395
f 492/539/394 494/541/395 495/542/396
f 493/540/332 496/543/331 497/544/397
f 493/540/332 497/544/397 494/541/395
f 494/541/395 497/544/397 498/545/398
f 494/541/395 498/545/398 499/546/399
f 495/542/396 494/541/395 499/546/399
f 495/542/396 499/546/399 500/547/400
s 57
f 501/548/401 502/549/402 503/550/403
f 501/548/401 503/550/403 504/551/404
f 502/549/402 505/552/338 506/553/405
f 502/549/402 506/553/405 503/550/403
f 503/550/403 506/553/405 507/554/406
f 503/550/403 507/554/406 508/555/407
f 504/551/404 503/550/403 508/555/407
f 504/551/404 508/555/407 509/556/408
s 58
f 510/557/409 511/558/410 512/559/411
f 510/557/409 512/559/411 513/560/412
f 511/558/410 514/561/413 515/562/414
f 511/558/410 515/562/414 512/559/411
f 512/563/411 515/564/414 516/565/415
f 512/563/411 516/565/415 517/566/416
f 513/567/412 512/563/411 517/566/416
f 513/567/412 517/566/416 518/568/417
s 59
f 519/569/331 520/570/418 521/571/419
f 519/569/331 521/571/419 522/572/397
f 520/570/418 523/573/354 524/574/420
f 520/570/418 524/574/420 521/571/419
f 521/571/419 524/574/420 525/575/421
f 521/571/419 525/575/421 526/576/422
f 522/572/397 521/571/419 526/576/422
f 522/572/397 526/576/422 527/577/423
s 60
f 528/578/424 529/579/425 530/580/426
f 528/578/424 530/580/426 531/581/427
f 529/579/425 532/582/409 533/583/428
f 529/579/425 533/583/428 530/580/426
f 530/584/426 533/585/428 534/586/417
f 530/584/426 534/586/417 535/587/429
f 531/588/427 530/584/426 535/587/429
f 531/588/427 535/587/429 536/589/430
s 61
f 537/590/431 538/591/432 539/592/433
f 537/590/431 539/592/433 540/593/434
f 538/591/432 541/594/394 542/595/435
f 538/591/432 542/595/435 539/592/433
f 539/592/433 542/595/435 543/596/400
f 539/592/433 543/596/400 544/597/436
f 540/593/434 539/592/433 544/597/436
f 540/593/434 544/597/436 545/598/437
s 62
f 546/599/338 547/600/438 548/601/439
f 546/599/338 548/601/439 549/602/405
f 547/600/438 550/603/375 551/604/440
f 547/600/438 551/604/440 548/601/439
f 548/601/439 551/604/440 552/605/441
f 548/601/439 552/605/441 553/606/442
f 549/602/405 548/601/439 553/606/442
f 549/602/405 553/606/442 554/607/443
s 63
f 555/608/386 556/609/444 557/610/445
f 555/608/386 557/610/445 558/611/446
f 556/609/444 559/612/447 560/613/448
f 556/609/444 560/613/448 557/610/445
f 557/610/445 560/613/448 561/614/449
f 557/610/445 561/614/449 562/615/450
f 558/611/446 557/610/445 562/615/450
f 558/611/446 562/615/450 563/616/451
s 64
f 564/617/375 565/618/392 566/619/452
f 564/617/375 566/619/452 567/620/440
f 565/618/392 568/621/453 569/622/454
f 565/618/392 569/622/454 566/619/452
f 566/619/452 569/622/454 570/623/455
f 566/619/452 570/623/455 571/624/456
f 567/620/440 566/619/452 571/624/456
f 567/620/440 571/624/456 572/625/441
s 65
f 573/626/400 574/627/399 575/628/457
f 573/626/400 575/628/457 576/629/458
f 574/627/399 577/630/398 578/631/459
f 574/627/399 578/631/459 575/628/457
f 575/628/457 578/631/459 579/632/460
f 575/628/457 579/632/460 580/633/461
f 576/629/458 575/628/457 580/633/461
f 576/629/458 580/633/461 581/634/462
s 66
f 582/635/408 583/636/407 584/637/463
f 582/638/408 584/639/463 585/640/464
f 583/636/407 586/641/465 587/642/466
f 583/636/407 587/642/466 584/637/463
f 584/639/463 587/643/466 588/644/467
f 584/639/463 588/644/467 589/645/468
f 585/640/464 584/639/463 589/645/468
f 585/640/464 589/645/468 590/646/469
s 67
f 591/647/470 592/648/471 593/649/472
f 591/647/470 593/649/472 594/650/473
f 592/648/471 595/651/408 596/652/464
f 592/648/471 596/652/464 593/649/472
f 593/649/472 596/652/464 597/653/474
f 593/649/472 597/653/474 598/654/475
f 594/650/473 593/649/472 598/654/475
f 594/650/473 598/654/475 599/655/476
s 68
f 600/656/398 601/657/477 602/658/478
f 600/656/398 602/658/478 603/659/459
f 601/660/477 604/661/421 605/662/479
f 601/657/477 605/663/479 602/658/478
f 602/664/478 605/665/479 606/666/480
f 602/664/478 606/666/480 607/667/481
f 603/668/459 602/664/478 607/667/481
f 603/669/459 607/670/481 608/671/482
s 69
f 609/672/483 610/673/484 611/674/485
f 609/672/483 611/674/485 612/675/486
f 610/673/484 613/676/470 614/677/473
f 610/673/484 614/677/473 611/674/485
f 611/674/485 614/677/473 615/678/487
f 611/674/485 615/678/487 616/679/488
f 612/675/486 611/674/485 616/679/488
f 612/675/486 616/679/488 617/680/489
s 70
f 618/681/437 619/682/436 620/683/490
f 618/681/437 620/683/490 621/684/491
f 619/682/436 622/685/400 623/686/458
f 619/682/436 623/686/458 620/683/490
f 620/683/490 623/686/458 624/687/492
f 620/683/490 624/687/492 625/688/493
f 621/684/491 620/683/490 625/688/493
f 621/684/491 625/688/493 626/689/494
s 71
f 627/690/495 628/691/442 629/692/496
f 627/690/495 629/692/496 630/693/497
f 628/691/442 631/694/498 632/695/499
f 628/691/442 632/695/499 629/692/496
f 629/696/496 632/697/499 633/698/500
f 629/696/496 633/698/500 634/699/501
f 630/700/497 629/696/496 634/699/501
f 630/700/497 634/699/501 635/701/502
s 72
f 636/702/503 637/703/504 638/704/505
f 636/702/503 638/704/505 639/705/506
f 637/703/504 640/706/507 641/707/508
f 637/703/504 641/707/508 638/704/505
f 638/704/505 641/707/508 642/708/494
f 638/709/505 642/710/494 643/711/509
f 639/712/506 638/709/505 643/711/509
f 639/712/506 643/711/509 644/713/510
s 73
f 645/714/511 646/715/512 647/716/513
f 645/714/511 647/716/513 648/717/499
f 646/718/512 649/719/514 650/720/515
f 646/718/512 650/720/515 647/721/513
f 647/721/513 650/720/515 651/722/516
f 647/721/513 651/722/516 652/723/517
f 648/724/499 647/721/513 652/723/517
f 648/724/499 652/723/517 653/725/518
s 74
f 654/726/519 655/727/520 656/728/521
f 654/726/519 656/728/521 657/729/522
f 658/730/523 659/731/524 656/728/521
f 658/730/523 656/728/521 655/727/520
f 660/732/525 657/729/522 656/728/521
f 660/732/525 656/728/521 659/731/524
s 75
f 661/733/526 662/734/527 663/735/528
f 661/733/526 663/735/528 664/736/529
f 665/737/530 666/738/531 663/735/528
f 665/737/530 663/735/528 662/734/527
f 667/739/532 664/736/529 663/735/528
f 667/739/532 663/735/528 666/738/531
s 76
f 668/740/533 669/741/534 670/742/535
f 668/740/533 670/742/535 671/743/536
f 672/744/526 673/745/537 670/742/535
f 672/744/526 670/742/535 669/741/534
f 674/746/525 671/743/536 670/742/535
f 674/746/525 670/742/535 673/745/537
s 77
f 675/747/523 676/748/538 677/749/539
f 675/747/523 677/749/539 678/750/524
f 679/751/540 680/752/541 677/749/539
f 679/751/540 677/749/539 676/748/538
f 681/753/525 678/750/524 677/749/539
f 681/753/525 677/749/539 680/752/541
s 78
f 682/754/540 683/755/542 684/756/543
f 682/754/540 684/756/543 685/757/541
f 686/758/533 687/759/544 684/756/543
f 686/758/533 684/756/543 683/755/542
f 688/760/525 685/757/541 684/756/543
f 688/760/525 684/756/543 687/759/544
s 79
f 689/761/545 690/762/546 691/763/547
f 689/761/545 691/763/547 692/764/548
f 693/765/519 694/766/549 691/763/547
f 693/765/519 691/763/547 690/762/546
f 695/767/550 692/764/548 691/763/547
f 695/767/550 691/763/547 694/766/549
s 80
f 696/768/530 697/769/551 698/770/552
f 696/768/530 698/770/552 699/771/553
f 700/772/554 701/773/555 698/770/552
f 700/772/554 698/770/552 697/769/551
f 702/774/532 699/771/553 698/770/552
f 702/774/532 698/770/552 701/773/555
s 81
f 703/775/556 704/776/557 705/777/558
f 703/775/556 705/777/558 706/778/559
f 707/779/560 708/780/548 705/777/558
f 707/779/560 705/777/558 704/776/557
f 709/781/561 706/778/559 705/777/558
f 709/781/561 705/777/558 708/780/548
s 82
f 710/782/562 711/783/563 712/784/564
f 710/782/562 712/784/564 713/785/555
f 714/786/565 715/787/566 712/784/564
f 714/786/565 712/784/564 711/783/563
f 716/788/567 713/785/555 712/784/564
f 716/788/567 712/784/564 715/787/566
s 83
f 717/789/323 718/790/322 719/791/568
f 717/789/323 719/791/568 720/792/569
f 718/790/322 721/793/570 722/794/571
f 718/790/322 722/794/571 719/791/568
f 719/791/568 722/794/571 723/795/572
f 719/791/568 723/795/572 724/796/573
f 720/792/569 719/791/568 724/796/573
f 720/792/569 724/796/573 725/797/574
s 84
f 474/798/378 726/799/381 727/800/575
f 474/798/378 727/800/575 728/801/576
f 726/799/381 729/802/386 730/803/577
f 726/799/381 730/803/577 727/800/575
f 727/800/575 730/803/577 731/804/578
f 727/800/575 731/804/578 732/805/579
f 728/801/576 727/800/575 732/805/579
f 728/801/576 732/805/579 733/806/580
s 85
f 734/807/453 735/808/390 736/809/581
f 734/807/453 736/809/581 737/810/582
f 735/808/390 487/811/323 738/812/569
f 735/808/390 738/812/569 736/809/581
f 736/809/581 738/812/569 739/813/574
f 736/809/581 739/813/574 740/814/583
f 737/810/582 736/809/581 740/814/583
f 737/810/582 740/814/583 741/815/584
s 86
f 555/816/386 742/817/446 743/818/585
f 555/816/386 743/818/585 744/819/586
f 742/817/446 745/820/451 746/821/587
f 742/817/446 746/821/587 743/818/585
f 743/818/585 746/821/587 747/822/588
f 743/818/585 747/822/588 748/823/589
f 744/819/586 743/818/585 748/823/589
f 744/819/586 748/823/589 749/824/590
s 87
f 750/825/455 751/826/591 752/827/592
f 750/825/455 752/827/592 753/828/593
f 751/826/591 568/829/453 754/830/594
f 751/826/591 754/830/594 752/827/592
f 752/827/592 754/830/594 755/831/595
f 752/827/592 755/831/595 756/832/596
f 753/828/593 752/827/592 756/832/596
f 753/828/593 756/832/596 757/833/597
s 88
f 636/834/451 758/835/598 759/836/599
f 636/834/451 759/836/599 760/837/587
f 758/838/598 761/839/600 762/840/601
f 758/838/598 762/840/601 759/841/599
f 759/841/599 762/840/601 763/842/602
f 759/841/599 763/842/602 764/843/603
f 760/837/587 759/836/599 764/844/603
f 760/837/587 764/844/603 765/845/588
s 89
f 766/846/516 767/847/515 768/848/604
f 766/846/516 768/848/604 769/849/605
f 767/850/515 649/851/606 770/852/593
f 767/853/515 770/854/593 768/855/604
f 768/855/604 770/854/593 771/856/597
f 768/855/604 771/856/597 772/857/607
f 769/849/605 768/848/604 772/858/607
f 769/849/605 772/858/607 773/859/608
s 90
f 774/860/609 775/861/610 776/862/611
f 774/860/609 776/862/611 777/863/612
f 778/864/556 779/865/559 776/862/611
f 778/864/556 776/862/611 775/861/610
f 780/866/561 777/863/612 776/862/611
f 780/866/561 776/862/611 779/865/559
s 91
f 781/867/567 782/868/566 783/869/613
f 781/867/567 783/869/613 784/870/614
f 785/871/565 786/872/615 783/869/613
f 785/871/565 783/869/613 782/868/566
f 787/873/609 784/870/614 783/869/613
f 787/873/609 783/869/613 786/872/615
f 787/873/609 786/872/615 788/874/616
f 787/873/609 788/874/616 789/875/617
f 785/871/565 790/876/618 788/874/616
f 785/871/565 788/874/616 786/872/615
f 791/877/619 792/878/620 788/874/616
f 791/877/619 788/874/616 790/876/618
f 793/879/608 794/880/621 788/874/616
f 793/879/608 788/874/616 792/878/620
f 795/881/622 789/875/617 788/874/616
f 795/881/622 788/874/616 794/880/621
s 90
f 796/882/510 797/883/623 798/884/624
f 796/882/510 798/884/624 799/885/601
f 778/864/556 775/861/610 798/884/624
f 778/864/556 798/884/624 797/883/623
f 774/860/609 800/886/617 798/884/624
f 774/860/609 798/884/624 775/861/610
f 801/887/622 802/888/625 798/884/624
f 801/887/622 798/884/624 800/886/617
f 803/889/626 799/885/601 798/884/624
f 803/889/626 798/884/624 802/888/625
s 81
f 796/890/510 804/891/627 805/892/628
f 796/890/510 805/892/628 806/893/623
f 804/891/627 807/894/494 808/895/629
f 804/891/627 808/895/629 805/892/628
f 805/892/628 808/895/629 707/779/560
f 805/892/628 707/779/560 704/776/557
f 806/893/623 805/892/628 704/776/557
f 806/893/623 704/776/557 703/775/556
s 79
f 809/896/494 810/897/630 811/898/631
f 809/896/494 811/898/631 812/899/629
f 810/897/630 813/900/632 814/901/633
f 810/897/630 814/901/633 811/898/631
f 811/898/631 814/901/633 693/765/519
f 811/898/631 693/765/519 690/762/546
f 812/899/629 811/898/631 690/762/546
f 812/899/629 690/762/546 689/761/545
s 74
f 815/902/632 816/903/634 817/904/635
f 815/902/632 817/904/635 818/905/636
f 816/903/634 819/906/637 820/907/638
f 816/903/634 820/907/638 817/904/635
f 817/904/635 820/907/638 658/730/523
f 817/904/635 658/730/523 655/727/520
f 818/905/636 817/904/635 655/727/520
f 818/905/636 655/727/520 654/726/519
s 77
f 821/908/639 822/909/640 823/910/641
f 821/908/639 823/910/641 824/911/638
f 822/909/640 825/912/642 826/913/643
f 822/909/640 826/913/643 823/910/641
f 823/910/641 826/913/643 679/751/540
f 823/910/641 679/751/540 676/748/538
f 824/911/638 823/910/641 676/748/538
f 824/911/638 676/748/538 675/747/523
s 78
f 827/914/642 828/915/644 829/916/645
f 827/914/642 829/916/645 830/917/646
f 828/915/644 831/918/487 832/919/647
f 828/915/644 832/919/647 829/916/645
f 829/916/645 832/919/647 686/758/533
f 829/916/645 686/758/533 683/755/542
f 830/917/646 829/916/645 683/755/542
f 830/917/646 683/755/542 682/754/540
s 76
f 833/920/487 834/921/648 835/922/649
f 833/920/487 835/922/649 836/923/647
f 834/921/648 837/924/474 838/925/650
f 834/921/648 838/925/650 835/922/649
f 835/922/649 838/925/650 672/744/526
f 835/922/649 672/744/526 669/741/534
f 836/923/647 835/922/649 669/741/534
f 836/923/647 669/741/534 668/740/533
s 75
f 839/926/474 840/927/651 841/928/652
f 839/926/474 841/928/652 842/929/650
f 840/927/651 843/930/653 844/931/654
f 840/927/651 844/931/654 841/928/652
f 841/928/652 844/931/654 665/737/530
f 841/928/652 665/737/530 662/734/527
f 842/929/650 841/928/652 662/734/527
f 842/929/650 662/734/527 661/733/526
s 80
f 845/932/653 846/933/655 847/934/656
f 845/932/653 847/934/656 848/935/654
f 846/933/655 849/936/657 850/937/658
f 846/933/655 850/937/658 847/934/656
f 847/934/656 850/937/658 700/772/554
f 847/934/656 700/772/554 697/769/551
f 848/935/654 847/934/656 697/769/551
f 848/935/654 697/769/551 696/768/530
s 82
f 851/938/657 852/939/659 853/940/660
f 851/938/657 853/940/660 854/941/658
f 852/939/659 791/942/619 855/943/618
f 852/939/659 855/943/618 853/940/660
f 853/940/660 855/943/618 714/786/565
f 853/940/660 714/786/565 711/783/563
f 854/941/658 853/940/660 711/783/563
f 854/941/658 711/783/563 710/782/562
s 92
f 856/944/661 857/945/662 858/946/663
f 856/944/661 858/946/663 859/947/664
f 857/945/662 860/948/665 861/949/666
f 857/945/662 861/949/666 858/946/663
f 858/946/663 861/949/666 862/950/667
f 858/946/663 862/950/667 863/951/668
f 859/947/664 858/946/663 863/951/668
f 859/947/664 863/951/668 864/952/669
s 93
f 865/953/670 866/954/671 867/955/672
f 865/953/670 867/955/672 868/956/673
f 866/954/671 869/957/661 870/958/674
f 866/954/671 870/958/674 867/955/672
f 867/955/672 870/958/674 871/959/675
f 867/955/672 871/959/675 872/960/676
f 868/956/673 867/955/672 872/960/676
f 868/956/673 872/960/676 873/961/677
s 94
f 874/962/677 875/963/678 876/964/679
f 874/962/677 876/964/679 877/965/680
f 875/963/678 878/966/681 879/967/682
f 875/963/678 879/967/682 876/964/679
f 876/964/679 879/967/682 880/968/683
f 876/964/679 880/968/683 881/969/684
f 877/965/680 876/964/679 881/969/684
f 877/965/680 881/969/684 882/970/685
s 95
f 883/971/686 884/972/687 885/973/688
f 883/971/686 885/973/688 886/974/689
f 884/975/687 887/976/690 888/977/691
f 884/978/687 888/979/691 885/980/688
f 885/981/688 888/982/691 889/983/692
f 885/981/688 889/983/692 890/984/693
f 886/974/689 885/973/688 890/985/693
f 886/974/689 890/985/693 891/986/694
s 96
f 892/987/695 893/988/696 894/989/697
f 892/987/695 894/989/697 895/990/698
f 893/988/696 896/991/699 897/992/700
f 893/988/696 897/992/700 894/989/697
f 894/989/697 897/992/700 898/993/701
f 894/989/697 898/993/701 899/994/702
f 895/990/698 894/989/697 899/994/702
f 895/990/698 899/994/702 900/995/703
s 97
f 901/996/703 902/997/702 903/998/704
f 901/996/703 903/998/704 904/999/705
f 902/997/702 905/1000/706 906/1001/707
f 902/997/702 906/1001/707 903/998/704
f 903/998/704 906/1001/707 907/1002/708
f 903/998/704 907/1002/708 908/1003/709
f 904/999/705 903/998/704 908/1003/709
f 904/1004/705 908/1005/709 909/1006/710
s 98
f 910/1007/694 911/1008/711 912/1009/712
f 910/1007/694 912/1009/712 913/1010/713
f 911/1011/711 914/1012/692 915/1013/714
f 911/1011/711 915/1013/714 912/1014/712
f 912/1014/712 915/1013/714 916/1015/715
f 912/1014/712 916/1015/715 917/1016/716
f 913/1010/713 912/1009/712 917/1017/716
f 913/1010/713 917/1017/716 918/1018/717
s 99
f 919/1019/718 920/1020/719 921/1021/720
f 919/1019/718 921/1021/720 922/1022/721
f 920/1023/719 923/1024/708 924/1025/722
f 920/1023/719 924/1025/722 921/1026/720
f 921/1026/720 924/1025/722 925/1027/723
f 921/1026/720 925/1027/723 926/1028/724
f 922/1022/721 921/1021/720 926/1029/724
f 922/1022/721 926/1029/724 927/1030/725
s 100
f 928/1031/726 929/1032/727 930/1033/728
f 928/1031/726 930/1033/728 931/1034/729
f 929/1035/727 932/1036/730 933/1037/731
f 929/1035/727 933/1037/731 930/1038/728
f 930/1038/728 933/1037/731 934/1039/732
f 930/1038/728 934/1039/732 935/1040/733
f 931/1034/729 930/1033/728 935/1041/733
f 931/1034/729 935/1041/733 936/1042/734
s 101
f 937/1043/735 938/1044/736 939/1045/737
f 937/1043/735 939/1045/737 940/1046/738
f 938/1047/736 941/1048/739 942/1049/740
f 938/1047/736 942/1049/740 939/1050/737
f 939/1050/737 942/1049/740 943/1051/741
f 939/1050/737 943/1051/741 944/1052/742
f 940/1046/738 939/1045/737 944/1053/742
f 940/1046/738 944/1053/742 945/1054/743
s 102
f 946/1055/744 947/1056/745 948/1057/746
f 946/1055/744 948/1057/746 949/1058/747
f 947/1059/745 950/1060/748 951/1061/749
f 947/1059/745 951/1061/749 948/1062/746
f 948/1062/746 951/1061/749 952/1063/750
f 948/1062/746 952/1063/750 953/1064/751
f 949/1058/747 948/1057/746 953/1065/751
f 949/1058/747 953/1065/751 954/1066/752
s 103
f 955/1067/753 956/1068/754 957/1069/755
f 955/1067/753 957/1069/755 958/1070/756
f 956/1071/754 959/1072/757 960/1073/758
f 956/1071/754 960/1073/758 957/1074/755
f 957/1075/755 960/1076/758 961/1077/759
f 957/1075/755 961/1077/759 962/1078/760
f 958/1070/756 957/1069/755 962/1079/760
f 958/1070/756 962/1079/760 963/1080/761
s 104
f 964/1081/762 965/1082/751 966/1083/763
f 964/1084/762 966/1085/763 967/1086/764
f 965/1087/751 968/1088/750 969/1089/765
f 965/1087/751 969/1089/765 966/1090/763
f 966/1090/763 969/1089/765 970/1091/766
f 966/1090/763 970/1091/766 971/1092/767
f 967/1093/764 966/1094/763 971/1095/767
f 967/1093/764 971/1095/767 972/1096/768
s 105
f 973/1097/761 974/1098/760 975/1099/769
f 973/1097/761 975/1099/769 976/1100/770
f 974/1101/760 977/1102/771 978/1103/772
f 974/1101/760 978/1103/772 975/1104/769
f 975/1104/769 978/1103/772 979/1105/773
f 975/1104/769 979/1105/773 980/1106/774
f 976/1100/770 975/1099/769 980/1107/774
f 976/1100/770 980/1107/774 981/1108/775
s 106
f 982/1109/776 983/1110/777 984/1111/778
f 982/1109/776 984/1111/778 985/1112/779
f 983/1113/777 986/1114/766 987/1115/780
f 983/1113/777 987/1115/780 984/1116/778
f 984/1116/778 987/1115/780 988/1117/775
f 984/1116/778 988/1117/775 989/1118/781
f 985/1112/779 984/1111/778 989/1119/781
f 985/1112/779 989/1119/781 990/1120/782
s 97
f 991/1121/574 992/1122/573 993/1123/783
f 991/1121/574 993/1123/783 994/1124/784
f 995/1125/572 996/1126/785 993/1123/783
f 995/1125/572 993/1123/783 992/1122/573
f 997/1127/786 998/1128/787 993/1129/783
f 997/1127/786 993/1129/783 996/1130/785
f 901/996/703 904/999/705 993/1129/783
f 901/996/703 993/1129/783 998/1128/787
f 909/1006/710 994/1124/784 993/1123/783
f 909/1006/710 993/1123/783 904/1004/705
s 98
f 474/1131/378 999/1132/576 1000/1133/788
f 474/1131/378 1000/1133/788 1001/1134/789
f 999/1132/576 1002/1135/580 1003/1136/790
f 999/1132/576 1003/1136/790 1000/1133/788
f 1000/1133/788 1003/1136/790 916/1015/715
f 1000/1133/788 916/1015/715 915/1013/714
f 1001/1134/789 1000/1133/788 915/1013/714
f 1001/1134/789 915/1013/714 914/1012/692
s 100
f 1004/1137/580 1005/1138/579 1006/1139/791
f 1004/1137/580 1006/1139/791 1007/1140/792
f 1005/1138/579 1008/1141/793 1009/1142/794
f 1005/1138/579 1009/1142/794 1006/1139/791
f 1006/1139/791 1009/1142/794 934/1039/732
f 1006/1139/791 934/1039/732 933/1037/731
f 1007/1140/792 1006/1139/791 933/1037/731
f 1007/1140/792 933/1037/731 932/1036/730
s 99
f 1010/1143/795 1011/1144/583 1012/1145/796
f 1010/1143/795 1012/1145/796 1013/1146/797
f 1011/1144/583 1014/1147/574 1015/1148/784
f 1011/1144/583 1015/1148/784 1012/1145/796
f 1012/1145/796 1015/1148/784 919/1019/718
f 1012/1145/796 919/1019/718 922/1022/721
f 1013/1146/797 1012/1145/796 922/1022/721
f 1013/1146/797 922/1022/721 927/1030/725
s 101
f 1016/1149/793 1017/1150/798 1018/1151/799
f 1016/1149/793 1018/1151/799 1019/1152/800
f 1017/1150/798 1020/1153/588 1021/1154/801
f 1017/1150/798 1021/1154/801 1018/1151/799
f 1018/1151/799 1021/1154/801 943/1051/741
f 1018/1151/799 943/1051/741 942/1049/740
f 1019/1152/800 1018/1151/799 942/1049/740
f 1019/1152/800 942/1049/740 941/1048/739
s 102
f 1022/1155/597 1023/1156/802 1024/1157/803
f 1022/1155/597 1024/1157/803 1025/1158/804
f 1023/1156/802 1026/1159/805 1027/1160/806
f 1023/1156/802 1027/1160/806 1024/1157/803
f 1024/1157/803 1027/1160/806 946/1055/744
f 1024/1157/803 946/1055/744 949/1058/747
f 1025/1158/804 1024/1157/803 949/1058/747
f 1025/1158/804 949/1058/747 954/1066/752
s 103
f 1028/1161/588 1029/1162/807 1030/1163/808
f 1028/1161/588 1030/1163/808 1031/1164/801
f 1029/1165/807 1032/1166/809 1033/1167/810
f 1029/1165/807 1033/1167/810 1030/1168/808
f 1030/1168/808 1033/1167/810 961/1077/759
f 1030/1168/808 961/1077/759 960/1076/758
f 1031/1164/801 1030/1163/808 960/1073/758
f 1031/1164/801 960/1073/758 959/1072/757
s 104
f 1034/1169/608 1035/1170/811 1036/1171/812
f 1034/1169/608 1036/1171/812 1037/1172/813
f 1035/1173/811 1038/1174/597 1039/1175/814
f 1035/1173/811 1039/1175/814 1036/1176/812
f 1036/1176/812 1039/1175/814 964/1084/762
f 1036/1176/812 964/1084/762 967/1086/764
f 1037/1172/813 1036/1171/812 967/1093/764
f 1037/1172/813 967/1093/764 972/1096/768
s 105
f 1040/1177/815 1041/1178/625 1042/1179/816
f 1040/1177/815 1042/1179/816 1043/1180/817
f 1041/1178/625 1044/1181/622 1045/1182/818
f 1041/1178/625 1045/1182/818 1042/1179/816
f 1042/1179/816 1045/1182/818 979/1105/773
f 1042/1179/816 979/1105/773 978/1103/772
f 1043/1180/817 1042/1179/816 978/1103/772
f 1043/1180/817 978/1103/772 977/1102/771
s 106
f 1046/1183/819 1047/1184/621 1048/1185/820
f 1046/1183/819 1048/1185/820 1049/1186/818
f 1047/1184/621 1050/1187/608 1051/1188/821
f 1047/1184/621 1051/1188/821 1048/1185/820
f 1048/1185/820 1051/1188/821 982/1109/776
f 1048/1185/820 982/1109/776 985/1112/779
f 1049/1186/818 1048/1185/820 985/1112/779
f 1049/1186/818 985/1112/779 990/1120/782
s 95
f 1052/1189/822 1053/1190/823 1054/1191/824
f 1052/1189/822 1054/1191/824 1055/1192/825
f 1056/1193/826 1057/1194/827 1054/1195/824
f 1056/1193/826 1054/1195/824 1053/1196/823
f 1058/1197/828 1059/1198/829 1054/1195/824
f 1058/1197/828 1054/1195/824 1057/1194/827
f 889/983/692 888/982/691 1054/1195/824
f 889/983/692 1054/1195/824 1059/1198/829
f 887/1199/690 1055/1192/825 1054/1191/824
f 887/1200/690 1054/1201/824 888/1202/691
s 107
f 1060/1203/830 1061/1204/831 1062/1205/832
f 1060/1203/830 1062/1205/832 1063/1206/827
f 1064/1207/261 1065/1208/260 1062/1205/832
f 1064/1207/261 1062/1205/832 1061/1204/831
f 1066/1209/249 1067/1210/307 1062/1205/832
f 1066/1209/249 1062/1205/832 1065/1208/260
f 1068/1211/310 1069/1212/379 1062/1205/832
f 1068/1211/310 1062/1205/832 1067/1210/307
f 1070/1213/833 1063/1206/827 1062/1205/832
f 1070/1213/833 1062/1205/832 1069/1212/379
s 108
f 1071/1214/834 1072/1215/835 1073/1216/836
f 1071/1214/834 1073/1216/836 1074/1217/837
f 1072/1215/835 1075/1218/838 1076/1219/839
f 1072/1215/835 1076/1219/839 1073/1216/836
f 1073/1216/836 1076/1219/839 1077/1220/840
f 1073/1216/836 1077/1220/840 1078/1221/841
f 1074/1217/837 1073/1216/836 1078/1221/841
f 1074/1217/837 1078/1221/841 1079/1222/842
s 109
f 1080/1223/838 1081/1224/843 1082/1225/844
f 1080/1223/838 1082/1225/844 1083/1226/845
f 1081/1224/843 1084/1227/846 1085/1228/847
f 1081/1224/843 1085/1228/847 1082/1225/844
f 1082/1225/844 1085/1228/847 1086/1229/848
f 1082/1225/844 1086/1229/848 1087/1230/849
f 1083/1226/845 1082/1225/844 1087/1230/849
f 1083/1226/845 1087/1230/849 1088/1231/850
s 110
f 1089/1232/851 1090/1233/852 1091/1234/853
f 1089/1232/851 1091/1234/853 1092/1235/854
f 1090/1233/852 1093/1236/848 1094/1237/855
f 1090/1233/852 1094/1237/855 1091/1234/853
f 1091/1234/853 1094/1237/855 1095/1238/856
f 1091/1234/853 1095/1238/856 1096/1239/857
f 1092/1235/854 1091/1234/853 1096/1239/857
f 1092/1235/854 1096/1239/857 1097/1240/858
s 111
f 1098/1241/842 1099/1242/841 1100/1243/859
f 1098/1241/842 1100/1243/859 1101/1244/860
f 1099/1242/841 1102/1245/861 1103/1246/862
f 1099/1242/841 1103/1246/862 1100/1243/859
f 1100/1243/859 1103/1246/862 1104/1247/863
f 1100/1243/859 1104/1247/863 1105/1248/864
f 1101/1244/860 1100/1243/859 1105/1248/864
f 1101/1244/860 1105/1248/864 1106/1249/269
s 109
f 1107/1250/177 1108/1251/865 1109/1252/866
f 1107/1250/177 1109/1252/866 1110/1253/867
f 1108/1251/865 1111/1254/175 1112/1255/868
f 1108/1251/865 1112/1255/868 1109/1252/866
f 1109/1252/866 1112/1255/868 1086/1229/848
f 1109/1252/866 1086/1229/848 1085/1228/847
f 1110/1253/867 1109/1252/866 1085/1228/847
f 1110/1253/867 1085/1228/847 1084/1227/846
s 110
f 1113/1256/175 1114/1257/190 1115/1258/869
f 1113/1256/175 1115/1258/869 1116/1259/868
f 1114/1257/190 1117/1260/189 1118/1261/258
f 1114/1257/190 1118/1261/258 1115/1258/869
f 1115/1258/869 1118/1261/258 1095/1238/856
f 1115/1258/869 1095/1238/856 1094/1237/855
f 1116/1259/868 1115/1258/869 1094/1237/855
f 1116/1259/868 1094/1237/855 1093/1236/848
s 108
f 1119/1262/196 1120/1263/195 1121/1264/870
f 1119/1262/196 1121/1264/870 1122/1265/871
f 1120/1263/195 1123/1266/194 1124/1267/867
f 1120/1263/195 1124/1267/867 1121/1264/870
f 1121/1264/870 1124/1267/867 1071/1214/834
f 1121/1264/870 1071/1214/834 1074/1217/837
f 1122/1265/871 1121/1264/870 1074/1217/837
f 1122/1265/871 1074/1217/837 1079/1222/842
s 111
f 1125/1268/209 1126/1269/208 1127/1270/872
f 1125/1268/209 1127/1270/872 1128/1271/873
f 1126/1269/208 1129/1272/196 1130/1273/874
f 1126/1269/208 1130/1273/874 1127/1270/872
f 1127/1270/872 1130/1273/874 1098/1241/842
f 1127/1270/872 1098/1241/842 1101/1244/860
f 1128/1271/873 1127/1270/872 1101/1244/860
f 1128/1271/873 1101/1244/860 1106/1249/269
s 93
f 1131/1274/838 1132/1275/875 1133/1276/876
f 1131/1274/838 1133/1276/876 1134/1277/877
f 1132/1275/875 1135/1278/850 1136/1279/878
f 1132/1275/875 1136/1279/878 1133/1276/876
f 1133/1276/876 1136/1279/878 871/959/675
f 1133/1276/876 871/959/675 870/958/674
f 1134/1277/877 1133/1276/876 870/958/674
f 1134/1277/877 870/958/674 869/957/661
s 94
f 1137/1280/850 1138/1281/879 1139/1282/880
f 1137/1280/850 1139/1282/880 1140/1283/878
f 1138/1281/879 1141/1284/822 1142/1285/881
f 1138/1281/879 1142/1285/881 1139/1282/880
f 1139/1282/880 1142/1285/881 880/968/683
f 1139/1282/880 880/968/683 879/967/682
f 1140/1283/878 1139/1282/880 879/967/682
f 1140/1283/878 879/967/682 878/966/681
s 92
f 1143/1286/861 1144/1287/839 1145/1288/882
f 1143/1286/861 1145/1288/882 1146/1289/883
f 1144/1287/839 1147/1290/884 1148/1291/877
f 1144/1287/839 1148/1291/877 1145/1288/882
f 1145/1288/882 1148/1291/877 856/944/661
f 1145/1288/882 856/944/661 859/947/664
f 1146/1289/883 1145/1288/882 859/947/664
f 1146/1289/883 859/947/664 864/952/669
s 96
f 1149/1292/885 1150/1293/886 1151/1294/887
f 1149/1292/885 1151/1294/887 1152/1295/888
f 1150/1293/886 1153/1296/889 1154/1297/890
f 1150/1293/886 1154/1297/890 1151/1294/887
f 1151/1294/887 1154/1297/890 892/987/695
f 1151/1294/887 892/987/695 895/990/698
f 1152/1295/888 1151/1294/887 895/990/698
f 1152/1295/888 895/990/698 900/995/703
s 37
f 1155/1298/822 1156/1299/891 1157/1300/892
f 1155/1298/822 1157/1300/892 1158/1301/893
f 1156/1299/891 325/359/263 324/360/262
f 1156/1299/891 324/360/262 1157/1300/892
f 1157/1302/892 324/358/262 323/357/261
f 1157/1302/892 323/357/261 1159/1303/831
f 1158/1304/893 1157/1302/892 1159/1303/831
f 1158/1304/893 1159/1303/831 1160/1305/830
s 38
f 1161/1306/863 1162/1307/785 1163/1308/894
f 1161/1306/863 1163/1308/894 1164/1309/864
f 1165/1310/895 1166/1311/896 1163/1312/894
f 1165/1310/895 1163/1312/894 1162/1313/785
f 1167/1314/321 1168/1315/320 1163/1312/894
f 1167/1314/321 1163/1312/894 1166/1311/896
f 334/371/271 333/373/270 1163/1312/894
f 334/371/271 1163/1312/894 1168/1315/320
f 332/369/269 1164/1309/864 1163/1308/894
f 332/369/269 1163/1308/894 333/370/270
s 58
f 1169/1316/897 1170/1317/898 1171/1318/899
f 1169/1316/897 1171/1318/899 1172/1319/900
f 1170/1317/898 1173/1320/401 1174/1321/901
f 1170/1317/898 1174/1321/901 1171/1318/899
f 1171/1318/899 1174/1321/901 1175/1322/902
f 1171/1318/899 1175/1322/902 1176/1323/903
f 1172/1319/900 1171/1318/899 1176/1323/903
f 1172/1319/900 1176/1323/903 1177/1324/904
f 1173/1325/401 1178/1326/905 1179/1327/906
f 1173/1320/401 1179/1328/906 1174/1321/901
f 1178/1329/905 1180/1330/408 1181/1331/907
f 1178/1332/905 1181/1333/907 1179/1334/906
f 1179/1334/906 1181/1333/907 1182/1335/908
f 1179/1334/906 1182/1335/908 1183/1336/909
f 1174/1321/901 1179/1328/906 1183/1337/909
f 1174/1321/901 1183/1337/909 1175/1322/902
f 1180/1338/408 1184/1339/471 1185/1340/910
f 1180/1338/408 1185/1340/910 1181/1333/907
f 1184/1339/471 1186/1341/911 1187/1342/912
f 1184/1339/471 1187/1342/912 1185/1340/910
f 1185/1340/910 1187/1342/912 1188/1343/913
f 1185/1340/910 1188/1343/913 1189/1344/914
f 1181/1333/907 1185/1340/910 1189/1344/914
f 1181/1333/907 1189/1344/914 1182/1335/908
s 60
f 1190/1345/915 1191/1346/916 1192/1347/917
f 1190/1345/915 1192/1347/917 1193/1348/918
f 1191/1346/916 1194/1349/897 1195/1350/900
f 1191/1346/916 1195/1350/900 1192/1347/917
f 1192/1347/917 1195/1350/900 1196/1351/904
f 1192/1347/917 1196/1351/904 1197/1352/919
f 1193/1348/918 1192/1347/917 1197/1352/919
f 1193/1348/918 1197/1352/919 1198/1353/920
f 1199/1354/921 1200/1355/922 1201/1356/923
f 1199/1354/921 1201/1356/923 1202/1357/924
f 1200/1355/922 1203/1358/483 1204/1359/925
f 1200/1355/922 1204/1359/925 1201/1356/923
f 1201/1356/923 1204/1359/925 1205/1360/926
f 1201/1356/923 1205/1360/926 1206/1361/927
f 1202/1357/924 1201/1356/923 1206/1361/927
f 1202/1357/924 1206/1361/927 1207/1362/913
f 1203/1363/483 1208/1364/928 1209/1365/929
f 1203/1358/483 1209/1366/929 1204/1359/925
f 1208/1367/928 1190/1368/915 1193/1369/918
f 1208/1370/928 1193/1348/918 1209/1371/929
f 1209/1371/929 1193/1348/918 1198/1353/920
f 1209/1371/929 1198/1353/920 1210/1372/930
f 1204/1359/925 1209/1366/929 1210/1373/930
f 1204/1359/925 1210/1373/930 1205/1360/926
s 58
f 1177/1324/904 1176/1323/903 1211/1374/931
f 1177/1324/904 1211/1374/931 1212/1375/932
f 1176/1323/903 1175/1322/902 1213/1376/933
f 1176/1323/903 1213/1376/933 1211/1374/931
f 1211/1374/931 1213/1376/933 514/561/413
f 1211/1374/931 514/561/413 511/558/410
f 1212/1375/932 1211/1374/931 511/558/410
f 1212/1375/932 511/558/410 510/557/409
f 1175/1377/902 1183/1378/909 1214/1379/934
f 1175/1322/902 1214/1380/934 1213/1376/933
f 1183/1336/909 1182/1335/908 1215/1381/935
f 1183/1336/909 1215/1381/935 1214/1382/934
f 1214/1382/934 1215/1381/935 516/565/415
f 1214/1382/934 516/565/415 515/564/414
f 1213/1383/933 1214/1384/934 515/1385/414
f 1213/1376/933 515/562/414 514/561/413
f 1182/1335/908 1189/1344/914 1216/1386/936
f 1182/1335/908 1216/1386/936 1215/1381/935
f 1189/1344/914 1188/1343/913 1217/1387/937
f 1189/1344/914 1217/1387/937 1216/1386/936
f 1216/1386/936 1217/1387/937 518/568/417
f 1216/1386/936 518/568/417 517/566/416
f 1215/1381/935 1216/1386/936 517/566/416
f 1215/1381/935 517/566/416 516/565/415
s 60
f 1198/1353/920 1197/1352/919 1218/1388/938
f 1198/1353/920 1218/1388/938 1219/1389/939
f 1197/1352/919 1196/1351/904 1220/1390/940
f 1197/1352/919 1220/1390/940 1218/1388/938
f 1218/1388/938 1220/1390/940 532/582/409
f 1218/1388/938 532/582/409 529/579/425
f 1219/1389/939 1218/1388/938 529/579/425
f 1219/1389/939 529/579/425 528/578/424
f 1207/1362/913 1206/1361/927 1221/1391/941
f 1207/1362/913 1221/1391/941 1222/1392/942
f 1206/1361/927 1205/1360/926 1223/1393/943
f 1206/1361/927 1223/1393/943 1221/1391/941
f 1221/1391/941 1223/1393/943 536/589/430
f 1221/1391/941 536/589/430 535/587/429
f 1222/1392/942 1221/1391/941 535/587/429
f 1222/1392/942 535/587/429 534/586/417
f 1205/1360/926 1210/1373/930 1224/1394/944
f 1205/1360/926 1224/1394/944 1223/1393/943
f 1210/1372/930 1198/1353/920 1219/1389/939
f 1210/1372/930 1219/1389/939 1224/1395/944
f 1224/1395/944 1219/1389/939 528/578/424
f 1224/1395/944 528/578/424 531/581/427
f 1223/1393/943 1224/1394/944 531/588/427
f 1223/1393/943 531/588/427 536/589/430
s 112
f 2277/1396/945 2278/1397/946 2279/1398/947
f 2277/1396/945 2279/1398/947 2280/1399/948
f 2278/1397/946 2281/1400/949 2282/1401/950
f 2278/1397/946 2282/1401/950 2279/1398/947
f 2279/1398/947 2282/1401/950 2283/1402/951
f 2279/1398/947 2283/1402/951 2284/1403/952
f 2280/1399/948 2279/1398/947 2284/1403/952
f 2280/1399/948 2284/1403/952 2285/1404/953
f 2286/1405/954 2287/1406/955 2288/1407/956
f 2286/1405/954 2288/1407/956 2289/1408/957
f 2287/1406/955 2290/1409/958 2291/1410/959
f 2287/1406/955 2291/1410/959 2288/1407/956
f 2288/1411/956 2291/1412/959 2292/1413/960
f 2288/1411/956 2292/1413/960 2293/1414/961
f 2289/1415/957 2288/1411/956 2293/1414/961
f 2289/1415/957 2293/1414/961 2294/1416/962
f 2295/1417/963 2296/1418/964 2297/1419/965
f 2295/1417/963 2297/1419/965 2298/1420/966
f 2296/1418/964 2299/1421/967 2300/1422/968
f 2296/1418/964 2300/1422/968 2297/1419/965
f 2297/1419/965 2300/1422/968 2301/1423/969
f 2297/1419/965 2301/1423/969 2302/1424/970
f 2298/1420/966 2297/1419/965 2302/1424/970
f 2298/1420/966 2302/1424/970 2303/1425/971
f 2304/1426/972 2305/1427/973 2306/1428/974
f 2304/1426/972 2306/1428/974 2307/1429/975
f 2305/1427/973 2308/1430/976 2309/1431/977
f 2305/1427/973 2309/1431/977 2306/1428/974
f 2306/1428/974 2309/1431/977 2310/1432/978
f 2306/1428/974 2310/1432/978 2311/1433/979
f 2307/1429/975 2306/1428/974 2311/1433/979
f 2307/1429/975 2311/1433/979 2312/1434/980
f 2313/1435/981 2314/1436/982 2315/1437/983
f 2313/1435/981 2315/1437/983 2316/1438/984
f 2314/1436/982 2317/1439/985 2318/1440/986
f 2314/1436/982 2318/1440/986 2315/1437/983
f 2315/1437/983 2318/1440/986 2319/1441/987
f 2315/1437/983 2319/1441/987 2320/1442/982
f 2316/1438/984 2315/1437/983 2320/1442/982
f 2316/1438/984 2320/1442/982 2321/1443/988
f 2290/1409/958 2322/1444/989 2323/1445/990
f 2290/1409/958 2323/1445/990 2291/1410/959
f 2322/1444/989 2324/1446/991 2325/1447/992
f 2322/1444/989 2325/1447/992 2323/1445/990
f 2323/1445/990 2325/1447/992 2326/1448/993
f 2323/1445/990 2326/1448/993 2327/1449/994
f 2291/1412/959 2323/1450/990 2327/1451/994
f 2291/1412/959 2327/1451/994 2292/1413/960
f 2328/1452/995 2329/1453/982 2330/1454/982
f 2328/1452/995 2330/1454/982 2331/1455/996
f 2329/1453/982 2332/1456/997 2333/1457/998
f 2329/1453/982 2333/1457/998 2330/1454/982
f 2330/1454/982 2333/1457/998 2317/1439/985
f 2330/1454/982 2317/1439/985 2314/1436/982
f 2331/1455/996 2330/1454/982 2314/1436/982
f 2331/1455/996 2314/1436/982 2313/1435/981
f 2334/1458/999 2335/1459/1000 2336/1460/1001
f 2334/1458/999 2336/1460/1001 2337/1461/1002
f 2335/1459/1000 2304/1426/972 2307/1429/975
f 2335/1459/1000 2307/1429/975 2336/1460/1001
f 2336/1460/1001 2307/1429/975 2312/1434/980
f 2336/1460/1001 2312/1434/980 2338/1462/1003
f 2337/1461/1002 2336/1460/1001 2338/1462/1003
f 2337/1461/1002 2338/1462/1003 2339/1463/1004
f 2324/1446/991 2340/1464/1005 2341/1465/1006
f 2324/1446/991 2341/1465/1006 2325/1447/992
f 2340/1464/1005 2277/1466/945 2280/1467/948
f 2340/1464/1005 2280/1467/948 2341/1465/1006
f 2341/1468/1006 2280/1469/948 2285/1470/953
f 2341/1468/1006 2285/1470/953 2342/1471/1007
f 2325/1447/992 2341/1465/1006 2342/1472/1007
f 2325/1447/992 2342/1472/1007 2326/1448/993
f 2283/1473/951 2343/1474/1008 2344/1475/1009
f 2283/1476/951 2344/1477/1009 2284/1478/952
f 2343/1479/1008 2332/1456/997 2329/1453/982
f 2343/1479/1008 2329/1453/982 2344/1480/1009
f 2344/1480/1009 2329/1453/982 2328/1452/995
f 2344/1480/1009 2328/1452/995 2345/1481/1010
f 2284/1482/952 2344/1483/1009 2345/1484/1010
f 2284/1482/952 2345/1484/1010 2285/1485/953
f 2346/1486/1011 2347/1487/1012 2348/1488/1013
f 2346/1489/1011 2348/1490/1013 2349/1491/1014
f 2347/1487/1012 2334/1458/999 2337/1461/1002
f 2347/1487/1012 2337/1461/1002 2348/1488/1013
f 2348/1488/1013 2337/1461/1002 2339/1463/1004
f 2348/1488/1013 2339/1463/1004 2350/1492/1008
f 2349/1491/1014 2348/1490/1013 2350/1493/1008
f 2349/1491/1014 2350/1493/1008 2351/1494/1015
f 2308/1430/976 2352/1495/1016 2353/1496/1017
f 2308/1430/976 2353/1496/1017 2309/1431/977
f 2352/1495/1016 2295/1497/963 2298/1498/966
f 2352/1495/1016 2298/1498/966 2353/1496/1017
f 2353/1499/1017 2298/1500/966 2303/1501/971
f 2353/1496/1017 2303/1502/971 2354/1503/1018
f 2309/1431/977 2353/1496/1017 2354/1503/1018
f 2309/1431/977 2354/1503/1018 2310/1432/978
f 2321/1443/988 2320/1442/982 2355/1504/1019
f 2321/1443/988 2355/1504/1019 2356/1505/1020
f 2320/1442/982 2319/1441/987 2357/1506/1018
f 2320/1442/982 2357/1506/1018 2355/1504/1019
f 2355/1504/1019 2357/1506/1018 2358/1507/1021
f 2355/1504/1019 2358/1507/1021 2359/1508/970
f 2356/1509/1020 2355/1510/1019 2359/1511/970
f 2356/1509/1020 2359/1511/970 2360/1512/1022
f 2299/1421/967 2361/1513/1023 2362/1514/1024
f 2299/1421/967 2362/1514/1024 2300/1422/968
f 2361/1515/1023 2286/1405/954 2289/1408/957
f 2361/1515/1023 2289/1408/957 2362/1516/1024
f 2362/1517/1024 2289/1415/957 2294/1416/962
f 2362/1517/1024 2294/1416/962 2363/1199/1025
f 2300/1422/968 2362/1514/1024 2363/1518/1025
f 2300/1422/968 2363/1518/1025 2301/1423/969
f 2364/1519/1026 2365/1520/1027 2366/1521/1028
f 2364/1519/1026 2366/1521/1028 2367/1522/1029
f 2365/1523/1027 2368/1524/1030 2369/1525/1031
f 2365/1523/1027 2369/1525/1031 2366/1526/1028
f 2366/1526/1028 2369/1525/1031 2370/1527/1032
f 2366/1526/1028 2370/1527/1032 2371/1528/1033
f 2367/1522/1029 2366/1521/1028 2371/1529/1033
f 2367/1530/1029 2371/1531/1033 2372/1532/1034
f 2373/1533/1035 2374/1534/1036 2375/1535/1037
f 2373/1533/1035 2375/1535/1037 2376/1536/1038
f 2374/1537/1036 2377/1538/1039 2378/1539/1040
f 2374/1540/1036 2378/1541/1040 2375/1542/1037
f 2375/1542/1037 2378/1541/1040 2379/1543/1041
f 2375/1542/1037 2379/1543/1041 2380/1544/1042
f 2376/1536/1038 2375/1535/1037 2380/1545/1042
f 2376/1536/1038 2380/1545/1042 2381/1546/1043
f 2382/1547/1044 2383/1548/1045 2384/1549/1046
f 2382/1547/1044 2384/1549/1046 2385/1550/1047
f 2386/1551/1048 2387/1552/1049 2384/1549/1046
f 2386/1551/1048 2384/1549/1046 2383/1548/1045
f 2388/1553/1050 2389/1554/1051 2384/1549/1046
f 2388/1553/1050 2384/1549/1046 2387/1552/1049
f 2390/1555/1052 2391/1556/1053 2384/1549/1046
f 2390/1555/1052 2384/1549/1046 2389/1554/1051
f 2392/1557/1054 2385/1550/1047 2384/1549/1046
f 2392/1557/1054 2384/1549/1046 2391/1556/1053
f 2386/1551/1048 2393/1558/1055 2394/1559/1056
f 2386/1551/1048 2394/1559/1056 2387/1552/1049
f 2364/1560/1026 2367/1530/1029 2394/1559/1056
f 2364/1560/1026 2394/1559/1056 2393/1558/1055
f 2372/1532/1034 2395/1561/1057 2394/1559/1056
f 2372/1532/1034 2394/1559/1056 2367/1530/1029
f 2396/1562/1058 2397/1563/1059 2394/1559/1056
f 2396/1562/1058 2394/1559/1056 2395/1561/1057
f 2388/1553/1050 2387/1552/1049 2394/1559/1056
f 2388/1553/1050 2394/1559/1056 2397/1563/1059
f 2368/1524/1030 2398/1564/1060 2399/1565/1061
f 2368/1524/1030 2399/1565/1061 2369/1525/1031
f 2400/1566/1062 2401/1567/1063 2399/1565/1061
f 2400/1566/1062 2399/1565/1061 2398/1564/1060
f 2402/1568/1064 2403/1569/1065 2399/1565/1061
f 2402/1568/1064 2399/1565/1061 2401/1567/1063
f 2404/1570/1066 2405/1571/1067 2399/1565/1061
f 2404/1570/1066 2399/1565/1061 2403/1569/1065
f 2370/1527/1032 2369/1525/1031 2399/1565/1061
f 2370/1527/1032 2399/1565/1061 2405/1571/1067
f 2400/1566/1062 2406/1572/1068 2407/1573/1069
f 2400/1566/1062 2407/1573/1069 2401/1567/1063
f 2408/1574/1070 2409/1575/1071 2407/1573/1069
f 2408/1574/1070 2407/1573/1069 2406/1572/1068
f 2410/1576/1072 2411/1577/1073 2407/1573/1069
f 2410/1576/1072 2407/1573/1069 2409/1575/1071
f 2412/1578/1074 2413/1579/1075 2407/1573/1069
f 2412/1578/1074 2407/1573/1069 2411/1577/1073
f 2402/1568/1064 2401/1567/1063 2407/1573/1069
f 2402/1568/1064 2407/1573/1069 2413/1579/1075
f 2410/1576/1072 2414/1580/1076 2415/1581/1077
f 2410/1576/1072 2415/1581/1077 2411/1577/1073
f 2392/1557/1054 2391/1556/1053 2415/1582/1077
f 2392/1557/1054 2415/1582/1077 2414/1583/1076
f 2390/1555/1052 2416/1584/1078 2415/1582/1077
f 2390/1555/1052 2415/1582/1077 2391/1556/1053
f 2417/1585/1079 2418/1586/1080 2415/1587/1077
f 2417/1588/1079 2415/1589/1077 2416/1590/1078
f 2419/1591/1081 2420/1592/1082 2415/1593/1077
f 2419/1591/1081 2415/1593/1077 2418/1594/1080
f 2412/1578/1074 2411/1577/1073 2415/1581/1077
f 2412/1578/1074 2415/1581/1077 2420/1595/1082
f 2404/1570/1066 2421/1596/1083 2422/1597/1084
f 2404/1570/1066 2422/1597/1084 2405/1571/1067
f 2419/1591/1081 2418/1594/1080 2422/1598/1084
f 2419/1599/1081 2422/1600/1084 2421/1601/1083
f 2417/1602/1079 2423/1603/1085 2422/1604/1084
f 2417/1605/1079 2422/1598/1084 2418/1594/1080
f 2396/1562/1058 2395/1561/1057 2422/1606/1084
f 2396/1562/1058 2422/1606/1084 2423/1607/1085
f 2372/1532/1034 2371/1531/1033 2422/1606/1084
f 2372/1608/1034 2422/1609/1084 2395/1610/1057
f 2370/1527/1032 2405/1571/1067 2422/1597/1084
f 2370/1527/1032 2422/1597/1084 2371/1528/1033
f 2408/1574/1070 2424/1611/1086 2425/1612/1087
f 2408/1574/1070 2425/1612/1087 2409/1575/1071
f 2426/1613/1088 2427/1614/1089 2425/1615/1087
f 2426/1616/1088 2425/1612/1087 2424/1611/1086
f 2428/1617/1090 2429/1618/1091 2425/1619/1087
f 2428/1617/1090 2425/1619/1087 2427/1620/1089
f 2430/1621/1092 2431/1622/1093 2425/1612/1087
f 2430/1623/1092 2425/1624/1087 2429/1625/1091
f 2410/1576/1072 2409/1575/1071 2425/1612/1087
f 2410/1576/1072 2425/1612/1087 2431/1622/1093
f 2426/1626/1088 2432/1627/1094 2433/1628/1095
f 2426/1626/1088 2433/1628/1095 2427/1620/1089
f 2373/1629/1035 2376/1630/1038 2433/1628/1095
f 2373/1629/1035 2433/1628/1095 2432/1627/1094
f 2381/1631/1043 2434/1632/1096 2433/1628/1095
f 2381/1631/1043 2433/1628/1095 2376/1630/1038
f 2435/1633/1097 2436/1634/1098 2433/1628/1095
f 2435/1633/1097 2433/1628/1095 2434/1632/1096
f 2428/1617/1090 2427/1620/1089 2433/1628/1095
f 2428/1617/1090 2433/1628/1095 2436/1634/1098
f 2377/1635/1039 2437/1636/1099 2438/1637/1100
f 2377/1635/1039 2438/1637/1100 2378/1541/1040
f 2439/1638/1101 2440/1639/1102 2438/1637/1100
f 2439/1638/1101 2438/1637/1100 2437/1636/1099
f 2441/1640/1103 2442/1641/1104 2438/1637/1100
f 2441/1640/1103 2438/1637/1100 2440/1639/1102
f 2443/1642/1105 2444/1643/1106 2438/1637/1100
f 2443/1642/1105 2438/1637/1100 2442/1641/1104
f 2379/1543/1041 2378/1541/1040 2438/1637/1100
f 2379/1543/1041 2438/1637/1100 2444/1643/1106
f 2439/1638/1101 2445/1644/1107 2446/1645/1108
f 2439/1638/1101 2446/1645/1108 2440/1639/1102
f 2382/1547/1044 2385/1550/1047 2446/1645/1108
f 2382/1547/1044 2446/1645/1108 2445/1644/1107
f 2392/1557/1054 2447/1646/1109 2446/1645/1108
f 2392/1557/1054 2446/1645/1108 2385/1550/1047
f 2448/1647/1110 2449/1648/1111 2446/1645/1108
f 2448/1647/1110 2446/1645/1108 2447/1646/1109
f 2441/1640/1103 2440/1639/1102 2446/1645/1108
f 2441/1640/1103 2446/1645/1108 2449/1648/1111
f 2430/1621/1092 2450/1649/1112 2451/1650/1113
f 2430/1621/1092 2451/1650/1113 2431/1622/1093
f 2452/1651/1114 2453/1652/1115 2451/1653/1113
f 2452/1651/1114 2451/1653/1113 2450/1654/1112
f 2454/1655/1116 2455/1656/1117 2451/1657/1113
f 2454/1658/1116 2451/1659/1113 2453/1660/1115
f 2448/1647/1110 2447/1646/1109 2451/1661/1113
f 2448/1647/1110 2451/1661/1113 2455/1662/1117
f 2392/1557/1054 2414/1583/1076 2451/1661/1113
f 2392/1557/1054 2451/1661/1113 2447/1646/1109
f 2410/1576/1072 2431/1622/1093 2451/1650/1113
f 2410/1576/1072 2451/1650/1113 2414/1580/1076
f 2379/1543/1041 2444/1643/1106 2456/1663/1118
f 2379/1543/1041 2456/1663/1118 2380/1544/1042
f 2443/1642/1105 2457/1664/1119 2456/1663/1118
f 2443/1642/1105 2456/1663/1118 2444/1643/1106
f 2454/1658/1116 2453/1660/1115 2456/1665/1118
f 2454/1658/1116 2456/1665/1118 2457/1666/1119
f 2452/1651/1114 2458/1667/1120 2456/1668/1118
f 2452/1651/1114 2456/1668/1118 2453/1652/1115
f 2435/1669/1097 2434/1670/1096 2456/1671/1118
f 2435/1669/1097 2456/1671/1118 2458/1672/1120
f 2381/1546/1043 2380/1545/1042 2456/1671/1118
f 2381/1546/1043 2456/1671/1118 2434/1670/1096
f 2459/1673/1048 2460/1674/1121 2461/1675/1122
f 2459/1673/1048 2461/1675/1122 2462/1676/1123
f 2460/1674/1121 2334/1458/999 2347/1487/1012
f 2460/1674/1121 2347/1487/1012 2461/1675/1122
f 2461/1675/1122 2347/1487/1012 2346/1486/1011
f 2461/1675/1122 2346/1486/1011 2463/1677/1124
f 2462/1676/1123 2461/1675/1122 2463/1677/1124
f 2462/1676/1123 2463/1677/1124 2464/1678/1125
f 2465/1679/1044 2466/1680/1126 2467/1681/1127
f 2465/1679/1044 2467/1681/1127 2468/1682/1128
f 2466/1680/1126 2304/1426/972 2335/1459/1000
f 2466/1680/1126 2335/1459/1000 2467/1681/1127
f 2467/1681/1127 2335/1459/1000 2334/1458/999
f 2467/1681/1127 2334/1458/999 2460/1674/1121
f 2468/1682/1128 2467/1681/1127 2460/1674/1121
f 2468/1682/1128 2460/1674/1121 2459/1673/1048
f 2469/1683/1129 2470/1684/1130 2471/1685/1131
f 2469/1683/1129 2471/1685/1131 2472/1686/1107
f 2470/1684/1130 2308/1430/976 2305/1427/973
f 2470/1684/1130 2305/1427/973 2471/1685/1131
f 2471/1685/1131 2305/1427/973 2304/1426/972
f 2471/1685/1131 2304/1426/972 2466/1680/1126
f 2472/1686/1107 2471/1685/1131 2466/1680/1126
f 2472/1686/1107 2466/1680/1126 2465/1679/1044
f 2473/1687/1132 2474/1688/1133 2475/1689/1134
f 2473/1687/1132 2475/1689/1134 2476/1690/1099
f 2474/1688/1133 2295/1497/963 2352/1495/1016
f 2474/1688/1133 2352/1495/1016 2475/1689/1134
f 2475/1689/1134 2352/1495/1016 2308/1430/976
f 2475/1689/1134 2308/1430/976 2470/1684/1130
f 2476/1690/1099 2475/1689/1134 2470/1684/1130
f 2476/1690/1099 2470/1684/1130 2469/1683/1129
f 2477/1691/1135 2478/1692/1136 2479/1693/1137
f 2477/1691/1135 2479/1693/1137 2480/1694/1036
f 2478/1692/1136 2299/1421/967 2296/1418/964
f 2478/1692/1136 2296/1418/964 2479/1693/1137
f 2479/1693/1137 2296/1418/964 2295/1417/963
f 2479/1693/1137 2295/1417/963 2474/1695/1133
f 2480/1694/1036 2479/1693/1137 2474/1695/1133
f 2480/1694/1036 2474/1695/1133 2473/1696/1132
f 2481/1616/1088 2482/1697/1138 2483/1698/1139
f 2481/1616/1088 2483/1698/1139 2484/1699/1094
f 2482/1700/1138 2286/1405/954 2361/1515/1023
f 2482/1697/1138 2361/1701/1023 2483/1698/1139
f 2483/1702/1139 2361/1513/1023 2299/1421/967
f 2483/1702/1139 2299/1421/967 2478/1692/1136
f 2484/1703/1094 2483/1702/1139 2478/1692/1136
f 2484/1704/1094 2478/1705/1136 2477/1706/1135
f 2485/1574/1070 2486/1707/1140 2487/1708/1141
f 2485/1574/1070 2487/1708/1141 2488/1611/1086
f 2486/1709/1140 2290/1409/958 2287/1406/955
f 2486/1709/1140 2287/1406/955 2487/1710/1141
f 2487/1710/1141 2287/1406/955 2286/1405/954
f 2487/1710/1141 2286/1405/954 2482/1700/1138
f 2488/1611/1086 2487/1708/1141 2482/1697/1138
f 2488/1611/1086 2482/1697/1138 2481/1616/1088
f 2489/1566/1142 2490/1711/1143 2491/1712/1144
f 2489/1566/1142 2491/1712/1144 2492/1572/1068
f 2490/1713/1143 2324/1446/991 2322/1444/989
f 2490/1713/1143 2322/1444/989 2491/1714/1144
f 2491/1714/1144 2322/1444/989 2290/1409/958
f 2491/1712/1144 2290/1715/958 2486/1707/1140
f 2492/1572/1068 2491/1712/1144 2486/1707/1140
f 2492/1572/1068 2486/1707/1140 2485/1574/1070
f 2368/1524/1030 2493/1716/1145 2494/1717/1146
f 2368/1524/1030 2494/1717/1146 2495/1564/1060
f 2493/1716/1145 2277/1718/945 2340/1719/1005
f 2493/1716/1145 2340/1719/1005 2494/1717/1146
f 2494/1720/1146 2340/1464/1005 2324/1446/991
f 2494/1720/1146 2324/1446/991 2490/1713/1143
f 2495/1564/1060 2494/1717/1146 2490/1711/1143
f 2495/1564/1060 2490/1711/1143 2489/1566/1142
f 2364/1519/1026 2496/1721/1147 2497/1722/1148
f 2364/1519/1026 2497/1722/1148 2365/1520/1027
f 2496/1721/1147 2281/1400/949 2278/1397/946
f 2496/1721/1147 2278/1397/946 2497/1722/1148
f 2497/1722/1148 2278/1397/946 2277/1396/945
f 2497/1722/1148 2277/1396/945 2493/1723/1145
f 2365/1523/1027 2497/1724/1148 2493/1716/1145
f 2365/1523/1027 2493/1716/1145 2368/1524/1030
s 113
f 3521/1725/1149 3522/1726/1150 3523/1727/1151
f 3521/1725/1149 3523/1727/1151 3524/1728/1152
f 3522/1726/1150 3525/1729/1153 3526/1730/1154
f 3522/1726/1150 3526/1730/1154 3523/1727/1151
f 3523/1727/1151 3526/1730/1154 3527/1731/1155
f 3523/1727/1151 3527/1731/1155 3528/1732/1156
f 3524/1728/1152 3523/1727/1151 3528/1732/1156
f 3524/1728/1152 3528/1732/1156 3529/1733/1157
f 3530/1734/1158 3531/1735/1159 3532/1736/1160
f 3530/1734/1158 3532/1736/1160 3533/1737/1161
f 3531/1735/1159 3534/1738/1162 3535/1739/1163
f 3531/1735/1159 3535/1739/1163 3532/1736/1160
f 3532/1736/1160 3535/1739/1163 3536/1740/1164
f 3532/1736/1160 3536/1740/1164 3537/1741/1165
f 3533/1737/1161 3532/1736/1160 3537/1741/1165
f 3533/1737/1161 3537/1741/1165 3538/1742/1166
f 3539/1743/1167 3540/1744/1168 3541/1745/1169
f 3539/1743/1167 3541/1745/1169 3542/1746/1170
f 3540/1744/1168 3543/1747/1171 3544/1748/1172
f 3540/1744/1168 3544/1748/1172 3541/1745/1169
f 3541/1745/1169 3544/1748/1172 3545/1749/1173
f 3541/1745/1169 3545/1749/1173 3546/1750/1174
f 3542/1746/1170 3541/1745/1169 3546/1750/1174
f 3542/1746/1170 3546/1750/1174 3547/1751/1175
f 3548/1752/1176 3549/1753/1177 3550/1754/1178
f 3548/1752/1176 3550/1754/1178 3551/1755/1179
f 3549/1753/1177 3552/1756/1180 3553/1757/1181
f 3549/1753/1177 3553/1757/1181 3550/1754/1178
f 3550/1754/1178 3553/1757/1181 3554/1758/1182
f 3550/1754/1178 3554/1758/1182 3555/1759/1183
f 3551/1755/1179 3550/1754/1178 3555/1759/1183
f 3551/1755/1179 3555/1759/1183 3556/1760/1184
f 3557/1761/1185 3558/1762/1186 3559/1763/1186
f 3557/1761/1185 3559/1763/1186 3560/1764/1187
f 3558/1762/1186 3561/1765/1188 3562/1766/1189
f 3558/1762/1186 3562/1766/1189 3559/1763/1186
f 3559/1763/1186 3562/1766/1189 3563/1767/1190
f 3559/1763/1186 3563/1767/1190 3564/1768/1186
f 3560/1764/1187 3559/1763/1186 3564/1768/1186
f 3560/1764/1187 3564/1768/1186 3565/1769/1191
f 3534/1738/1162 3566/1770/1192 3567/1771/1193
f 3534/1738/1162 3567/1771/1193 3535/1739/1163
f 3566/1770/1192 3568/1772/1194 3569/1773/1195
f 3566/1770/1192 3569/1773/1195 3567/1771/1193
f 3567/1771/1193 3569/1773/1195 3570/1774/1196
f 3567/1771/1193 3570/1774/1196 3571/1775/1197
f 3535/1739/1163 3567/1771/1193 3571/1775/1197
f 3535/1739/1163 3571/1775/1197 3536/1740/1164
f 3572/1776/1198 3573/1777/1186 3574/1778/1199
f 3572/1776/1198 3574/1778/1199 3575/1779/1197
f 3573/1777/1186 3576/1780/1200 3577/1781/1201
f 3573/1777/1186 3577/1781/1201 3574/1778/1199
f 3574/1778/1199 3577/1781/1201 3561/1765/1188
f 3574/1778/1199 3561/1765/1188 3558/1762/1186
f 3575/1779/1197 3574/1778/1199 3558/1762/1186
f 3575/1779/1197 3558/1762/1186 3557/1761/1185
f 3578/1782/1202 3579/1783/1203 3580/1784/1204
f 3578/1782/1202 3580/1784/1204 3581/1785/1205
f 3579/1783/1203 3548/1752/1176 3551/1755/1179
f 3579/1783/1203 3551/1755/1179 3580/1784/1204
f 3580/1784/1204 3551/1755/1179 3556/1760/1184
f 3580/1784/1204 3556/1760/1184 3582/1786/1201
f 3581/1785/1205 3580/1784/1204 3582/1786/1201
f 3581/1785/1205 3582/1786/1201 3583/1787/1206
f 3568/1772/1194 3584/1788/1207 3585/1789/1208
f 3568/1772/1194 3585/1789/1208 3569/1773/1195
f 3584/1788/1207 3521/1790/1149 3524/1791/1152
f 3584/1788/1207 3524/1791/1152 3585/1789/1208
f 3585/1789/1208 3524/1791/1152 3529/1792/1157
f 3585/1789/1208 3529/1792/1157 3586/1793/1209
f 3569/1773/1195 3585/1789/1208 3586/1793/1209
f 3569/1773/1195 3586/1793/1209 3570/1774/1196
f 3527/1794/1155 3587/1795/1210 3588/1796/1211
f 3527/1797/1155 3588/1798/1211 3528/1799/1156
f 3587/1800/1210 3576/1780/1200 3573/1777/1186
f 3587/1800/1210 3573/1777/1186 3588/1801/1211
f 3588/1801/1211 3573/1777/1186 3572/1776/1198
f 3588/1801/1211 3572/1776/1198 3589/1802/1212
f 3528/1732/1156 3588/1803/1211 3589/1804/1212
f 3528/1732/1156 3589/1804/1212 3529/1733/1157
f 3590/1805/1213 3591/1806/1214 3592/1807/1215
f 3590/1805/1213 3592/1807/1215 3593/1808/1216
f 3591/1806/1214 3578/1782/1202 3581/1785/1205
f 3591/1806/1214 3581/1785/1205 3592/1807/1215
f 3592/1807/1215 3581/1785/1205 3583/1787/1206
f 3592/1807/1215 3583/1787/1206 3594/1809/1210
f 3593/1808/1216 3592/1807/1215 3594/1809/1210
f 3593/1808/1216 3594/1809/1210 3595/1810/1217
f 3552/1756/1180 3596/1811/1218 3597/1812/1219
f 3552/1756/1180 3597/1812/1219 3553/1757/1181
f 3596/1811/1218 3539/1813/1167 3542/1814/1170
f 3596/1815/1218 3542/1816/1170 3597/1817/1219
f 3597/1818/1219 3542/1819/1170 3547/1820/1175
f 3597/1821/1219 3547/1822/1175 3598/1823/1220
f 3553/1757/1181 3597/1812/1219 3598/1824/1220
f 3553/1757/1181 3598/1824/1220 3554/1758/1182
f 3565/1769/1191 3564/1768/1186 3599/1825/1221
f 3565/1769/1191 3599/1825/1221 3600/1826/1222
f 3564/1768/1186 3563/1767/1190 3601/1827/1223
f 3564/1768/1186 3601/1827/1223 3599/1825/1221
f 3599/1825/1221 3601/1827/1223 3602/1828/1224
f 3599/1825/1221 3602/1828/1224 3603/1829/1174
f 3600/1830/1222 3599/1831/1221 3603/1832/1174
f 3600/1830/1222 3603/1832/1174 3604/1833/1225
f 3543/1834/1171 3605/1835/1226 3606/1836/1227
f 3543/1834/1171 3606/1836/1227 3544/1837/1172
f 3605/1835/1226 3530/1734/1158 3533/1737/1161
f 3605/1835/1226 3533/1737/1161 3606/1836/1227
f 3606/1836/1227 3533/1737/1161 3538/1742/1166
f 3606/1836/1227 3538/1742/1166 3607/1838/1228
f 3544/1837/1172 3606/1836/1227 3607/1838/1228
f 3544/1839/1172 3607/1840/1228 3545/1841/1173
f 3608/1842/1229 3609/1843/1230 3610/1844/1231
f 3608/1845/1229 3610/1846/1231 3611/1847/1232
f 3609/1843/1230 3612/1848/1233 3613/1849/1234
f 3609/1843/1230 3613/1849/1234 3610/1844/1231
f 3610/1844/1231 3613/1849/1234 3614/1850/1235
f 3610/1844/1231 3614/1850/1235 3615/1851/1236
f 3611/1847/1232 3610/1846/1231 3615/1852/1236
f 3611/1847/1232 3615/1852/1236 3616/1853/1237
f 3617/1854/1238 3618/1855/1239 3619/1856/1240
f 3617/1854/1238 3619/1856/1240 3620/1857/1241
f 3618/1858/1239 3621/1859/1242 3622/1860/1243
f 3618/1858/1239 3622/1860/1243 3619/1861/1240
f 3619/1861/1240 3622/1860/1243 3623/1862/1244
f 3619/1861/1240 3623/1862/1244 3624/1863/1245
f 3620/1857/1241 3619/1856/1240 3624/1864/1245
f 3620/1857/1241 3624/1864/1245 3625/1865/1246
f 3626/1866/1247 3627/1867/1248 3628/1868/1249
f 3626/1866/1247 3628/1868/1249 3629/1869/1250
f 3630/1870/1251 3631/1871/1252 3628/1868/1249
f 3630/1870/1251 3628/1868/1249 3627/1867/1248
f 3632/1872/1253 3633/1873/1254 3628/1868/1249
f 3632/1872/1253 3628/1868/1249 3631/1871/1252
f 3634/1874/1255 3635/1875/1256 3628/1868/1249
f 3634/1874/1255 3628/1868/1249 3633/1873/1254
f 3636/1876/1257 3629/1869/1250 3628/1868/1249
f 3636/1876/1257 3628/1868/1249 3635/1875/1256
f 3630/1870/1251 3637/1877/1258 3638/1878/1259
f 3630/1870/1251 3638/1878/1259 3631/1871/1252
f 3608/1845/1229 3611/1847/1232 3638/1878/1259
f 3608/1845/1229 3638/1878/1259 3637/1877/1258
f 3616/1853/1237 3639/1879/1260 3638/1878/1259
f 3616/1853/1237 3638/1878/1259 3611/1847/1232
f 3640/1880/1261 3641/1881/1262 3638/1878/1259
f 3640/1880/1261 3638/1878/1259 3639/1879/1260
f 3632/1872/1253 3631/1871/1252 3638/1878/1259
f 3632/1872/1253 3638/1878/1259 3641/1881/1262
f 3612/1882/1233 3642/1883/1263 3643/1884/1264
f 3612/1882/1233 3643/1884/1264 3613/1885/1234
f 3644/1886/1265 3645/1887/1266 3643/1884/1264
f 3644/1886/1265 3643/1884/1264 3642/1883/1263
f 3646/1888/1267 3647/1889/1268 3643/1884/1264
f 3646/1888/1267 3643/1884/1264 3645/1887/1266
f 3648/1890/1269 3649/1891/1270 3643/1884/1264
f 3648/1890/1269 3643/1884/1264 3647/1889/1268
f 3614/1892/1235 3613/1885/1234 3643/1884/1264
f 3614/1892/1235 3643/1884/1264 3649/1891/1270
f 3644/1886/1265 3650/1893/1271 3651/1894/1272
f 3644/1895/1265 3651/1896/1272 3645/1897/1266
f 3652/1898/1273 3653/1899/1274 3651/1894/1272
f 3652/1898/1273 3651/1894/1272 3650/1893/1271
f 3654/1900/1275 3655/1901/1276 3651/1894/1272
f 3654/1900/1275 3651/1894/1272 3653/1899/1274
f 3656/1902/1277 3657/1903/1278 3651/1894/1272
f 3656/1902/1277 3651/1894/1272 3655/1901/1276
f 3646/1888/1267 3645/1887/1266 3651/1894/1272
f 3646/1888/1267 3651/1894/1272 3657/1903/1278
f 3654/1900/1275 3658/1904/1279 3659/1905/1280
f 3654/1900/1275 3659/1905/1280 3655/1901/1276
f 3636/1876/1257 3635/1875/1256 3659/1906/1280
f 3636/1876/1257 3659/1906/1280 3658/1907/1279
f 3634/1874/1255 3660/1908/1281 3659/1906/1280
f 3634/1874/1255 3659/1906/1280 3635/1875/1256
f 3661/1909/1282 3662/1910/1283 3659/1911/1280
f 3661/1909/1282 3659/1911/1280 3660/1912/1281
f 3663/1913/1284 3664/1914/1285 3659/1911/1280
f 3663/1913/1284 3659/1911/1280 3662/1910/1283
f 3656/1902/1277 3655/1901/1276 3659/1905/1280
f 3656/1902/1277 3659/1905/1280 3664/1915/1285
f 3648/1916/1269 3665/1917/1286 3666/1918/1287
f 3648/1916/1269 3666/1918/1287 3649/1919/1270
f 3663/1913/1284 3662/1910/1283 3666/1920/1287
f 3663/1921/1284 3666/1922/1287 3665/1923/1286
f 3661/1924/1282 3667/1925/1288 3666/1926/1287
f 3661/1909/1282 3666/1920/1287 3662/1910/1283
f 3640/1880/1261 3639/1879/1260 3666/1927/1287
f 3640/1880/1261 3666/1927/1287 3667/1928/1288
f 3616/1853/1237 3615/1852/1236 3666/1927/1287
f 3616/1853/1237 3666/1927/1287 3639/1879/1260
f 3614/1850/1235 3649/1919/1270 3666/1918/1287
f 3614/1850/1235 3666/1918/1287 3615/1851/1236
f 3652/1898/1273 3668/1929/1289 3669/1930/1290
f 3652/1898/1273 3669/1930/1290 3653/1899/1274
f 3670/1931/1291 3671/1932/1292 3669/1930/1290
f 3670/1931/1291 3669/1930/1290 3668/1929/1289
f 3672/1933/1293 3673/1934/1294 3669/1930/1290
f 3672/1933/1293 3669/1930/1290 3671/1932/1292
f 3674/1935/1295 3675/1936/1296 3669/1930/1290
f 3674/1935/1295 3669/1930/1290 3673/1934/1294
f 3654/1900/1275 3653/1899/1274 3669/1930/1290
f 3654/1900/1275 3669/1930/1290 3675/1936/1296
f 3670/1931/1291 3676/1937/1297 3677/1938/1298
f 3670/1931/1291 3677/1938/1298 3671/1932/1292
f 3617/1854/1238 3620/1857/1241 3677/1938/1298
f 3617/1854/1238 3677/1938/1298 3676/1937/1297
f 3625/1865/1246 3678/1939/1299 3677/1938/1298
f 3625/1865/1246 3677/1938/1298 3620/1857/1241
f 3679/1940/1300 3680/1941/1301 3677/1938/1298
f 3679/1940/1300 3677/1938/1298 3678/1939/1299
f 3672/1933/1293 3671/1932/1292 3677/1938/1298
f 3672/1933/1293 3677/1938/1298 3680/1941/1301
f 3621/1942/1242 3681/1943/1302 3682/1944/1303
f 3621/1942/1242 3682/1944/1303 3622/1945/1243
f 3683/1946/1304 3684/1947/1305 3682/1944/1303
f 3683/1946/1304 3682/1944/1303 3681/1943/1302
f 3685/1948/1306 3686/1949/1307 3682/1944/1303
f 3685/1948/1306 3682/1944/1303 3684/1947/1305
f 3687/1950/1308 3688/1951/1309 3682/1944/1303
f 3687/1950/1308 3682/1944/1303 3686/1949/1307
f 3623/1952/1244 3622/1945/1243 3682/1944/1303
f 3623/1952/1244 3682/1944/1303 3688/1951/1309
f 3683/1946/1304 3689/1953/1310 3690/1954/1311
f 3683/1946/1304 3690/1954/1311 3684/1947/1305
f 3626/1866/1247 3629/1869/1250 3690/1954/1311
f 3626/1866/1247 3690/1954/1311 3689/1953/1310
f 3636/1876/1257 3691/1955/1312 3690/1954/1311
f 3636/1876/1257 3690/1954/1311 3629/1869/1250
f 3692/1956/1313 3693/1957/1314 3690/1954/1311
f 3692/1956/1313 3690/1954/1311 3691/1955/1312
f 3685/1948/1306 3684/1947/1305 3690/1954/1311
f 3685/1948/1306 3690/1954/1311 3693/1957/1314
f 3674/1935/1295 3694/1958/1315 3695/1959/1316
f 3674/1935/1295 3695/1959/1316 3675/1936/1296
f 3696/1960/1317 3697/1961/1318 3695/1962/1316
f 3696/1960/1317 3695/1962/1316 3694/1963/1315
f 3698/1964/1319 3699/1965/1320 3695/1966/1316
f 3698/1967/1319 3695/1968/1316 3697/1969/1318
f 3692/1956/1313 3691/1955/1312 3695/1970/1316
f 3692/1956/1313 3695/1970/1316 3699/1971/1320
f 3636/1876/1257 3658/1907/1279 3695/1970/1316
f 3636/1876/1257 3695/1970/1316 3691/1955/1312
f 3654/1900/1275 3675/1936/1296 3695/1959/1316
f 3654/1900/1275 3695/1959/1316 3658/1904/1279
f 3623/1972/1244 3688/1973/1309 3700/1974/1321
f 3623/1975/1244 3700/1976/1321 3624/1977/1245
f 3687/1950/1308 3701/1978/1322 3700/1979/1321
f 3687/1950/1308 3700/1979/1321 3688/1951/1309
f 3698/1967/1319 3697/1969/1318 3700/1980/1321
f 3698/1967/1319 3700/1980/1321 3701/1981/1322
f 3696/1982/1317 3702/1983/1323 3700/1984/1321
f 3696/1960/1317 3700/1985/1321 3697/1961/1318
f 3679/1940/1300 3678/1939/1299 3700/1986/1321
f 3679/1940/1300 3700/1986/1321 3702/1987/1323
f 3625/1865/1246 3624/1864/1245 3700/1986/1321
f 3625/1865/1246 3700/1986/1321 3678/1939/1299
f 3703/1988/1324 3704/1989/1325 3705/1990/1326
f 3703/1988/1324 3705/1990/1326 3706/1991/1258
f 3704/1992/1325 3578/1782/1202 3591/1806/1214
f 3704/1992/1325 3591/1806/1214 3705/1993/1326
f 3705/1993/1326 3591/1806/1214 3590/1805/1213
f 3705/1993/1326 3590/1805/1213 3707/1994/1327
f 3706/1991/1258 3705/1990/1326 3707/1995/1327
f 3706/1991/1258 3707/1995/1327 3708/1996/1328
f 3709/1997/1247 3710/1998/1329 3711/1999/1330
f 3709/1997/1247 3711/1999/1330 3712/2000/1331
f 3710/2001/1329 3548/1752/1176 3579/1783/1203
f 3710/2001/1329 3579/1783/1203 3711/2002/1330
f 3711/2002/1330 3579/1783/1203 3578/1782/1202
f 3711/2002/1330 3578/1782/1202 3704/1992/1325
f 3712/2000/1331 3711/1999/1330 3704/1989/1325
f 3712/2000/1331 3704/1989/1325 3703/1988/1324
f 3713/2003/1332 3714/2004/1333 3715/2005/1334
f 3713/2003/1332 3715/2005/1334 3716/2006/1335
f 3714/2007/1333 3552/1756/1180 3549/1753/1177
f 3714/2007/1333 3549/1753/1177 3715/2008/1334
f 3715/2008/1334 3549/1753/1177 3548/1752/1176
f 3715/2008/1334 3548/1752/1176 3710/2001/1329
f 3716/2006/1335 3715/2005/1334 3710/1998/1329
f 3716/2006/1335 3710/1998/1329 3709/1997/1247
f 3717/2009/1336 3718/2010/1337 3719/2011/1338
f 3717/2012/1336 3719/2013/1338 3720/2014/1339
f 3718/2010/1337 3539/1813/1167 3596/1811/1218
f 3718/2010/1337 3596/1811/1218 3719/2011/1338
f 3719/2011/1338 3596/1811/1218 3552/1756/1180
f 3719/2011/1338 3552/1756/1180 3714/2007/1333
f 3720/2014/1339 3719/2013/1338 3714/2004/1333
f 3720/2014/1339 3714/2004/1333 3713/2003/1332
f 3721/2015/1340 3722/2016/1341 3723/2017/1342
f 3721/2015/1340 3723/2017/1342 3724/2018/1343
f 3722/2019/1341 3543/1747/1171 3540/1744/1168
f 3722/2016/1341 3540/2020/1168 3723/2017/1342
f 3723/2021/1342 3540/1744/1168 3539/1743/1167
f 3723/2021/1342 3539/1743/1167 3718/2022/1337
f 3724/2023/1343 3723/2021/1342 3718/2022/1337
f 3724/2023/1343 3718/2022/1337 3717/2024/1336
f 3725/2025/1344 3726/2026/1345 3727/2027/1346
f 3725/2025/1344 3727/2027/1346 3728/2028/1347
f 3726/2026/1345 3530/1734/1158 3605/1835/1226
f 3726/2026/1345 3605/1835/1226 3727/2027/1346
f 3727/2027/1346 3605/1835/1226 3543/1834/1171
f 3727/2027/1346 3543/1834/1171 3722/2029/1341
f 3728/2030/1347 3727/2031/1346 3722/2016/1341
f 3728/2030/1347 3722/2016/1341 3721/2015/1340
f 3729/2032/1348 3730/2033/1349 3731/2034/1350
f 3729/2032/1348 3731/2034/1350 3732/2035/1289
f 3730/2033/1349 3534/1738/1162 3531/1735/1159
f 3730/2033/1349 3531/1735/1159 3731/2034/1350
f 3731/2034/1350 3531/1735/1159 3530/1734/1158
f 3731/2034/1350 3530/1734/1158 3726/2026/1345
f 3732/2035/1289 3731/2034/1350 3726/2026/1345
f 3732/2035/1289 3726/2026/1345 3725/2025/1344
f 3733/2036/1351 3734/2037/1352 3735/2038/1353
f 3733/2036/1351 3735/2038/1353 3736/2039/1354
f 3734/2037/1352 3568/1772/1194 3566/1770/1192
f 3734/2037/1352 3566/1770/1192 3735/2038/1353
f 3735/2038/1353 3566/1770/1192 3534/1738/1162
f 3735/2038/1353 3534/1738/1162 3730/2033/1349
f 3736/2039/1354 3735/2038/1353 3730/2033/1349
f 3736/2039/1354 3730/2033/1349 3729/2032/1348
f 3612/2040/1233 3737/2041/1355 3738/2042/1356
f 3612/2040/1233 3738/2042/1356 3739/2043/1357
f 3737/2041/1355 3521/1790/1149 3584/1788/1207
f 3737/2041/1355 3584/1788/1207 3738/2042/1356
f 3738/2042/1356 3584/1788/1207 3568/1772/1194
f 3738/2042/1356 3568/1772/1194 3734/2037/1352
f 3739/2043/1357 3738/2042/1356 3734/2037/1352
f 3739/2043/1357 3734/2037/1352 3733/2036/1351
f 3608/1842/1229 3740/2044/1358 3741/2045/1359
f 3608/2046/1229 3741/2047/1359 3609/2048/1230
f 3740/2044/1358 3525/1729/1153 3522/1726/1150
f 3740/2044/1358 3522/1726/1150 3741/2045/1359
f 3741/2045/1359 3522/1726/1150 3521/1725/1149
f 3741/2045/1359 3521/1725/1149 3737/2049/1355
f 3609/1843/1230 3741/2045/1359 3737/2049/1355
f 3609/1843/1230 3737/2049/1355 3612/1848/1233
s 114
f 1225/2050/1360 1226/2051/1361 1227/2052/1362
f 1225/2053/1360 1227/2054/1362 1228/2055/1363
f 1229/2056/1364 1230/2057/1365 1227/2054/1362
f 1229/2056/1364 1227/2054/1362 1226/2058/1361
f 1231/2059/1366 1228/2055/1363 1227/2054/1362
f 1231/2059/1366 1227/2054/1362 1230/2057/1365
f 1229/2056/1364 1232/2060/1367 1233/2061/1368
f 1229/2056/1364 1233/2061/1368 1230/2057/1365
f 1234/2062/1369 1235/2063/1370 1233/2061/1368
f 1234/2062/1369 1233/2061/1368 1232/2060/1367
f 1231/2059/1366 1230/2057/1365 1233/2061/1368
f 1231/2059/1366 1233/2061/1368 1235/2063/1370
f 1234/2062/1369 1236/2064/1371 1237/2065/1372
f 1234/2062/1369 1237/2065/1372 1235/2063/1370
f 1238/2066/1373 1239/2067/1374 1237/2068/1372
f 1238/2066/1373 1237/2068/1372 1236/2069/1371
f 1231/2070/1366 1235/2071/1370 1237/2068/1372
f 1231/2070/1366 1237/2068/1372 1239/2067/1374
f 1238/2066/1373 1240/2072/1375 1241/2073/1376
f 1238/2066/1373 1241/2073/1376 1239/2067/1374
f 1242/2074/1377 1243/2075/1378 1241/2073/1376
f 1242/2074/1377 1241/2073/1376 1240/2072/1375
f 1231/2070/1366 1239/2067/1374 1241/2073/1376
f 1231/2070/1366 1241/2073/1376 1243/2075/1378
f 1242/2074/1377 1244/2076/1379 1245/2077/1380
f 1242/2074/1377 1245/2077/1380 1243/2075/1378
f 1246/2078/1381 1247/2079/1382 1245/2080/1380
f 1246/2078/1381 1245/2080/1380 1244/2081/1379
f 1231/2070/1366 1243/2075/1378 1245/2077/1380
f 1231/2082/1366 1245/2080/1380 1247/2079/1382
f 1246/2078/1381 1248/2083/1383 1249/2084/1384
f 1246/2078/1381 1249/2084/1384 1247/2079/1382
f 1250/2085/1385 1251/2086/1386 1249/2084/1384
f 1250/2085/1385 1249/2084/1384 1248/2083/1383
f 1231/2082/1366 1247/2079/1382 1249/2084/1384
f 1231/2082/1366 1249/2084/1384 1251/2086/1386
f 1250/2085/1385 1252/2087/1387 1253/2088/1388
f 1250/2085/1385 1253/2088/1388 1251/2086/1386
f 1254/2089/1389 1255/2090/1390 1253/2091/1388
f 1254/2089/1389 1253/2091/1388 1252/2092/1387
f 1231/2093/1366 1251/2094/1386 1253/2091/1388
f 1231/2093/1366 1253/2091/1388 1255/2090/1390
f 1254/2089/1389 1256/2095/1391 1257/2096/1392
f 1254/2089/1389 1257/2096/1392 1255/2090/1390
f 1258/2097/1393 1259/2098/1394 1257/2096/1392
f 1258/2097/1393 1257/2096/1392 1256/2095/1391
f 1231/2093/1366 1255/2090/1390 1257/2096/1392
f 1231/2093/1366 1257/2096/1392 1259/2098/1394
s 115
f 1260/2099/1395 1261/2100/1396 1262/2101/1397
f 1260/2099/1395 1262/2101/1397 1263/2102/1398
f 1261/2103/1396 1264/2104/1399 1265/2105/1400
f 1261/2103/1396 1265/2105/1400 1262/2106/1397
f 1262/2106/1397 1265/2105/1400 1266/2107/1401
f 1262/2106/1397 1266/2107/1401 1267/2108/1402
f 1263/2102/1398 1262/2101/1397 1267/2109/1402
f 1263/2102/1398 1267/2109/1402 1268/2110/1403
f 1264/2104/1399 1261/2103/1396 1269/2111/1404
f 1264/2104/1399 1269/2111/1404 1270/2112/1405
f 1261/2113/1396 1260/2114/1395 1271/2115/1406
f 1261/2100/1396 1271/2116/1406 1269/2117/1404
f 1269/2117/1404 1271/2116/1406 1272/2118/1407
f 1269/2119/1404 1272/2120/1407 1273/2121/1408
f 1270/2122/1405 1269/2119/1404 1273/2121/1408
f 1270/2122/1405 1273/2121/1408 1274/2123/1409
f 1274/2123/1409 1273/2121/1408 1275/2124/1410
f 1274/2123/1409 1275/2124/1410 1276/2125/1411
f 1273/2121/1408 1272/2120/1407 1277/2126/1412
f 1273/2121/1408 1277/2126/1412 1275/2124/1410
f 1275/2124/1410 1277/2126/1412 1278/2127/1413
f 1275/2124/1410 1278/2127/1413 1279/2128/1414
f 1276/2125/1411 1275/2124/1410 1279/2128/1414
f 1276/2125/1411 1279/2128/1414 1280/2129/1415
f 1280/2129/1415 1279/2128/1414 1281/2130/1416
f 1280/2129/1415 1281/2130/1416 1282/2131/1417
f 1279/2128/1414 1278/2127/1413 1283/2132/1418
f 1279/2133/1414 1283/2134/1418 1281/2135/1416
f 1281/2135/1416 1283/2134/1418 1284/2136/1419
f 1281/2135/1416 1284/2136/1419 1285/2137/1420
f 1282/2138/1417 1281/2139/1416 1285/2140/1420
f 1282/2138/1417 1285/2140/1420 1286/2141/1421
f 1286/2141/1421 1285/2140/1420 1287/2142/1422
f 1286/2141/1421 1287/2142/1422 1288/2143/1423
f 1285/2137/1420 1284/2136/1419 1289/2144/1424
f 1285/2137/1420 1289/2144/1424 1287/2145/1422
f 1287/2145/1422 1289/2144/1424 1290/2146/1425
f 1287/2145/1422 1290/2146/1425 1291/2147/1426
f 1288/2143/1423 1287/2142/1422 1291/2148/1426
f 1288/2143/1423 1291/2148/1426 1292/2149/1427
f 1292/2150/1427 1291/2151/1426 1293/2152/1428
f 1292/2150/1427 1293/2152/1428 1294/2153/1429
f 1291/2147/1426 1290/2146/1425 1295/2154/1430
f 1291/2147/1426 1295/2154/1430 1293/2155/1428
f 1293/2155/1428 1295/2154/1430 1296/2156/1431
f 1293/2155/1428 1296/2156/1431 1297/2157/1432
f 1294/2153/1429 1293/2152/1428 1297/2158/1432
f 1294/2153/1429 1297/2158/1432 1298/2159/1433
f 1298/2159/1433 1297/2158/1432 1299/2160/1434
f 1298/2159/1433 1299/2160/1434 1300/2161/1435
f 1297/2157/1432 1296/2156/1431 1301/2162/1436
f 1297/2157/1432 1301/2162/1436 1299/2163/1434
f 1299/2163/1434 1301/2162/1436 1302/2164/1437
f 1299/2163/1434 1302/2164/1437 1303/2165/1438
f 1300/2161/1435 1299/2160/1434 1303/2166/1438
f 1300/2161/1435 1303/2166/1438 1304/2167/1439
f 1304/2167/1439 1303/2166/1438 1305/2168/1440
f 1304/2167/1439 1305/2168/1440 1306/2169/1441
f 1303/2165/1438 1302/2164/1437 1307/2170/1442
f 1303/2165/1438 1307/2170/1442 1305/2171/1440
f 1305/2171/1440 1307/2170/1442 1268/2110/1403
f 1305/2171/1440 1268/2110/1403 1267/2109/1402
f 1306/2172/1441 1305/2173/1440 1267/2108/1402
f 1306/2172/1441 1267/2108/1402 1266/2107/1401
f 1260/2099/1395 1263/2102/1398 1308/2174/1443
f 1260/2099/1395 1308/2174/1443 1271/2116/1406
f 1268/2110/1403 1307/2170/1442 1308/2174/1443
f 1268/2110/1403 1308/2174/1443 1263/2102/1398
f 1302/2164/1437 1301/2162/1436 1308/2174/1443
f 1302/2164/1437 1308/2174/1443 1307/2170/1442
f 1296/2156/1431 1295/2154/1430 1308/2174/1443
f 1296/2156/1431 1308/2174/1443 1301/2162/1436
f 1290/2146/1425 1289/2144/1424 1308/2174/1443
f 1290/2146/1425 1308/2174/1443 1295/2154/1430
f 1284/2136/1419 1283/2134/1418 1308/2174/1443
f 1284/2136/1419 1308/2174/1443 1289/2144/1424
f 1278/2175/1413 1277/2176/1412 1308/2174/1443
f 1278/2175/1413 1308/2174/1443 1283/2134/1418
f 1272/2118/1407 1271/2116/1406 1308/2174/1443
f 1272/2118/1407 1308/2174/1443 1277/2176/1412
s 114
f 1309/2177/1444 1310/2178/1405 1311/2179/1445
f 1309/2177/1444 1311/2179/1445 1312/2180/1446
f 1310/2181/1405 1313/2182/1409 1314/2183/1447
f 1310/2181/1405 1314/2183/1447 1311/2184/1445
f 1311/2184/1445 1314/2183/1447 1229/2056/1364
f 1311/2184/1445 1229/2056/1364 1226/2058/1361
f 1312/2180/1446 1311/2179/1445 1226/2051/1361
f 1312/2180/1446 1226/2051/1361 1225/2050/1360
f 1313/2182/1409 1315/2185/1448 1316/2186/1449
f 1313/2182/1409 1316/2186/1449 1314/2183/1447
f 1315/2185/1448 1317/2187/1450 1318/2188/1451
f 1315/2185/1448 1318/2188/1451 1316/2186/1449
f 1316/2186/1449 1318/2188/1451 1234/2062/1369
f 1316/2186/1449 1234/2062/1369 1232/2060/1367
f 1314/2183/1447 1316/2186/1449 1232/2060/1367
f 1314/2183/1447 1232/2060/1367 1229/2056/1364
f 1317/2187/1450 1319/2189/1417 1320/2190/1452
f 1317/2187/1450 1320/2190/1452 1318/2188/1451
f 1319/2191/1417 1321/2192/1421 1322/2193/1453
f 1319/2191/1417 1322/2193/1453 1320/2194/1452
f 1320/2194/1452 1322/2193/1453 1238/2066/1373
f 1320/2194/1452 1238/2066/1373 1236/2069/1371
f 1318/2188/1451 1320/2190/1452 1236/2064/1371
f 1318/2188/1451 1236/2064/1371 1234/2062/1369
f 1321/2192/1421 1323/2195/1423 1324/2196/1454
f 1321/2192/1421 1324/2196/1454 1322/2193/1453
f 1323/2195/1423 1325/2197/1427 1326/2198/1455
f 1323/2195/1423 1326/2198/1455 1324/2196/1454
f 1324/2196/1454 1326/2198/1455 1242/2074/1377
f 1324/2196/1454 1242/2074/1377 1240/2072/1375
f 1322/2193/1453 1324/2196/1454 1240/2072/1375
f 1322/2193/1453 1240/2072/1375 1238/2066/1373
f 1325/2199/1427 1327/2200/1429 1328/2201/1456
f 1325/2197/1427 1328/2202/1456 1326/2198/1455
f 1327/2200/1429 1329/2203/1433 1330/2204/1457
f 1327/2200/1429 1330/2204/1457 1328/2201/1456
f 1328/2201/1456 1330/2204/1457 1246/2078/1381
f 1328/2201/1456 1246/2078/1381 1244/2081/1379
f 1326/2198/1455 1328/2202/1456 1244/2076/1379
f 1326/2198/1455 1244/2076/1379 1242/2074/1377
f 1329/2203/1433 1331/2205/1458 1332/2206/1459
f 1329/2203/1433 1332/2206/1459 1330/2204/1457
f 1331/2205/1458 1333/2207/1439 1334/2208/1460
f 1331/2205/1458 1334/2208/1460 1332/2206/1459
f 1332/2206/1459 1334/2208/1460 1250/2085/1385
f 1332/2206/1459 1250/2085/1385 1248/2083/1383
f 1330/2204/1457 1332/2206/1459 1248/2083/1383
f 1330/2204/1457 1248/2083/1383 1246/2078/1381
f 1333/2207/1439 1335/2209/1461 1336/2210/1462
f 1333/2207/1439 1336/2210/1462 1334/2208/1460
f 1335/2211/1461 1337/2212/1463 1338/2213/1464
f 1335/2211/1461 1338/2213/1464 1336/2214/1462
f 1336/2214/1462 1338/2213/1464 1254/2089/1389
f 1336/2214/1462 1254/2089/1389 1252/2092/1387
f 1334/2208/1460 1336/2210/1462 1252/2087/1387
f 1334/2208/1460 1252/2087/1387 1250/2085/1385
f 1337/2212/1463 1339/2215/1465 1340/2216/1466
f 1337/2212/1463 1340/2216/1466 1338/2213/1464
f 1339/2215/1465 1341/2217/1399 1342/2218/1467
f 1339/2215/1465 1342/2218/1467 1340/2216/1466
f 1340/2216/1466 1342/2218/1467 1258/2097/1393
f 1340/2216/1466 1258/2097/1393 1256/2095/1391
f 1338/2213/1464 1340/2216/1466 1256/2095/1391
f 1338/2213/1464 1256/2095/1391 1254/2089/1389
s 116
f 1343/2219/1468 1344/2220/1469 1345/2221/1470
f 1343/2219/1468 1345/2221/1470 1346/2222/1471
f 1347/2223/1472 1348/2224/1473 1345/2221/1470
f 1347/2223/1472 1345/2221/1470 1344/2220/1469
f 1349/2225/1474 1346/2222/1471 1345/2221/1470
f 1349/2225/1474 1345/2221/1470 1348/2224/1473
f 1347/2223/1472 1350/2226/1475 1351/2227/1476
f 1347/2223/1472 1351/2227/1476 1348/2224/1473
f 1352/2228/1477 1353/2229/1478 1351/2227/1476
f 1352/2228/1477 1351/2227/1476 1350/2226/1475
f 1349/2225/1474 1348/2224/1473 1351/2227/1476
f 1349/2225/1474 1351/2227/1476 1353/2229/1478
f 1352/2230/1477 1354/2231/1479 1355/2232/1480
f 1352/2230/1477 1355/2232/1480 1353/2233/1478
f 1356/2234/1481 1357/2235/1482 1355/2232/1480
f 1356/2234/1481 1355/2232/1480 1354/2231/1479
f 1349/2236/1474 1353/2233/1478 1355/2232/1480
f 1349/2236/1474 1355/2232/1480 1357/2235/1482
f 1356/2234/1481 1358/2237/1483 1359/2238/1484
f 1356/2234/1481 1359/2238/1484 1357/2235/1482
f 1360/2239/1485 1361/2240/1486 1359/2241/1484
f 1360/2239/1485 1359/2241/1484 1358/2242/1483
f 1349/2236/1474 1357/2235/1482 1359/2238/1484
f 1349/2236/1474 1359/2238/1484 1361/2243/1486
f 1360/2239/1485 1362/2244/1487 1363/2245/1488
f 1360/2239/1485 1363/2245/1488 1361/2240/1486
f 1364/2246/1489 1365/2247/1490 1363/2245/1488
f 1364/2246/1489 1363/2245/1488 1362/2244/1487
f 1349/2248/1474 1361/2240/1486 1363/2245/1488
f 1349/2248/1474 1363/2245/1488 1365/2247/1490
f 1364/2246/1489 1366/2249/1491 1367/2250/1492
f 1364/2246/1489 1367/2250/1492 1365/2247/1490
f 1368/2251/1493 1369/2252/1494 1367/2253/1492
f 1368/2254/1493 1367/2250/1492 1366/2249/1491
f 1349/2248/1474 1365/2247/1490 1367/2250/1492
f 1349/2248/1474 1367/2250/1492 1369/2255/1494
f 1368/2251/1493 1370/2256/1495 1371/2257/1496
f 1368/2251/1493 1371/2257/1496 1369/2252/1494
f 1372/2258/1497 1373/2259/1498 1371/2257/1496
f 1372/2258/1497 1371/2257/1496 1370/2256/1495
f 1349/2260/1474 1369/2252/1494 1371/2257/1496
f 1349/2260/1474 1371/2257/1496 1373/2259/1498
f 1372/2258/1497 1374/2261/1499 1375/2262/1500
f 1372/2258/1497 1375/2262/1500 1373/2259/1498
f 1376/2263/1501 1377/2264/1502 1375/2262/1500
f 1376/2263/1501 1375/2262/1500 1374/2261/1499
f 1349/2260/1474 1373/2259/1498 1375/2262/1500
f 1349/2260/1474 1375/2262/1500 1377/2264/1502
s 117
f 1378/2265/1503 1379/2266/1504 1380/2267/1505
f 1378/2265/1503 1380/2267/1505 1381/2268/1506
f 1379/2269/1504 1382/2270/1507 1383/2271/1508
f 1379/2269/1504 1383/2271/1508 1380/2272/1505
f 1380/2272/1505 1383/2271/1508 1384/2273/1509
f 1380/2272/1505 1384/2273/1509 1385/2274/1510
f 1381/2268/1506 1380/2267/1505 1385/2275/1510
f 1381/2268/1506 1385/2275/1510 1386/2276/1511
f 1382/2277/1507 1379/2278/1504 1387/2279/1512
f 1382/2277/1507 1387/2279/1512 1388/2280/1513
f 1379/2278/1504 1378/2281/1503 1389/2282/1514
f 1379/2278/1504 1389/2282/1514 1387/2279/1512
f 1387/2279/1512 1389/2282/1514 1390/2283/1515
f 1387/2279/1512 1390/2283/1515 1391/2284/1516
f 1388/2280/1513 1387/2279/1512 1391/2284/1516
f 1388/2280/1513 1391/2284/1516 1392/2285/1517
f 1392/2285/1517 1391/2284/1516 1393/2286/1518
f 1392/2285/1517 1393/2286/1518 1394/2287/1519
f 1391/2288/1516 1390/2289/1515 1395/2290/1520
f 1391/2288/1516 1395/2290/1520 1393/2291/1518
f 1393/2291/1518 1395/2290/1520 1396/2292/1521
f 1393/2291/1518 1396/2292/1521 1397/2293/1522
f 1394/2287/1519 1393/2286/1518 1397/2294/1522
f 1394/2287/1519 1397/2294/1522 1398/2295/1523
f 1398/2296/1523 1397/2293/1522 1399/2297/1524
f 1398/2296/1523 1399/2297/1524 1400/2298/1525
f 1397/2293/1522 1396/2292/1521 1401/2299/1526
f 1397/2293/1522 1401/2299/1526 1399/2297/1524
f 1399/2297/1524 1401/2299/1526 1402/2300/1527
f 1399/2297/1524 1402/2300/1527 1403/2301/1528
f 1400/2298/1525 1399/2297/1524 1403/2301/1528
f 1400/2298/1525 1403/2301/1528 1404/2302/1529
f 1404/2302/1529 1403/2301/1528 1405/2303/1530
f 1404/2302/1529 1405/2303/1530 1406/2304/1531
f 1403/2301/1528 1402/2300/1527 1407/2305/1532
f 1403/2301/1528 1407/2305/1532 1405/2303/1530
f 1405/2303/1530 1407/2305/1532 1408/2306/1533
f 1405/2303/1530 1408/2306/1533 1409/2307/1534
f 1406/2308/1531 1405/2309/1530 1409/2310/1534
f 1406/2308/1531 1409/2310/1534 1410/2311/1535
f 1410/2311/1535 1409/2310/1534 1411/2312/1536
f 1410/2311/1535 1411/2312/1536 1412/2313/1537
f 1409/2314/1534 1408/2315/1533 1413/2316/1538
f 1409/2317/1534 1413/2318/1538 1411/2319/1536
f 1411/2320/1536 1413/2321/1538 1414/2322/1539
f 1411/2320/1536 1414/2322/1539 1415/2323/1540
f 1412/2313/1537 1411/2312/1536 1415/2324/1540
f 1412/2313/1537 1415/2324/1540 1416/2325/1541
f 1416/2325/1541 1415/2324/1540 1417/2326/1542
f 1416/2325/1541 1417/2326/1542 1418/2327/1543
f 1415/2323/1540 1414/2322/1539 1419/2328/1544
f 1415/2323/1540 1419/2328/1544 1417/2329/1542
f 1417/2329/1542 1419/2328/1544 1420/2330/1545
f 1417/2329/1542 1420/2330/1545 1421/2331/1546
f 1418/2327/1543 1417/2326/1542 1421/2332/1546
f 1418/2327/1543 1421/2332/1546 1422/2333/1547
f 1422/2334/1547 1421/2335/1546 1423/2336/1548
f 1422/2334/1547 1423/2336/1548 1424/2337/1549
f 1421/2331/1546 1420/2330/1545 1425/2338/1550
f 1421/2331/1546 1425/2338/1550 1423/2339/1548
f 1423/2339/1548 1425/2338/1550 1386/2276/1511
f 1423/2339/1548 1386/2276/1511 1385/2275/1510
f 1424/2337/1549 1423/2336/1548 1385/2274/1510
f 1424/2337/1549 1385/2274/1510 1384/2273/1509
f 1378/2265/1503 1381/2268/1506 1426/2340/1551
f 1378/2265/1503 1426/2340/1551 1389/2341/1514
f 1386/2276/1511 1425/2338/1550 1426/2340/1551
f 1386/2276/1511 1426/2340/1551 1381/2268/1506
f 1420/2330/1545 1419/2328/1544 1426/2340/1551
f 1420/2330/1545 1426/2340/1551 1425/2338/1550
f 1414/2322/1539 1413/2321/1538 1426/2340/1551
f 1414/2322/1539 1426/2340/1551 1419/2328/1544
f 1408/2342/1533 1407/2343/1532 1426/2344/1551
f 1408/2345/1533 1426/2346/1551 1413/2347/1538
f 1402/2348/1527 1401/2349/1526 1426/2350/1551
f 1402/2300/1527 1426/2351/1551 1407/2305/1532
f 1396/2292/1521 1395/2290/1520 1426/2351/1551
f 1396/2292/1521 1426/2351/1551 1401/2299/1526
f 1390/2352/1515 1389/2353/1514 1426/2354/1551
f 1390/2355/1515 1426/2356/1551 1395/2357/1520
s 116
f 1427/2358/1507 1428/2359/1513 1429/2360/1552
f 1427/2358/1507 1429/2360/1552 1430/2361/1553
f 1428/2359/1513 1431/2362/1554 1432/2363/1555
f 1428/2359/1513 1432/2363/1555 1429/2360/1552
f 1429/2360/1552 1432/2363/1555 1347/2223/1472
f 1429/2360/1552 1347/2223/1472 1344/2220/1469
f 1430/2361/1553 1429/2360/1552 1344/2220/1469
f 1430/2361/1553 1344/2220/1469 1343/2219/1468
f 1431/2362/1554 1433/2364/1519 1434/2365/1556
f 1431/2362/1554 1434/2365/1556 1432/2363/1555
f 1433/2364/1519 1435/2366/1523 1436/2367/1557
f 1433/2364/1519 1436/2367/1557 1434/2365/1556
f 1434/2365/1556 1436/2367/1557 1352/2228/1477
f 1434/2365/1556 1352/2228/1477 1350/2226/1475
f 1432/2363/1555 1434/2365/1556 1350/2226/1475
f 1432/2363/1555 1350/2226/1475 1347/2223/1472
f 1435/2368/1523 1437/2369/1525 1438/2370/1558
f 1435/2368/1523 1438/2370/1558 1436/2371/1557
f 1437/2369/1525 1439/2372/1529 1440/2373/1559
f 1437/2369/1525 1440/2373/1559 1438/2370/1558
f 1438/2370/1558 1440/2373/1559 1356/2234/1481
f 1438/2370/1558 1356/2234/1481 1354/2231/1479
f 1436/2371/1557 1438/2370/1558 1354/2231/1479
f 1436/2371/1557 1354/2231/1479 1352/2230/1477
f 1439/2372/1529 1441/2374/1560 1442/2375/1561
f 1439/2372/1529 1442/2375/1561 1440/2373/1559
f 1441/2376/1560 1443/2377/1535 1444/2378/1562
f 1441/2376/1560 1444/2378/1562 1442/2379/1561
f 1442/2379/1561 1444/2378/1562 1360/2239/1485
f 1442/2379/1561 1360/2239/1485 1358/2242/1483
f 1440/2373/1559 1442/2375/1561 1358/2237/1483
f 1440/2373/1559 1358/2237/1483 1356/2234/1481
f 1443/2377/1535 1445/2380/1537 1446/2381/1563
f 1443/2377/1535 1446/2381/1563 1444/2378/1562
f 1445/2380/1537 1447/2382/1541 1448/2383/1564
f 1445/2380/1537 1448/2383/1564 1446/2381/1563
f 1446/2381/1563 1448/2383/1564 1364/2246/1489
f 1446/2381/1563 1364/2246/1489 1362/2244/1487
f 1444/2378/1562 1446/2381/1563 1362/2244/1487
f 1444/2378/1562 1362/2244/1487 1360/2239/1485
f 1447/2382/1541 1449/2384/1565 1450/2385/1566
f 1447/2382/1541 1450/2385/1566 1448/2383/1564
f 1449/2384/1565 1451/2386/1547 1452/2387/1567
f 1449/2384/1565 1452/2387/1567 1450/2385/1566
f 1450/2385/1566 1452/2387/1567 1368/2254/1493
f 1450/2385/1566 1368/2254/1493 1366/2249/1491
f 1448/2383/1564 1450/2385/1566 1366/2249/1491
f 1448/2383/1564 1366/2249/1491 1364/2246/1489
f 1451/2388/1547 1453/2389/1549 1454/2390/1568
f 1451/2388/1547 1454/2390/1568 1452/2391/1567
f 1453/2389/1549 1455/2392/1569 1456/2393/1570
f 1453/2389/1549 1456/2393/1570 1454/2390/1568
f 1454/2390/1568 1456/2393/1570 1372/2258/1497
f 1454/2390/1568 1372/2258/1497 1370/2256/1495
f 1452/2391/1567 1454/2390/1568 1370/2256/1495
f 1452/2391/1567 1370/2256/1495 1368/2251/1493
f 1455/2392/1569 1457/2394/1508 1458/2395/1571
f 1455/2392/1569 1458/2395/1571 1456/2393/1570
f 1457/2394/1508 1459/2396/1572 1460/2397/1573
f 1457/2394/1508 1460/2397/1573 1458/2395/1571
f 1458/2395/1571 1460/2397/1573 1376/2263/1501
f 1458/2395/1571 1376/2263/1501 1374/2261/1499
f 1456/2393/1570 1458/2395/1571 1374/2261/1499
f 1456/2393/1570 1374/2261/1499 1372/2258/1497
s 118
f 1461/2398/1574 1462/2399/1575 1463/2400/1576
f 1461/2398/1574 1463/2400/1576 1464/2401/1577
f 1465/2402/1578 1466/2403/1579 1463/2400/1576
f 1465/2402/1578 1463/2400/1576 1462/2399/1575
f 1467/2404/1580 1464/2401/1577 1463/2400/1576
f 1467/2404/1580 1463/2400/1576 1466/2403/1579
f 1465/2402/1578 1468/2405/1581 1469/2406/1582
f 1465/2402/1578 1469/2406/1582 1466/2403/1579
f 1470/2407/1583 1471/2408/1584 1469/2406/1582
f 1470/2407/1583 1469/2406/1582 1468/2405/1581
f 1467/2404/1580 1466/2403/1579 1469/2406/1582
f 1467/2404/1580 1469/2406/1582 1471/2408/1584
f 1470/2409/1583 1472/2410/1585 1473/2411/1586
f 1470/2409/1583 1473/2411/1586 1471/2412/1584
f 1474/2413/1587 1475/2414/1588 1473/2411/1586
f 1474/2413/1587 1473/2411/1586 1472/2410/1585
f 1467/2415/1580 1471/2412/1584 1473/2411/1586
f 1467/2415/1580 1473/2411/1586 1475/2414/1588
f 1474/2413/1587 1476/2416/1589 1477/2417/1590
f 1474/2413/1587 1477/2417/1590 1475/2414/1588
f 1478/2418/1591 1479/2419/1592 1477/2420/1590
f 1478/2418/1591 1477/2420/1590 1476/2421/1589
f 1467/2415/1580 1475/2414/1588 1477/2417/1590
f 1467/2415/1580 1477/2417/1590 1479/2422/1592
f 1478/2418/1591 1480/2423/1593 1481/2424/1594
f 1478/2418/1591 1481/2424/1594 1479/2419/1592
f 1482/2425/1595 1483/2426/1596 1481/2424/1594
f 1482/2425/1595 1481/2424/1594 1480/2423/1593
f 1467/2427/1580 1479/2419/1592 1481/2424/1594
f 1467/2427/1580 1481/2424/1594 1483/2426/1596
f 1482/2425/1595 1484/2428/1597 1485/2429/1598
f 1482/2425/1595 1485/2429/1598 1483/2426/1596
f 1486/2430/1599 1487/2431/1600 1485/2432/1598
f 1486/2430/1599 1485/2432/1598 1484/2433/1597
f 1467/2434/1580 1483/2435/1596 1485/2436/1598
f 1467/2434/1580 1485/2436/1598 1487/2437/1600
f 1486/2430/1599 1488/2438/1601 1489/2439/1602
f 1486/2430/1599 1489/2439/1602 1487/2431/1600
f 1490/2440/1603 1491/2441/1604 1489/2439/1602
f 1490/2440/1603 1489/2439/1602 1488/2438/1601
f 1467/2442/1580 1487/2431/1600 1489/2439/1602
f 1467/2442/1580 1489/2439/1602 1491/2441/1604
f 1490/2440/1603 1492/2443/1605 1493/2444/1606
f 1490/2440/1603 1493/2444/1606 1491/2441/1604
f 1494/2445/1607 1495/2446/1608 1493/2444/1606
f 1494/2447/1607 1493/2448/1606 1492/2449/1605
f 1467/2442/1580 1491/2441/1604 1493/2444/1606
f 1467/2442/1580 1493/2444/1606 1495/2446/1608
s 119
f 1496/2450/1609 1497/2451/1610 1498/2452/1611
f 1496/2450/1609 1498/2452/1611 1499/2453/1612
f 1497/2454/1610 1500/2455/1613 1501/2456/1614
f 1497/2454/1610 1501/2456/1614 1498/2457/1611
f 1498/2458/1611 1501/2459/1614 1502/2460/1615
f 1498/2458/1611 1502/2460/1615 1503/2461/1616
f 1499/2453/1612 1498/2452/1611 1503/2462/1616
f 1499/2453/1612 1503/2462/1616 1504/2463/1617
f 1500/2455/1613 1497/2454/1610 1505/2464/1618
f 1500/2455/1613 1505/2464/1618 1506/2465/1619
f 1497/2451/1610 1496/2450/1609 1507/2466/1620
f 1497/2451/1610 1507/2466/1620 1505/2467/1618
f 1505/2467/1618 1507/2466/1620 1508/2468/1621
f 1505/2467/1618 1508/2468/1621 1509/2469/1622
f 1506/2465/1619 1505/2464/1618 1509/2470/1622
f 1506/2465/1619 1509/2470/1622 1510/2471/1623
f 1510/2471/1623 1509/2470/1622 1511/2472/1624
f 1510/2471/1623 1511/2472/1624 1512/2473/1625
f 1509/2469/1622 1508/2468/1621 1513/2474/1626
f 1509/2469/1622 1513/2474/1626 1511/2475/1624
f 1511/2475/1624 1513/2474/1626 1514/2476/1627
f 1511/2475/1624 1514/2476/1627 1515/2477/1628
f 1512/2478/1625 1511/2479/1624 1515/2480/1628
f 1512/2478/1625 1515/2480/1628 1516/2481/1629
f 1516/2481/1629 1515/2480/1628 1517/2482/1630
f 1516/2481/1629 1517/2482/1630 1518/2483/1631
f 1515/2477/1628 1514/2476/1627 1519/2484/1632
f 1515/2477/1628 1519/2484/1632 1517/2485/1630
f 1517/2485/1630 1519/2484/1632 1520/2486/1633
f 1517/2485/1630 1520/2486/1633 1521/2487/1634
f 1518/2483/1631 1517/2482/1630 1521/2488/1634
f 1518/2483/1631 1521/2488/1634 1522/2489/1635
f 1522/2489/1635 1521/2488/1634 1523/2490/1636
f 1522/2489/1635 1523/2490/1636 1524/2491/1637
f 1521/2487/1634 1520/2486/1633 1525/2492/1638
f 1521/2487/1634 1525/2492/1638 1523/2493/1636
f 1523/2493/1636 1525/2492/1638 1526/2494/1639
f 1523/2493/1636 1526/2494/1639 1527/2495/1640
f 1524/2496/1637 1523/2497/1636 1527/2498/1640
f 1524/2496/1637 1527/2498/1640 1528/2499/1641
f 1528/2499/1641 1527/2498/1640 1529/2500/1642
f 1528/2499/1641 1529/2500/1642 1530/2501/1643
f 1527/2495/1640 1526/2494/1639 1531/2502/1644
f 1527/2495/1640 1531/2502/1644 1529/2503/1642
f 1529/2503/1642 1531/2502/1644 1532/2504/1645
f 1529/2503/1642 1532/2504/1645 1533/2505/1646
f 1530/2501/1643 1529/2500/1642 1533/2506/1646
f 1530/2501/1643 1533/2506/1646 1534/2507/1647
f 1534/2507/1647 1533/2506/1646 1535/2508/1648
f 1534/2507/1647 1535/2508/1648 1536/2509/1649
f 1533/2505/1646 1532/2504/1645 1537/2510/1650
f 1533/2505/1646 1537/2510/1650 1535/2511/1648
f 1535/2511/1648 1537/2510/1650 1538/2512/1651
f 1535/2511/1648 1538/2512/1651 1539/2513/1652
f 1536/2509/1649 1535/2508/1648 1539/2514/1652
f 1536/2509/1649 1539/2514/1652 1540/2515/1653
f 1540/2516/1653 1539/2517/1652 1541/2518/1654
f 1540/2516/1653 1541/2518/1654 1542/2519/1655
f 1539/2513/1652 1538/2512/1651 1543/2520/1656
f 1539/2513/1652 1543/2520/1656 1541/2521/1654
f 1541/2521/1654 1543/2520/1656 1504/2463/1617
f 1541/2521/1654 1504/2463/1617 1503/2462/1616
f 1542/2519/1655 1541/2518/1654 1503/2461/1616
f 1542/2519/1655 1503/2461/1616 1502/2460/1615
f 1496/2450/1609 1499/2453/1612 1544/2522/1657
f 1496/2450/1609 1544/2522/1657 1507/2466/1620
f 1504/2463/1617 1543/2520/1656 1544/2522/1657
f 1504/2463/1617 1544/2522/1657 1499/2453/1612
f 1538/2512/1651 1537/2510/1650 1544/2522/1657
f 1538/2512/1651 1544/2522/1657 1543/2520/1656
f 1532/2504/1645 1531/2502/1644 1544/2522/1657
f 1532/2504/1645 1544/2522/1657 1537/2510/1650
f 1526/2494/1639 1525/2492/1638 1544/2522/1657
f 1526/2494/1639 1544/2522/1657 1531/2502/1644
f 1520/2486/1633 1519/2484/1632 1544/2522/1657
f 1520/2486/1633 1544/2522/1657 1525/2492/1638
f 1514/2476/1627 1513/2474/1626 1544/2522/1657
f 1514/2476/1627 1544/2522/1657 1519/2484/1632
f 1508/2468/1621 1507/2466/1620 1544/2522/1657
f 1508/2468/1621 1544/2522/1657 1513/2474/1626
s 118
f 1545/2523/1613 1546/2524/1619 1547/2525/1658
f 1545/2523/1613 1547/2525/1658 1548/2526/1659
f 1546/2524/1619 1549/2527/1623 1550/2528/1660
f 1546/2524/1619 1550/2528/1660 1547/2525/1658
f 1547/2525/1658 1550/2528/1660 1465/2402/1578
f 1547/2525/1658 1465/2402/1578 1462/2399/1575
f 1548/2526/1659 1547/2525/1658 1462/2399/1575
f 1548/2526/1659 1462/2399/1575 1461/2398/1574
f 1549/2527/1623 1551/2529/1661 1552/2530/1662
f 1549/2527/1623 1552/2530/1662 1550/2528/1660
f 1551/2531/1661 1553/2532/1663 1554/2533/1664
f 1551/2531/1661 1554/2533/1664 1552/2534/1662
f 1552/2530/1662 1554/2535/1664 1470/2407/1583
f 1552/2530/1662 1470/2407/1583 1468/2405/1581
f 1550/2528/1660 1552/2530/1662 1468/2405/1581
f 1550/2528/1660 1468/2405/1581 1465/2402/1578
f 1553/2532/1663 1555/2536/1631 1556/2537/1665
f 1553/2532/1663 1556/2537/1665 1554/2533/1664
f 1555/2536/1631 1557/2538/1666 1558/2539/1667
f 1555/2536/1631 1558/2539/1667 1556/2537/1665
f 1556/2537/1665 1558/2539/1667 1474/2413/1587
f 1556/2537/1665 1474/2413/1587 1472/2410/1585
f 1554/2533/1664 1556/2537/1665 1472/2410/1585
f 1554/2533/1664 1472/2410/1585 1470/2409/1583
f 1557/2538/1666 1559/2540/1637 1560/2541/1668
f 1557/2538/1666 1560/2541/1668 1558/2539/1667
f 1559/2542/1637 1561/2543/1641 1562/2544/1669
f 1559/2542/1637 1562/2544/1669 1560/2545/1668
f 1560/2545/1668 1562/2544/1669 1478/2418/1591
f 1560/2545/1668 1478/2418/1591 1476/2421/1589
f 1558/2539/1667 1560/2541/1668 1476/2416/1589
f 1558/2539/1667 1476/2416/1589 1474/2413/1587
f 1561/2543/1641 1563/2546/1643 1564/2547/1670
f 1561/2543/1641 1564/2547/1670 1562/2544/1669
f 1563/2546/1643 1565/2548/1671 1566/2549/1672
f 1563/2546/1643 1566/2549/1672 1564/2547/1670
f 1564/2547/1670 1566/2549/1672 1482/2425/1595
f 1564/2547/1670 1482/2425/1595 1480/2423/1593
f 1562/2544/1669 1564/2547/1670 1480/2423/1593
f 1562/2544/1669 1480/2423/1593 1478/2418/1591
f 1565/2548/1671 1567/2550/1649 1568/2551/1673
f 1565/2548/1671 1568/2551/1673 1566/2549/1672
f 1567/2550/1649 1569/2552/1653 1570/2553/1674
f 1567/2550/1649 1570/2553/1674 1568/2551/1673
f 1568/2551/1673 1570/2553/1674 1486/2554/1599
f 1568/2555/1673 1486/2430/1599 1484/2433/1597
f 1566/2549/1672 1568/2551/1673 1484/2428/1597
f 1566/2549/1672 1484/2428/1597 1482/2425/1595
f 1569/2556/1653 1571/2557/1675 1572/2558/1676
f 1569/2556/1653 1572/2558/1676 1570/2559/1674
f 1571/2557/1675 1573/2560/1677 1574/2561/1678
f 1571/2557/1675 1574/2561/1678 1572/2558/1676
f 1572/2558/1676 1574/2561/1678 1490/2440/1603
f 1572/2558/1676 1490/2440/1603 1488/2438/1601
f 1570/2559/1674 1572/2558/1676 1488/2438/1601
f 1570/2559/1674 1488/2438/1601 1486/2430/1599
f 1573/2560/1677 1575/2562/1614 1576/2563/1679
f 1573/2560/1677 1576/2563/1679 1574/2561/1678
f 1575/2564/1614 1577/2565/1680 1578/2566/1681
f 1575/2564/1614 1578/2566/1681 1576/2567/1679
f 1576/2567/1679 1578/2566/1681 1494/2447/1607
f 1576/2567/1679 1494/2447/1607 1492/2449/1605
f 1574/2561/1678 1576/2563/1679 1492/2443/1605
f 1574/2561/1678 1492/2443/1605 1490/2440/1603
s 120
f 1579/2568/1682 1580/2569/1683 1581/2570/1684
f 1579/2568/1682 1581/2570/1684 1582/2571/1685
f 1580/2572/1683 1583/2573/1686 1584/2574/1687
f 1580/2572/1683 1584/2574/1687 1581/2575/1684
f 1581/2575/1684 1584/2574/1687 1585/2576/1688
f 1581/2575/1684 1585/2576/1688 1586/2577/1689
f 1582/2571/1685 1581/2570/1684 1586/2578/1689
f 1582/2571/1685 1586/2578/1689 1587/2579/1690
f 1583/2573/1686 1580/2572/1683 1588/2580/1691
f 1583/2573/1686 1588/2580/1691 1589/2581/1692
f 1580/2569/1683 1579/2568/1682 1590/2582/1693
f 1580/2569/1683 1590/2582/1693 1588/2583/1691
f 1588/2583/1691 1590/2582/1693 1591/2584/1694
f 1588/2583/1691 1591/2584/1694 1592/2585/1695
f 1589/2586/1692 1588/2587/1691 1592/2588/1695
f 1589/2586/1692 1592/2588/1695 1593/2589/1696
f 1593/2589/1696 1592/2588/1695 1594/2590/1697
f 1593/2589/1696 1594/2590/1697 1595/2591/1698
f 1592/2585/1695 1591/2584/1694 1596/2592/1699
f 1592/2585/1695 1596/2592/1699 1594/2593/1697
f 1594/2593/1697 1596/2592/1699 1597/2594/1700
f 1594/2593/1697 1597/2594/1700 1598/2595/1701
f 1595/2591/1698 1594/2590/1697 1598/2596/1701
f 1595/2591/1698 1598/2596/1701 1599/2597/1702
f 1599/2597/1702 1598/2596/1701 1600/2598/1703
f 1599/2597/1702 1600/2598/1703 1601/2599/1704
f 1598/2595/1701 1597/2594/1700 1602/2600/1705
f 1598/2595/1701 1602/2600/1705 1600/2601/1703
f 1600/2601/1703 1602/2600/1705 1603/2602/1706
f 1600/2601/1703 1603/2602/1706 1604/2603/1707
f 1601/2599/1704 1600/2598/1703 1604/2604/1707
f 1601/2599/1704 1604/2604/1707 1605/2605/1708
f 1605/2606/1708 1604/2607/1707 1606/2608/1709
f 1605/2606/1708 1606/2608/1709 1607/2609/1710
f 1604/2603/1707 1603/2602/1706 1608/2610/1711
f 1604/2603/1707 1608/2610/1711 1606/2611/1709
f 1606/2611/1709 1608/2610/1711 1609/2612/1712
f 1606/2611/1709 1609/2612/1712 1610/2613/1713
f 1607/2609/1710 1606/2608/1709 1610/2614/1713
f 1607/2609/1710 1610/2614/1713 1611/2615/1714
f 1611/2615/1714 1610/2614/1713 1612/2616/1715
f 1611/2615/1714 1612/2616/1715 1613/2617/1716
f 1610/2613/1713 1609/2612/1712 1614/2618/1717
f 1610/2613/1713 1614/2618/1717 1612/2619/1715
f 1612/2619/1715 1614/2618/1717 1615/2620/1718
f 1612/2619/1715 1615/2620/1718 1616/2621/1719
f 1613/2617/1716 1612/2616/1715 1616/2622/1719
f 1613/2617/1716 1616/2622/1719 1617/2623/1720
f 1617/2624/1720 1616/2625/1719 1618/2626/1721
f 1617/2624/1720 1618/2626/1721 1619/2627/1722
f 1616/2621/1719 1615/2620/1718 1620/2628/1723
f 1616/2621/1719 1620/2628/1723 1618/2629/1721
f 1618/2629/1721 1620/2628/1723 1621/2630/1724
f 1618/2629/1721 1621/2630/1724 1622/2631/1725
f 1619/2627/1722 1618/2626/1721 1622/2632/1725
f 1619/2627/1722 1622/2632/1725 1623/2633/1726
f 1623/2633/1726 1622/2632/1725 1624/2634/1727
f 1623/2633/1726 1624/2634/1727 1625/2635/1728
f 1622/2631/1725 1621/2630/1724 1626/2636/1729
f 1622/2631/1725 1626/2636/1729 1624/2637/1727
f 1624/2637/1727 1626/2636/1729 1587/2579/1690
f 1624/2637/1727 1587/2579/1690 1586/2578/1689
f 1625/2638/1728 1624/2639/1727 1586/2577/1689
f 1625/2638/1728 1586/2577/1689 1585/2576/1688
f 1579/2568/1682 1582/2571/1685 1627/2640/1730
f 1579/2568/1682 1627/2640/1730 1590/2582/1693
f 1587/2579/1690 1626/2636/1729 1627/2640/1730
f 1587/2579/1690 1627/2640/1730 1582/2571/1685
f 1621/2630/1724 1620/2628/1723 1627/2640/1730
f 1621/2630/1724 1627/2640/1730 1626/2636/1729
f 1615/2620/1718 1614/2618/1717 1627/2640/1730
f 1615/2620/1718 1627/2640/1730 1620/2628/1723
f 1609/2612/1712 1608/2610/1711 1627/2640/1730
f 1609/2612/1712 1627/2640/1730 1614/2618/1717
f 1603/2602/1706 1602/2600/1705 1627/2640/1730
f 1603/2602/1706 1627/2640/1730 1608/2610/1711
f 1597/2594/1700 1596/2592/1699 1627/2640/1730
f 1597/2594/1700 1627/2640/1730 1602/2600/1705
f 1591/2584/1694 1590/2582/1693 1627/2640/1730
f 1591/2584/1694 1627/2640/1730 1596/2592/1699
s 121
f 1628/2641/1686 1629/2642/1692 1630/2643/1731
f 1628/2641/1686 1630/2643/1731 1631/2644/1732
f 1629/2645/1692 1632/2646/1696 1633/2647/1733
f 1629/2645/1692 1633/2647/1733 1630/2648/1731
f 1630/2648/1731 1633/2647/1733 1634/2649/1734
f 1630/2648/1731 1634/2649/1734 1635/2650/1735
f 1631/2644/1732 1630/2643/1731 1635/2651/1735
f 1631/2644/1732 1635/2651/1735 1636/2652/1736
f 1632/2646/1696 1637/2653/1698 1638/2654/1737
f 1632/2646/1696 1638/2654/1737 1633/2647/1733
f 1637/2653/1698 1639/2655/1738 1640/2656/1739
f 1637/2653/1698 1640/2656/1739 1638/2654/1737
f 1638/2654/1737 1640/2656/1739 1641/2657/1740
f 1638/2654/1737 1641/2657/1740 1642/2658/1741
f 1633/2647/1733 1638/2654/1737 1642/2658/1741
f 1633/2647/1733 1642/2658/1741 1634/2649/1734
f 1639/2655/1738 1643/2659/1704 1644/2660/1742
f 1639/2655/1738 1644/2660/1742 1640/2656/1739
f 1643/2659/1704 1645/2661/1708 1646/2662/1743
f 1643/2659/1704 1646/2662/1743 1644/2660/1742
f 1644/2660/1742 1646/2662/1743 1647/2663/1744
f 1644/2660/1742 1647/2663/1744 1648/2664/1745
f 1640/2656/1739 1644/2660/1742 1648/2664/1745
f 1640/2656/1739 1648/2664/1745 1641/2657/1740
f 1645/2665/1708 1649/2666/1710 1650/2667/1746
f 1645/2665/1708 1650/2667/1746 1646/2668/1743
f 1649/2666/1710 1651/2669/1747 1652/2670/1748
f 1649/2666/1710 1652/2670/1748 1650/2667/1746
f 1650/2667/1746 1652/2670/1748 1653/2671/1749
f 1650/2667/1746 1653/2671/1749 1654/2672/1750
f 1646/2668/1743 1650/2667/1746 1654/2672/1750
f 1646/2668/1743 1654/2672/1750 1647/2673/1744
f 1651/2669/1747 1655/2674/1751 1656/2675/1752
f 1651/2669/1747 1656/2675/1752 1652/2670/1748
f 1655/2674/1751 1657/2676/1720 1658/2677/1753
f 1655/2674/1751 1658/2677/1753 1656/2675/1752
f 1656/2675/1752 1658/2677/1753 1659/2678/1754
f 1656/2675/1752 1659/2678/1754 1660/2679/1755
f 1652/2670/1748 1656/2675/1752 1660/2679/1755
f 1652/2670/1748 1660/2679/1755 1653/2671/1749
f 1657/2680/1720 1661/2681/1722 1662/2682/1756
f 1657/2680/1720 1662/2682/1756 1658/2683/1753
f 1661/2681/1722 1663/2684/1726 1664/2685/1757
f 1661/2681/1722 1664/2685/1757 1662/2682/1756
f 1662/2682/1756 1664/2685/1757 1665/2686/1758
f 1662/2682/1756 1665/2686/1758 1666/2687/1759
f 1658/2683/1753 1662/2682/1756 1666/2687/1759
f 1658/2683/1753 1666/2687/1759 1659/2688/1754
f 1663/2684/1726 1667/2689/1728 1668/2690/1760
f 1663/2684/1726 1668/2690/1760 1664/2685/1757
f 1667/2691/1728 1669/2692/1688 1670/2693/1761
f 1667/2691/1728 1670/2693/1761 1668/2694/1760
f 1668/2694/1760 1670/2693/1761 1671/2695/1762
f 1668/2694/1760 1671/2695/1762 1672/2696/1763
f 1664/2685/1757 1668/2690/1760 1672/2697/1763
f 1664/2685/1757 1672/2697/1763 1665/2686/1758
f 1669/2692/1688 1673/2698/1687 1674/2699/1764
f 1669/2692/1688 1674/2699/1764 1670/2693/1761
f 1673/2698/1687 1675/2700/1765 1676/2701/1766
f 1673/2698/1687 1676/2701/1766 1674/2699/1764
f 1674/2699/1764 1676/2701/1766 1677/2702/1767
f 1674/2699/1764 1677/2702/1767 1678/2703/1768
f 1670/2693/1761 1674/2699/1764 1678/2703/1768
f 1670/2693/1761 1678/2703/1768 1671/2695/1762
f 1679/2704/1769 1680/2705/1770 1681/2706/1771
f 1679/2704/1769 1681/2706/1771 1682/2707/1772
f 1680/2708/1770 1683/2709/1773 1684/2710/1774
f 1680/2708/1770 1684/2710/1774 1681/2711/1771
f 1681/2711/1771 1684/2710/1774 1685/2712/1775
f 1681/2711/1771 1685/2712/1775 1686/2713/1776
f 1682/2707/1772 1681/2706/1771 1686/2714/1776
f 1682/2707/1772 1686/2714/1776 1687/2715/1777
f 1688/2709/1778 1689/2708/1779 1690/2716/1780
f 1688/2709/1778 1690/2716/1780 1691/2717/1781
f 1692/2718/1782 1693/2719/1783 1690/2720/1780
f 1692/2718/1782 1690/2720/1780 1689/2721/1779
f 1694/2722/1784 1695/2723/1785 1690/2724/1780
f 1694/2722/1784 1690/2724/1780 1693/2725/1783
f 1696/2726/1786 1697/2727/1787 1690/2728/1780
f 1696/2726/1786 1690/2728/1780 1695/2729/1785
f 1698/2730/1788 1691/2717/1781 1690/2716/1780
f 1698/2730/1788 1690/2716/1780 1697/2731/1787
f 1699/2732/1789 1700/2733/1790 1701/2734/1791
f 1699/2732/1789 1701/2734/1791 1702/2735/1792
f 1700/2736/1790 1703/2737/1793 1704/2738/1794
f 1700/2736/1790 1704/2738/1794 1701/2739/1791
f 1701/2739/1791 1704/2738/1794 1705/2740/1795
f 1701/2739/1791 1705/2740/1795 1706/2741/1796
f 1702/2735/1792 1701/2734/1791 1706/2742/1796
f 1702/2735/1792 1706/2742/1796 1707/2743/1797
f 1707/2743/1797 1706/2742/1796 1708/2744/1798
f 1707/2743/1797 1708/2744/1798 1709/2745/1799
f 1705/2746/1795 1710/2747/1800 1708/2748/1798
f 1705/2746/1795 1708/2748/1798 1706/2749/1796
f 1711/2750/1801 1712/2751/1802 1708/2752/1798
f 1711/2750/1801 1708/2752/1798 1710/2753/1800
f 1713/2754/1803 1714/2755/1804 1708/2756/1798
f 1713/2754/1803 1708/2756/1798 1712/2757/1802
f 1715/2758/1805 1709/2745/1799 1708/2744/1798
f 1715/2758/1805 1708/2744/1798 1714/2759/1804
f 1688/2709/1778 1691/2717/1781 1716/2760/1806
f 1688/2709/1778 1716/2760/1806 1717/2761/1807
f 1698/2730/1788 1718/2762/1808 1716/2760/1806
f 1698/2730/1788 1716/2760/1806 1691/2717/1781
f 1719/2763/1809 1717/2761/1807 1716/2760/1806
f 1719/2763/1809 1716/2760/1806 1718/2762/1808
f 1720/2764/1810 1721/2765/1811 1722/2766/1812
f 1720/2764/1810 1722/2766/1812 1723/2767/1813
f 1724/2768/1814 1725/2769/1815 1722/2766/1812
f 1724/2768/1814 1722/2766/1812 1721/2765/1811
f 1699/2732/1789 1723/2767/1813 1722/2766/1812
f 1699/2732/1789 1722/2766/1812 1725/2769/1815
f 1699/2732/1789 1702/2735/1792 1726/2770/1816
f 1699/2732/1789 1726/2770/1816 1723/2767/1813
f 1702/2735/1792 1707/2743/1797 1727/2771/1817
f 1702/2735/1792 1727/2771/1817 1726/2770/1816
f 1726/2770/1816 1727/2771/1817 1728/2772/1818
f 1726/2770/1816 1728/2772/1818 1729/2773/1819
f 1723/2767/1813 1726/2770/1816 1729/2773/1819
f 1723/2767/1813 1729/2773/1819 1720/2764/1810
f 1707/2743/1797 1709/2745/1799 1730/2774/1820
f 1707/2743/1797 1730/2774/1820 1727/2771/1817
f 1715/2758/1805 1731/2775/1821 1730/2774/1820
f 1715/2758/1805 1730/2774/1820 1709/2745/1799
f 1728/2772/1818 1727/2771/1817 1730/2774/1820
f 1728/2772/1818 1730/2774/1820 1731/2775/1821
f 1732/2776/1822 1733/2777/1823 1734/2778/1824
f 1732/2776/1822 1734/2778/1824 1735/2779/1825
f 1736/2780/1826 1737/2781/1827 1734/2778/1824
f 1736/2780/1826 1734/2778/1824 1733/2777/1823
f 1685/2712/1775 1735/2779/1825 1734/2778/1824
f 1685/2712/1775 1734/2778/1824 1737/2781/1827
f 1685/2712/1775 1684/2710/1774 1738/2782/1828
f 1685/2712/1775 1738/2782/1828 1735/2779/1825
f 1684/2710/1774 1683/2709/1773 1739/2761/1829
f 1684/2710/1774 1739/2761/1829 1738/2782/1828
f 1738/2782/1828 1739/2761/1829 1740/2763/1809
f 1738/2782/1828 1740/2763/1809 1741/2783/1830
f 1735/2779/1825 1738/2782/1828 1741/2783/1830
f 1735/2779/1825 1741/2783/1830 1732/2776/1822
f 1636/2652/1736 1635/2651/1735 1742/2784/1831
f 1636/2652/1736 1742/2784/1831 1743/2785/1832
f 1635/2650/1735 1634/2649/1734 1744/2786/1833
f 1635/2650/1735 1744/2786/1833 1742/2787/1831
f 1742/2787/1831 1744/2786/1833 1694/2722/1784
f 1742/2787/1831 1694/2722/1784 1693/2725/1783
f 1743/2785/1832 1742/2784/1831 1693/2719/1783
f 1743/2785/1832 1693/2719/1783 1692/2718/1782
f 1634/2649/1734 1642/2658/1741 1745/2788/1834
f 1634/2649/1734 1745/2788/1834 1744/2786/1833
f 1642/2658/1741 1641/2657/1740 1746/2789/1835
f 1642/2658/1741 1746/2789/1835 1745/2788/1834
f 1745/2788/1834 1746/2789/1835 1703/2737/1793
f 1745/2788/1834 1703/2737/1793 1747/2790/1836
f 1744/2786/1833 1745/2788/1834 1747/2790/1836
f 1744/2786/1833 1747/2790/1836 1694/2722/1784
f 1641/2657/1740 1648/2664/1745 1748/2791/1837
f 1641/2657/1740 1748/2791/1837 1746/2789/1835
f 1648/2664/1745 1647/2663/1744 1749/2792/1838
f 1648/2664/1745 1749/2792/1838 1748/2791/1837
f 1748/2791/1837 1749/2792/1838 1705/2740/1795
f 1748/2791/1837 1705/2740/1795 1704/2738/1794
f 1746/2789/1835 1748/2791/1837 1704/2738/1794
f 1746/2789/1835 1704/2738/1794 1703/2737/1793
f 1647/2673/1744 1654/2672/1750 1750/2793/1839
f 1647/2673/1744 1750/2793/1839 1749/2794/1838
f 1654/2672/1750 1653/2671/1749 1751/2795/1840
f 1654/2672/1750 1751/2795/1840 1750/2793/1839
f 1750/2796/1839 1751/2797/1840 1711/2750/1801
f 1750/2796/1839 1711/2750/1801 1710/2753/1800
f 1749/2794/1838 1750/2793/1839 1710/2747/1800
f 1749/2794/1838 1710/2747/1800 1705/2746/1795
f 1653/2671/1749 1660/2679/1755 1752/2798/1841
f 1653/2671/1749 1752/2798/1841 1751/2795/1840
f 1660/2799/1755 1659/2800/1754 1753/2801/1842
f 1660/2799/1755 1753/2801/1842 1752/2802/1841
f 1752/2802/1841 1753/2801/1842 1754/2803/1843
f 1752/2802/1841 1754/2803/1843 1755/2804/1844
f 1751/2797/1840 1752/2802/1841 1755/2804/1844
f 1751/2797/1840 1755/2804/1844 1711/2750/1801
f 1659/2688/1754 1666/2687/1759 1756/2805/1845
f 1659/2688/1754 1756/2805/1845 1753/2806/1842
f 1666/2687/1759 1665/2686/1758 1757/2807/1846
f 1666/2687/1759 1757/2807/1846 1756/2805/1845
f 1756/2805/1845 1757/2807/1846 1758/2808/1847
f 1756/2805/1845 1758/2808/1847 1759/2809/1848
f 1753/2801/1842 1756/2810/1845 1759/2811/1848
f 1753/2801/1842 1759/2811/1848 1754/2803/1843
f 1665/2686/1758 1672/2697/1763 1760/2812/1849
f 1665/2686/1758 1760/2812/1849 1757/2807/1846
f 1672/2696/1763 1671/2695/1762 1761/2813/1850
f 1672/2696/1763 1761/2813/1850 1760/2814/1849
f 1760/2814/1849 1761/2813/1850 1687/2715/1777
f 1760/2814/1849 1687/2715/1777 1762/2815/1851
f 1757/2807/1846 1760/2812/1849 1762/2816/1851
f 1757/2807/1846 1762/2816/1851 1758/2808/1847
f 1671/2695/1762 1678/2703/1768 1763/2817/1852
f 1671/2695/1762 1763/2817/1852 1761/2813/1850
f 1678/2703/1768 1677/2702/1767 1764/2818/1853
f 1678/2703/1768 1764/2818/1853 1763/2817/1852
f 1763/2817/1852 1764/2818/1853 1765/2704/1854
f 1763/2817/1852 1765/2704/1854 1766/2707/1855
f 1761/2813/1850 1763/2817/1852 1766/2707/1855
f 1761/2813/1850 1766/2707/1855 1687/2715/1777
f 1724/2768/1814 1767/2819/1856 1768/2820/1857
f 1724/2768/1814 1768/2820/1857 1725/2769/1815
f 1696/2726/1786 1695/2729/1785 1768/2821/1857
f 1696/2726/1786 1768/2821/1857 1767/2822/1856
f 1694/2722/1784 1747/2790/1836 1768/2823/1857
f 1694/2722/1784 1768/2823/1857 1695/2723/1785
f 1703/2737/1793 1700/2736/1790 1768/2823/1857
f 1703/2737/1793 1768/2823/1857 1747/2790/1836
f 1699/2732/1789 1725/2769/1815 1768/2820/1857
f 1699/2732/1789 1768/2820/1857 1700/2733/1790
f 1769/2824/1858 1770/2825/1859 1771/2826/1860
f 1769/2824/1858 1771/2826/1860 1772/2827/1861
f 1713/2828/1803 1712/2829/1802 1771/2830/1860
f 1713/2828/1803 1771/2830/1860 1770/2831/1859
f 1711/2750/1801 1755/2804/1844 1771/2832/1860
f 1711/2750/1801 1771/2832/1860 1712/2751/1802
f 1754/2803/1843 1773/2833/1862 1771/2832/1860
f 1754/2803/1843 1771/2832/1860 1755/2804/1844
f 1774/2834/1863 1775/2835/1864 1771/2836/1860
f 1774/2834/1863 1771/2836/1860 1773/2837/1862
f 1776/2838/1865 1772/2827/1861 1771/2826/1860
f 1776/2838/1865 1771/2826/1860 1775/2839/1864
f 1777/2840/1866 1778/2841/1867 1779/2842/1868
f 1777/2840/1866 1779/2842/1868 1780/2843/1869
f 1774/2834/1863 1773/2837/1862 1779/2844/1868
f 1774/2834/1863 1779/2844/1868 1778/2845/1867
f 1754/2803/1843 1759/2811/1848 1779/2846/1868
f 1754/2803/1843 1779/2846/1868 1773/2833/1862
f 1758/2808/1847 1781/2847/1870 1779/2848/1868
f 1758/2808/1847 1779/2848/1868 1759/2809/1848
f 1782/2849/1871 1783/2850/1872 1779/2851/1868
f 1782/2849/1871 1779/2851/1868 1781/2852/1870
f 1784/2853/1873 1780/2843/1869 1779/2842/1868
f 1784/2853/1873 1779/2842/1868 1783/2854/1872
f 1736/2780/1826 1785/2855/1874 1786/2856/1875
f 1736/2780/1826 1786/2856/1875 1737/2781/1827
f 1782/2849/1871 1781/2852/1870 1786/2857/1875
f 1782/2849/1871 1786/2857/1875 1785/2858/1874
f 1758/2808/1847 1762/2816/1851 1786/2859/1875
f 1758/2808/1847 1786/2859/1875 1781/2847/1870
f 1687/2715/1777 1686/2714/1776 1786/2860/1875
f 1687/2715/1777 1786/2860/1875 1762/2815/1851
f 1685/2712/1775 1737/2781/1827 1786/2856/1875
f 1685/2712/1775 1786/2856/1875 1686/2713/1776
f 1776/2838/1865 1787/2861/1876 1788/2862/1877
f 1776/2838/1865 1788/2862/1877 1772/2827/1861
f 1789/2863/1878 1790/2864/1879 1788/2862/1877
f 1789/2863/1878 1788/2862/1877 1787/2861/1876
f 1769/2824/1858 1772/2827/1861 1788/2862/1877
f 1769/2824/1858 1788/2862/1877 1790/2864/1879
f 1784/2853/1873 1791/2865/1880 1792/2866/1881
f 1784/2853/1873 1792/2866/1881 1780/2843/1869
f 1793/2867/1882 1794/2868/1883 1792/2866/1881
f 1793/2867/1882 1792/2866/1881 1791/2865/1880
f 1777/2840/1866 1780/2843/1869 1792/2866/1881
f 1777/2840/1866 1792/2866/1881 1794/2868/1883
f 1720/2764/1810 1795/2869/1884 1796/2870/1885
f 1720/2764/1810 1796/2870/1885 1721/2765/1811
f 1795/2869/1884 1719/2763/1809 1718/2762/1808
f 1795/2869/1884 1718/2762/1808 1796/2870/1885
f 1796/2870/1885 1718/2762/1808 1698/2730/1788
f 1796/2870/1885 1698/2730/1788 1797/2871/1886
f 1721/2765/1811 1796/2870/1885 1797/2871/1886
f 1721/2765/1811 1797/2871/1886 1724/2768/1814
f 1789/2863/1878 1798/2872/1887 1799/2873/1888
f 1789/2863/1878 1799/2873/1888 1790/2864/1879
f 1798/2872/1887 1728/2772/1818 1731/2775/1821
f 1798/2872/1887 1731/2775/1821 1799/2873/1888
f 1799/2873/1888 1731/2775/1821 1715/2758/1805
f 1799/2873/1888 1715/2758/1805 1800/2874/1889
f 1790/2864/1879 1799/2873/1888 1800/2874/1889
f 1790/2864/1879 1800/2874/1889 1769/2824/1858
f 1793/2867/1882 1801/2875/1890 1802/2876/1891
f 1793/2867/1882 1802/2876/1891 1794/2868/1883
f 1801/2875/1890 1789/2863/1878 1787/2861/1876
f 1801/2875/1890 1787/2861/1876 1802/2876/1891
f 1802/2876/1891 1787/2861/1876 1776/2838/1865
f 1802/2876/1891 1776/2838/1865 1803/2877/1892
f 1794/2868/1883 1802/2876/1891 1803/2877/1892
f 1794/2868/1883 1803/2877/1892 1777/2840/1866
f 1732/2776/1822 1804/2878/1893 1805/2879/1894
f 1732/2776/1822 1805/2879/1894 1733/2777/1823
f 1804/2878/1893 1793/2867/1882 1791/2865/1880
f 1804/2878/1893 1791/2865/1880 1805/2879/1894
f 1805/2879/1894 1791/2865/1880 1784/2853/1873
f 1805/2879/1894 1784/2853/1873 1806/2880/1895
f 1733/2777/1823 1805/2879/1894 1806/2880/1895
f 1733/2777/1823 1806/2880/1895 1736/2780/1826
f 1807/2776/1822 1808/2783/1830 1809/2881/1896
f 1807/2776/1822 1809/2881/1896 1810/2878/1893
f 1719/2763/1809 1795/2869/1884 1809/2881/1896
f 1719/2763/1809 1809/2881/1896 1808/2783/1830
f 1720/2764/1810 1729/2773/1819 1809/2881/1896
f 1720/2764/1810 1809/2881/1896 1795/2869/1884
f 1728/2772/1818 1798/2872/1887 1809/2881/1896
f 1728/2772/1818 1809/2881/1896 1729/2773/1819
f 1789/2863/1878 1811/2875/1890 1809/2881/1896
f 1789/2863/1878 1809/2881/1896 1798/2872/1887
f 1812/2867/1897 1810/2878/1893 1809/2881/1896
f 1812/2867/1897 1809/2881/1896 1811/2875/1890
f 1698/2730/1788 1697/2731/1787 1813/2882/1898
f 1698/2730/1788 1813/2882/1898 1797/2871/1886
f 1696/2726/1786 1767/2822/1856 1813/2883/1898
f 1696/2726/1786 1813/2883/1898 1697/2727/1787
f 1724/2768/1814 1797/2871/1886 1813/2882/1898
f 1724/2768/1814 1813/2882/1898 1767/2819/1856
f 1715/2758/1805 1714/2759/1804 1814/2884/1899
f 1715/2758/1805 1814/2884/1899 1800/2874/1889
f 1713/2828/1803 1770/2831/1859 1814/2885/1899
f 1713/2754/1803 1814/2886/1899 1714/2755/1804
f 1769/2824/1858 1800/2874/1889 1814/2884/1899
f 1769/2824/1858 1814/2884/1899 1770/2825/1859
f 1776/2838/1865 1775/2839/1864 1815/2887/1900
f 1776/2838/1865 1815/2887/1900 1803/2877/1892
f 1774/2834/1863 1778/2845/1867 1815/2888/1900
f 1774/2834/1863 1815/2888/1900 1775/2835/1864
f 1777/2840/1866 1803/2877/1892 1815/2887/1900
f 1777/2840/1866 1815/2887/1900 1778/2841/1867
f 1784/2853/1873 1783/2854/1872 1816/2889/1901
f 1784/2853/1873 1816/2889/1901 1806/2880/1895
f 1782/2849/1871 1785/2858/1874 1816/2890/1901
f 1782/2849/1871 1816/2890/1901 1783/2850/1872
f 1736/2780/1826 1806/2880/1895 1816/2889/1901
f 1736/2780/1826 1816/2889/1901 1785/2855/1874
s 122
f 1817/2891/1902 1818/2892/1903 1819/2893/1904
f 1817/2891/1902 1819/2893/1904 1820/2894/1905
f 1821/2895/1906 1822/2896/1907 1819/2893/1904
f 1821/2895/1906 1819/2893/1904 1818/2892/1903
f 1823/2897/1908 1820/2894/1905 1819/2893/1904
f 1823/2897/1908 1819/2893/1904 1822/2896/1907
f 1821/2898/1906 1824/2899/1909 1825/2900/1910
f 1821/2898/1906 1825/2900/1910 1822/2901/1907
f 1826/2902/1911 1827/2903/1912 1825/2900/1910
f 1826/2902/1911 1825/2900/1910 1824/2899/1909
f 1823/2904/1908 1822/2901/1907 1825/2900/1910
f 1823/2904/1908 1825/2900/1910 1827/2903/1912
f 1826/2902/1911 1828/2905/1913 1829/2906/1914
f 1826/2902/1911 1829/2906/1914 1827/2903/1912
f 1830/2907/1915 1831/2908/1916 1829/2906/1914
f 1830/2907/1915 1829/2906/1914 1828/2905/1913
f 1823/2904/1908 1827/2903/1912 1829/2906/1914
f 1823/2904/1908 1829/2906/1914 1831/2908/1916
f 1830/2909/1915 1832/2910/1917 1833/2911/1918
f 1830/2909/1915 1833/2911/1918 1831/2912/1916
f 1834/2913/1919 1835/2914/1920 1833/2911/1918
f 1834/2913/1919 1833/2911/1918 1832/2910/1917
f 1823/2915/1908 1831/2912/1916 1833/2911/1918
f 1823/2915/1908 1833/2911/1918 1835/2914/1920
f 1834/2913/1919 1836/2916/1921 1837/2917/1922
f 1834/2913/1919 1837/2917/1922 1835/2914/1920
f 1838/2918/1923 1839/2919/1924 1837/2917/1922
f 1838/2918/1923 1837/2917/1922 1836/2916/1921
f 1823/2915/1908 1835/2914/1920 1837/2917/1922
f 1823/2915/1908 1837/2917/1922 1839/2919/1924
f 1838/2918/1923 1840/2920/1925 1841/2921/1926
f 1838/2918/1923 1841/2921/1926 1839/2919/1924
f 1842/2922/1927 1843/2923/1928 1841/2924/1926
f 1842/2922/1927 1841/2924/1926 1840/2925/1925
f 1823/2915/1908 1839/2919/1924 1841/2921/1926
f 1823/2915/1908 1841/2921/1926 1843/2926/1928
f 1842/2922/1927 1844/2927/1929 1845/2928/1930
f 1842/2922/1927 1845/2928/1930 1843/2923/1928
f 1846/2929/1931 1847/2930/1932 1845/2931/1930
f 1846/2929/1931 1845/2931/1930 1844/2932/1929
f 1823/2933/1908 1843/2923/1928 1845/2928/1930
f 1823/2934/1908 1845/2931/1930 1847/2930/1932
f 1846/2929/1931 1848/2935/1933 1849/2936/1934
f 1846/2929/1931 1849/2936/1934 1847/2930/1932
f 1850/2937/1935 1851/2938/1936 1849/2936/1934
f 1850/2939/1935 1849/2940/1934 1848/2941/1933
f 1823/2934/1908 1847/2930/1932 1849/2936/1934
f 1823/2934/1908 1849/2936/1934 1851/2938/1936
f 1852/2942/1937 1853/2943/1938 1854/2944/1939
f 1852/2942/1937 1854/2944/1939 1855/2945/1940
f 1853/2943/1938 1856/2946/1941 1857/2947/1942
f 1853/2943/1938 1857/2947/1942 1854/2944/1939
f 1854/2944/1939 1857/2947/1942 1821/2895/1906
f 1854/2944/1939 1821/2895/1906 1818/2892/1903
f 1855/2945/1940 1854/2944/1939 1818/2892/1903
f 1855/2945/1940 1818/2892/1903 1817/2891/1902
f 1856/2948/1941 1858/2949/1943 1859/2950/1944
f 1856/2948/1941 1859/2950/1944 1857/2951/1942
f 1858/2949/1943 1860/2952/1945 1861/2953/1946
f 1858/2949/1943 1861/2953/1946 1859/2950/1944
f 1859/2950/1944 1861/2953/1946 1826/2902/1911
f 1859/2950/1944 1826/2902/1911 1824/2899/1909
f 1857/2951/1942 1859/2950/1944 1824/2899/1909
f 1857/2951/1942 1824/2899/1909 1821/2898/1906
f 1860/2952/1945 1862/2954/1947 1863/2955/1948
f 1860/2952/1945 1863/2955/1948 1861/2953/1946
f 1862/2954/1947 1864/2956/1949 1865/2957/1950
f 1862/2954/1947 1865/2957/1950 1863/2955/1948
f 1863/2955/1948 1865/2957/1950 1830/2907/1915
f 1863/2955/1948 1830/2907/1915 1828/2905/1913
f 1861/2953/1946 1863/2955/1948 1828/2905/1913
f 1861/2953/1946 1828/2905/1913 1826/2902/1911
f 1864/2958/1949 1866/2959/1951 1867/2960/1952
f 1864/2958/1949 1867/2960/1952 1865/2961/1950
f 1866/2959/1951 1868/2962/1953 1869/2963/1954
f 1866/2959/1951 1869/2963/1954 1867/2960/1952
f 1867/2960/1952 1869/2963/1954 1834/2913/1919
f 1867/2960/1952 1834/2913/1919 1832/2910/1917
f 1865/2961/1950 1867/2960/1952 1832/2910/1917
f 1865/2961/1950 1832/2910/1917 1830/2909/1915
f 1868/2962/1953 1870/2964/1955 1871/2965/1956
f 1868/2962/1953 1871/2965/1956 1869/2963/1954
f 1870/2964/1955 1872/2966/1957 1873/2967/1958
f 1870/2964/1955 1873/2967/1958 1871/2965/1956
f 1871/2965/1956 1873/2967/1958 1838/2918/1923
f 1871/2965/1956 1838/2918/1923 1836/2916/1921
f 1869/2963/1954 1871/2965/1956 1836/2916/1921
f 1869/2963/1954 1836/2916/1921 1834/2913/1919
f 1872/2968/1957 1874/2969/1959 1875/2970/1960
f 1872/2968/1957 1875/2970/1960 1873/2971/1958
f 1874/2969/1959 1876/2972/1961 1877/2973/1962
f 1874/2969/1959 1877/2973/1962 1875/2970/1960
f 1875/2970/1960 1877/2973/1962 1842/2922/1927
f 1875/2970/1960 1842/2922/1927 1840/2925/1925
f 1873/2967/1958 1875/2974/1960 1840/2920/1925
f 1873/2967/1958 1840/2920/1925 1838/2918/1923
f 1876/2972/1961 1878/2975/1963 1879/2976/1964
f 1876/2972/1961 1879/2976/1964 1877/2973/1962
f 1878/2977/1963 1880/2978/1965 1881/2979/1966
f 1878/2977/1963 1881/2979/1966 1879/2980/1964
f 1879/2980/1964 1881/2979/1966 1846/2929/1931
f 1879/2980/1964 1846/2929/1931 1844/2932/1929
f 1877/2973/1962 1879/2976/1964 1844/2927/1929
f 1877/2973/1962 1844/2927/1929 1842/2922/1927
f 1880/2978/1965 1882/2981/1967 1883/2982/1968
f 1880/2978/1965 1883/2982/1968 1881/2979/1966
f 1882/2983/1967 1884/2984/1937 1885/2985/1969
f 1882/2981/1967 1885/2986/1969 1883/2982/1968
f 1883/2987/1968 1885/2988/1969 1850/2989/1935
f 1883/2982/1968 1850/2937/1935 1848/2935/1933
f 1881/2979/1966 1883/2982/1968 1848/2935/1933
f 1881/2979/1966 1848/2935/1933 1846/2929/1931
s 123
f 1886/2990/1970 1887/2991/1971 1888/2992/1972
f 1886/2990/1970 1888/2992/1972 1889/2993/1973
f 1887/2994/1971 1890/2995/1974 1891/2996/1975
f 1887/2994/1971 1891/2996/1975 1888/2997/1972
f 1888/2998/1972 1891/2999/1975 1892/3000/1976
f 1888/2998/1972 1892/3000/1976 1893/3001/1977
f 1889/2993/1973 1888/2992/1972 1893/3002/1977
f 1889/2993/1973 1893/3002/1977 1894/3003/1978
f 1890/2995/1974 1887/2994/1971 1895/3004/1979
f 1890/2995/1974 1895/3004/1979 1896/3005/1980
f 1887/2991/1971 1886/2990/1970 1897/3006/1981
f 1887/2991/1971 1897/3006/1981 1895/3007/1979
f 1895/3007/1979 1897/3006/1981 1898/3008/1982
f 1895/3007/1979 1898/3008/1982 1899/3009/1983
f 1896/3005/1980 1895/3004/1979 1899/3010/1983
f 1896/3005/1980 1899/3010/1983 1900/3011/1984
f 1900/3012/1984 1899/3013/1983 1901/3014/1985
f 1900/3012/1984 1901/3014/1985 1902/3015/1986
f 1899/3009/1983 1898/3008/1982 1903/3016/1987
f 1899/3017/1983 1903/3018/1987 1901/3019/1985
f 1901/3020/1985 1903/3016/1987 1904/3021/1988
f 1901/3022/1985 1904/3023/1988 1905/3024/1989
f 1902/3015/1986 1901/3014/1985 1905/3025/1989
f 1902/3015/1986 1905/3025/1989 1906/3026/1990
f 1906/3026/1990 1905/3025/1989 1907/3027/1991
f 1906/3026/1990 1907/3027/1991 1908/3028/1992
f 1905/3024/1989 1904/3023/1988 1909/3029/1993
f 1905/3030/1989 1909/3031/1993 1907/3032/1991
f 1907/3032/1991 1909/3031/1993 1910/3033/1994
f 1907/3032/1991 1910/3033/1994 1911/3034/1995
f 1908/3028/1992 1907/3027/1991 1911/3035/1995
f 1908/3028/1992 1911/3035/1995 1912/3036/1996
f 1912/3037/1996 1911/3038/1995 1913/3039/1997
f 1912/3037/1996 1913/3039/1997 1914/3040/1998
f 1911/3034/1995 1910/3033/1994 1915/3041/1999
f 1911/3034/1995 1915/3041/1999 1913/3042/1997
f 1913/3042/1997 1915/3041/1999 1916/3043/2000
f 1913/3042/1997 1916/3043/2000 1917/3044/2001
f 1914/3040/1998 1913/3039/1997 1917/3045/2001
f 1914/3040/1998 1917/3045/2001 1918/3046/2002
f 1918/3046/2002 1917/3045/2001 1919/3047/2003
f 1918/3046/2002 1919/3047/2003 1920/3048/2004
f 1917/3044/2001 1916/3043/2000 1921/3049/2005
f 1917/3044/2001 1921/3049/2005 1919/3050/2003
f 1919/3050/2003 1921/3049/2005 1922/3051/2006
f 1919/3052/2003 1922/3053/2006 1923/3054/2007
f 1920/3048/2004 1919/3047/2003 1923/3055/2007
f 1920/3048/2004 1923/3055/2007 1924/3056/2008
f 1924/3057/2008 1923/3058/2007 1925/3059/2009
f 1924/3057/2008 1925/3059/2009 1926/3060/2010
f 1923/3054/2007 1922/3053/2006 1927/3061/2011
f 1923/3062/2007 1927/3063/2011 1925/3064/2009
f 1925/3064/2009 1927/3063/2011 1928/3065/2012
f 1925/3059/2009 1928/3066/2012 1929/3067/2013
f 1926/3060/2010 1925/3059/2009 1929/3067/2013
f 1926/3060/2010 1929/3067/2013 1930/3068/2014
f 1930/3069/2014 1929/3070/2013 1931/3071/2015
f 1930/3069/2014 1931/3071/2015 1932/3072/2016
f 1929/3067/2013 1928/3066/2012 1933/3073/2017
f 1929/3074/2013 1933/3075/2017 1931/3076/2015
f 1931/3076/2015 1933/3075/2017 1894/3003/1978
f 1931/3076/2015 1894/3003/1978 1893/3002/1977
f 1932/3072/2016 1931/3071/2015 1893/3001/1977
f 1932/3072/2016 1893/3001/1977 1892/3000/1976
f 1886/2990/1970 1889/2993/1973 1934/3077/2018
f 1886/2990/1970 1934/3077/2018 1897/3006/1981
f 1894/3003/1978 1933/3075/2017 1934/3077/2018
f 1894/3003/1978 1934/3077/2018 1889/2993/1973
f 1928/3065/2012 1927/3063/2011 1934/3077/2018
f 1928/3065/2012 1934/3077/2018 1933/3075/2017
f 1922/3051/2006 1921/3049/2005 1934/3077/2018
f 1922/3051/2006 1934/3077/2018 1927/3063/2011
f 1916/3043/2000 1915/3041/1999 1934/3077/2018
f 1916/3043/2000 1934/3077/2018 1921/3049/2005
f 1910/3033/1994 1909/3031/1993 1934/3077/2018
f 1910/3033/1994 1934/3077/2018 1915/3041/1999
f 1904/3021/1988 1903/3016/1987 1934/3077/2018
f 1904/3021/1988 1934/3077/2018 1909/3031/1993
f 1898/3008/1982 1897/3006/1981 1934/3077/2018
f 1898/3078/1982 1934/3079/2018 1903/3080/1987
s 122
f 1935/3081/1974 1936/3082/1980 1937/3083/2019
f 1935/3081/1974 1937/3083/2019 1938/3084/2020
f 1936/3082/1980 1939/3085/1984 1940/3086/2021
f 1936/3082/1980 1940/3086/2021 1937/3083/2019
f 1937/3083/2019 1940/3086/2021 1856/2946/1941
f 1937/3083/2019 1856/2946/1941 1853/2943/1938
f 1938/3084/2020 1937/3083/2019 1853/2943/1938
f 1938/3084/2020 1853/2943/1938 1852/2942/1937
f 1939/3087/1984 1941/3088/1986 1942/3089/2022
f 1939/3087/1984 1942/3089/2022 1940/3090/2021
f 1941/3088/1986 1943/3091/1990 1944/3092/2023
f 1941/3088/1986 1944/3092/2023 1942/3089/2022
f 1942/3089/2022 1944/3092/2023 1860/2952/1945
f 1942/3089/2022 1860/2952/1945 1858/2949/1943
f 1940/3090/2021 1942/3089/2022 1858/2949/1943
f 1940/3090/2021 1858/2949/1943 1856/2948/1941
f 1943/3091/1990 1945/3093/2024 1946/3094/2025
f 1943/3091/1990 1946/3094/2025 1944/3092/2023
f 1945/3093/2024 1947/3095/2026 1948/3096/2027
f 1945/3093/2024 1948/3096/2027 1946/3094/2025
f 1946/3094/2025 1948/3096/2027 1864/2956/1949
f 1946/3094/2025 1864/2956/1949 1862/2954/1947
f 1944/3092/2023 1946/3094/2025 1862/2954/1947
f 1944/3092/2023 1862/2954/1947 1860/2952/1945
f 1947/3097/2026 1949/3098/2028 1950/3099/2029
f 1947/3097/2026 1950/3099/2029 1948/3100/2027
f 1949/3098/2028 1951/3101/2030 1952/3102/2031
f 1949/3098/2028 1952/3102/2031 1950/3099/2029
f 1950/3099/2029 1952/3102/2031 1868/2962/1953
f 1950/3099/2029 1868/2962/1953 1866/2959/1951
f 1948/3100/2027 1950/3099/2029 1866/2959/1951
f 1948/3100/2027 1866/2959/1951 1864/2958/1949
f 1951/3101/2030 1953/3103/2004 1954/3104/2032
f 1951/3101/2030 1954/3104/2032 1952/3102/2031
f 1953/3103/2004 1955/3105/2008 1956/3106/2033
f 1953/3103/2004 1956/3106/2033 1954/3104/2032
f 1954/3104/2032 1956/3106/2033 1872/2966/1957
f 1954/3104/2032 1872/2966/1957 1870/2964/1955
f 1952/3102/2031 1954/3104/2032 1870/2964/1955
f 1952/3102/2031 1870/2964/1955 1868/2962/1953
f 1955/3107/2008 1957/3108/2034 1958/3109/2035
f 1955/3107/2008 1958/3109/2035 1956/3110/2033
f 1957/3108/2034 1959/3111/2014 1960/3112/2036
f 1957/3108/2034 1960/3112/2036 1958/3109/2035
f 1958/3109/2035 1960/3112/2036 1876/2972/1961
f 1958/3109/2035 1876/2972/1961 1874/2969/1959
f 1956/3110/2033 1958/3109/2035 1874/2969/1959
f 1956/3110/2033 1874/2969/1959 1872/2968/1957
f 1959/3113/2014 1961/3114/2037 1962/3115/2038
f 1959/3113/2014 1962/3115/2038 1960/3116/2036
f 1961/3114/2037 1963/3117/1976 1964/3118/2039
f 1961/3114/2037 1964/3118/2039 1962/3115/2038
f 1962/3115/2038 1964/3118/2039 1880/2978/1965
f 1962/3115/2038 1880/2978/1965 1878/2977/1963
f 1960/3116/2036 1962/3115/2038 1878/2977/1963
f 1960/3116/2036 1878/2977/1963 1876/3119/1961
f 1963/3117/1976 1965/3120/2040 1966/3121/2041
f 1963/3117/1976 1966/3121/2041 1964/3118/2039
f 1965/3122/2040 1967/3123/1974 1968/3124/2020
f 1965/3122/2040 1968/3124/2020 1966/3125/2041
f 1966/3125/2041 1968/3124/2020 1884/3126/1937
f 1966/3121/2041 1884/3127/1937 1882/2981/1967
f 1964/3118/2039 1966/3121/2041 1882/2981/1967
f 1964/3118/2039 1882/2981/1967 1880/2978/1965
s 124
f 3003/3128/2042 3004/3129/2043 3005/3130/2044
f 3003/3128/2042 3005/3130/2044 3006/3131/2045
f 3007/3132/2046 3008/3133/2047 3005/3130/2044
f 3007/3132/2046 3005/3130/2044 3004/3129/2043
f 3009/3134/2048 3006/3131/2045 3005/3130/2044
f 3009/3134/2048 3005/3130/2044 3008/3133/2047
f 3007/3135/2046 3010/3136/2049 3011/3137/2050
f 3007/3135/2046 3011/3137/2050 3008/3138/2047
f 3012/3139/2051 3013/3140/2052 3011/3137/2050
f 3012/3139/2051 3011/3137/2050 3010/3136/2049
f 3009/3141/2048 3008/3138/2047 3011/3137/2050
f 3009/3141/2048 3011/3137/2050 3013/3140/2052
f 3012/3139/2051 3014/3142/2053 3015/3143/2054
f 3012/3139/2051 3015/3143/2054 3013/3140/2052
f 3016/3144/2055 3017/3145/2056 3015/3143/2054
f 3016/3144/2055 3015/3143/2054 3014/3142/2053
f 3009/3141/2048 3013/3140/2052 3015/3143/2054
f 3009/3141/2048 3015/3143/2054 3017/3145/2056
f 3016/3146/2055 3018/3147/2057 3019/3148/2058
f 3016/3146/2055 3019/3148/2058 3017/3149/2056
f 3020/3150/2059 3021/3151/2060 3019/3148/2058
f 3020/3150/2059 3019/3148/2058 3018/3147/2057
f 3009/3152/2048 3017/3149/2056 3019/3148/2058
f 3009/3152/2048 3019/3148/2058 3021/3151/2060
f 3020/3150/2059 3022/3153/2061 3023/3154/2062
f 3020/3150/2059 3023/3154/2062 3021/3151/2060
f 3024/3155/2063 3025/3156/2064 3023/3157/2062
f 3024/3155/2063 3023/3157/2062 3022/3158/2061
f 3009/3159/2048 3021/3160/2060 3023/3157/2062
f 3009/3159/2048 3023/3157/2062 3025/3156/2064
f 3024/3155/2063 3026/3161/2065 3027/3162/2066
f 3024/3155/2063 3027/3162/2066 3025/3156/2064
f 3028/3163/2067 3029/3164/2068 3027/3162/2066
f 3028/3163/2067 3027/3162/2066 3026/3161/2065
f 3009/3159/2048 3025/3156/2064 3027/3162/2066
f 3009/3159/2048 3027/3162/2066 3029/3164/2068
f 3028/3163/2067 3030/3165/2069 3031/3166/2070
f 3028/3163/2067 3031/3166/2070 3029/3164/2068
f 3032/3167/2071 3033/3168/2072 3031/3169/2070
f 3032/3167/2071 3031/3169/2070 3030/3170/2069
f 3009/3159/2048 3029/3164/2068 3031/3166/2070
f 3009/3159/2048 3031/3166/2070 3033/3171/2072
f 3032/3167/2071 3034/3172/2073 3035/3173/2074
f 3032/3167/2071 3035/3173/2074 3033/3168/2072
f 3036/3174/2075 3037/3175/2076 3035/3173/2074
f 3036/3174/2075 3035/3173/2074 3034/3172/2073
f 3009/3176/2048 3033/3168/2072 3035/3173/2074
f 3009/3176/2048 3035/3173/2074 3037/3175/2076
s 125
f 3038/3177/2077 3039/3178/2078 3040/3179/2079
f 3038/3177/2077 3040/3179/2079 3041/3180/2080
f 3039/3181/2078 3042/3182/2081 3043/3183/2082
f 3039/3181/2078 3043/3183/2082 3040/3184/2079
f 3040/3184/2079 3043/3183/2082 3044/3185/2083
f 3040/3184/2079 3044/3185/2083 3045/3186/2084
f 3041/3187/2080 3040/3188/2079 3045/3189/2084
f 3041/3187/2080 3045/3189/2084 3046/3190/2085
f 3042/3182/2081 3039/3181/2078 3047/3191/2086
f 3042/3182/2081 3047/3191/2086 3048/3192/2087
f 3039/3178/2078 3038/3177/2077 3049/3193/2088
f 3039/3178/2078 3049/3193/2088 3047/3194/2086
f 3047/3194/2086 3049/3193/2088 3050/3195/2089
f 3047/3194/2086 3050/3195/2089 3051/3196/2090
f 3048/3192/2087 3047/3191/2086 3051/3197/2090
f 3048/3192/2087 3051/3197/2090 3052/3198/2091
f 3052/3199/2091 3051/3200/2090 3053/3201/2092
f 3052/3199/2091 3053/3201/2092 3054/3202/2093
f 3051/3196/2090 3050/3195/2089 3055/3203/2094
f 3051/3196/2090 3055/3203/2094 3053/3204/2092
f 3053/3204/2092 3055/3203/2094 3056/3205/2095
f 3053/3204/2092 3056/3205/2095 3057/3206/2096
f 3054/3202/2093 3053/3201/2092 3057/3207/2096
f 3054/3202/2093 3057/3207/2096 3058/3208/2097
f 3058/3208/2097 3057/3207/2096 3059/3209/2098
f 3058/3208/2097 3059/3209/2098 3060/3210/2099
f 3057/3206/2096 3056/3205/2095 3061/3211/2100
f 3057/3206/2096 3061/3211/2100 3059/3212/2098
f 3059/3212/2098 3061/3211/2100 3062/3213/2101
f 3059/3212/2098 3062/3213/2101 3063/3214/2102
f 3060/3210/2099 3059/3209/2098 3063/3215/2102
f 3060/3210/2099 3063/3215/2102 3064/3216/2103
f 3064/3217/2103 3063/3218/2102 3065/3219/2104
f 3064/3217/2103 3065/3219/2104 3066/3220/2105
f 3063/3214/2102 3062/3213/2101 3067/3221/2106
f 3063/3214/2102 3067/3221/2106 3065/3222/2104
f 3065/3222/2104 3067/3221/2106 3068/3223/2107
f 3065/3224/2104 3068/3225/2107 3069/3226/2108
f 3066/3220/2105 3065/3219/2104 3069/3227/2108
f 3066/3220/2105 3069/3227/2108 3070/3228/2109
f 3070/3228/2109 3069/3227/2108 3071/3229/2110
f 3070/3228/2109 3071/3229/2110 3072/3230/2111
f 3069/3226/2108 3068/3225/2107 3073/3231/2112
f 3069/3226/2108 3073/3231/2112 3071/3232/2110
f 3071/3232/2110 3073/3231/2112 3074/3233/2113
f 3071/3232/2110 3074/3233/2113 3075/3234/2114
f 3072/3235/2111 3071/3236/2110 3075/3237/2114
f 3072/3235/2111 3075/3237/2114 3076/3238/2115
f 3076/3238/2115 3075/3237/2114 3077/3239/2116
f 3076/3238/2115 3077/3239/2116 3078/3240/2117
f 3075/3234/2114 3074/3233/2113 3079/3241/2118
f 3075/3234/2114 3079/3241/2118 3077/3242/2116
f 3077/3242/2116 3079/3241/2118 3080/3243/2119
f 3077/3242/2116 3080/3243/2119 3081/3244/2120
f 3078/3240/2117 3077/3239/2116 3081/3245/2120
f 3078/3240/2117 3081/3245/2120 3082/3246/2121
f 3082/3247/2121 3081/3244/2120 3083/3248/2122
f 3082/3247/2121 3083/3248/2122 3084/3249/2123
f 3081/3244/2120 3080/3243/2119 3085/3250/2124
f 3081/3244/2120 3085/3250/2124 3083/3248/2122
f 3083/3248/2122 3085/3250/2124 3046/3190/2085
f 3083/3248/2122 3046/3190/2085 3045/3189/2084
f 3084/3249/2123 3083/3248/2122 3045/3189/2084
f 3084/3249/2123 3045/3189/2084 3044/3251/2083
f 3038/3177/2077 3041/3180/2080 3086/3252/2125
f 3038/3177/2077 3086/3252/2125 3049/3193/2088
f 3046/3190/2085 3085/3250/2124 3086/3253/2125
f 3046/3190/2085 3086/3253/2125 3041/3187/2080
f 3080/3243/2119 3079/3241/2118 3086/3253/2125
f 3080/3243/2119 3086/3253/2125 3085/3250/2124
f 3074/3233/2113 3073/3231/2112 3086/3253/2125
f 3074/3233/2113 3086/3253/2125 3079/3241/2118
f 3068/3254/2107 3067/3255/2106 3086/3256/2125
f 3068/3257/2107 3086/3258/2125 3073/3259/2112
f 3062/3260/2101 3061/3261/2100 3086/3262/2125
f 3062/3213/2101 3086/3252/2125 3067/3221/2106
f 3056/3205/2095 3055/3203/2094 3086/3252/2125
f 3056/3205/2095 3086/3252/2125 3061/3211/2100
f 3050/3195/2089 3049/3193/2088 3086/3252/2125
f 3050/3195/2089 3086/3252/2125 3055/3203/2094
s 124
f 3087/3263/2081 3088/3264/2126 3089/3265/2127
f 3087/3263/2081 3089/3265/2127 3090/3266/2128
f 3088/3264/2126 3091/3267/2129 3092/3268/2130
f 3088/3264/2126 3092/3268/2130 3089/3265/2127
f 3089/3265/2127 3092/3268/2130 3007/3132/2046
f 3089/3265/2127 3007/3132/2046 3004/3129/2043
f 3090/3266/2128 3089/3265/2127 3004/3129/2043
f 3090/3266/2128 3004/3129/2043 3003/3128/2042
f 3091/3269/2129 3093/3270/2093 3094/3271/2131
f 3091/3269/2129 3094/3271/2131 3092/3272/2130
f 3093/3270/2093 3095/3273/2097 3096/3274/2132
f 3093/3270/2093 3096/3274/2132 3094/3271/2131
f 3094/3271/2131 3096/3274/2132 3012/3139/2051
f 3094/3271/2131 3012/3139/2051 3010/3136/2049
f 3092/3272/2130 3094/3271/2131 3010/3136/2049
f 3092/3272/2130 3010/3136/2049 3007/3135/2046
f 3095/3273/2097 3097/3275/2133 3098/3276/2134
f 3095/3273/2097 3098/3276/2134 3096/3274/2132
f 3097/3275/2133 3099/3277/2103 3100/3278/2135
f 3097/3275/2133 3100/3278/2135 3098/3276/2134
f 3098/3276/2134 3100/3278/2135 3016/3144/2055
f 3098/3276/2134 3016/3144/2055 3014/3142/2053
f 3096/3274/2132 3098/3276/2134 3014/3142/2053
f 3096/3274/2132 3014/3142/2053 3012/3139/2051
f 3099/3279/2103 3101/3280/2136 3102/3281/2137
f 3099/3279/2103 3102/3281/2137 3100/3282/2135
f 3101/3280/2136 3103/3283/2138 3104/3284/2139
f 3101/3280/2136 3104/3284/2139 3102/3281/2137
f 3102/3281/2137 3104/3284/2139 3020/3150/2059
f 3102/3281/2137 3020/3150/2059 3018/3147/2057
f 3100/3282/2135 3102/3281/2137 3018/3147/2057
f 3100/3282/2135 3018/3147/2057 3016/3146/2055
f 3103/3283/2138 3105/3285/2111 3106/3286/2140
f 3103/3283/2138 3106/3286/2140 3104/3284/2139
f 3105/3287/2111 3107/3288/2115 3108/3289/2141
f 3105/3287/2111 3108/3289/2141 3106/3290/2140
f 3106/3290/2140 3108/3289/2141 3024/3155/2063
f 3106/3290/2140 3024/3155/2063 3022/3158/2061
f 3104/3284/2139 3106/3286/2140 3022/3153/2061
f 3104/3284/2139 3022/3153/2061 3020/3150/2059
f 3107/3288/2115 3109/3291/2142 3110/3292/2143
f 3107/3288/2115 3110/3292/2143 3108/3289/2141
f 3109/3291/2142 3111/3293/2144 3112/3294/2145
f 3109/3291/2142 3112/3294/2145 3110/3292/2143
f 3110/3292/2143 3112/3294/2145 3028/3163/2067
f 3110/3292/2143 3028/3163/2067 3026/3161/2065
f 3108/3289/2141 3110/3292/2143 3026/3161/2065
f 3108/3289/2141 3026/3161/2065 3024/3155/2063
f 3111/3293/2144 3113/3295/2146 3114/3296/2147
f 3111/3293/2144 3114/3296/2147 3112/3294/2145
f 3113/3297/2146 3115/3298/2148 3116/3299/2149
f 3113/3297/2146 3116/3299/2149 3114/3300/2147
f 3114/3300/2147 3116/3299/2149 3032/3167/2071
f 3114/3300/2147 3032/3167/2071 3030/3170/2069
f 3112/3294/2145 3114/3296/2147 3030/3165/2069
f 3112/3294/2145 3030/3165/2069 3028/3163/2067
f 3115/3298/2148 3117/3301/2150 3118/3302/2151
f 3115/3298/2148 3118/3302/2151 3116/3299/2149
f 3117/3301/2150 3119/3303/2081 3120/3304/2152
f 3117/3301/2150 3120/3304/2152 3118/3302/2151
f 3118/3302/2151 3120/3304/2152 3036/3174/2075
f 3118/3302/2151 3036/3174/2075 3034/3172/2073
f 3116/3299/2149 3118/3302/2151 3034/3172/2073
f 3116/3299/2149 3034/3172/2073 3032/3167/2071
s 126
f 3121/3305/2153 3122/3306/2154 3123/3307/2155
f 3121/3305/2153 3123/3307/2155 3124/3308/2156
f 3125/3309/2157 3126/3310/2158 3123/3311/2155
f 3125/3309/2157 3123/3311/2155 3122/3312/2154
f 3127/3313/2159 3124/3308/2156 3123/3307/2155
f 3127/3314/2159 3123/3311/2155 3126/3310/2158
f 3125/3309/2157 3128/3315/2160 3129/3316/2161
f 3125/3309/2157 3129/3316/2161 3126/3310/2158
f 3130/3317/2162 3131/3318/2163 3129/3316/2161
f 3130/3317/2162 3129/3316/2161 3128/3315/2160
f 3127/3314/2159 3126/3310/2158 3129/3316/2161
f 3127/3314/2159 3129/3316/2161 3131/3318/2163
f 3130/3317/2162 3132/3319/2164 3133/3320/2165
f 3130/3317/2162 3133/3320/2165 3131/3318/2163
f 3134/3321/2166 3135/3322/2167 3133/3320/2165
f 3134/3321/2166 3133/3320/2165 3132/3319/2164
f 3127/3314/2159 3131/3318/2163 3133/3320/2165
f 3127/3314/2159 3133/3320/2165 3135/3322/2167
f 3134/3323/2166 3136/3324/2168 3137/3325/2169
f 3134/3323/2166 3137/3325/2169 3135/3326/2167
f 3138/3327/2170 3139/3328/2171 3137/3325/2169
f 3138/3327/2170 3137/3325/2169 3136/3324/2168
f 3127/3329/2159 3135/3326/2167 3137/3325/2169
f 3127/3329/2159 3137/3325/2169 3139/3328/2171
f 3138/3327/2170 3140/3330/2172 3141/3331/2173
f 3138/3327/2170 3141/3331/2173 3139/3328/2171
f 3142/3332/2174 3143/3333/2175 3141/3331/2173
f 3142/3332/2174 3141/3331/2173 3140/3330/2172
f 3127/3329/2159 3139/3328/2171 3141/3331/2173
f 3127/3329/2159 3141/3331/2173 3143/3333/2175
f 3142/3332/2174 3144/3334/2176 3145/3335/2177
f 3142/3332/2174 3145/3335/2177 3143/3333/2175
f 3146/3336/2178 3147/3337/2179 3145/3338/2177
f 3146/3336/2178 3145/3338/2177 3144/3339/2176
f 3127/3329/2159 3143/3333/2175 3145/3335/2177
f 3127/3329/2159 3145/3335/2177 3147/3340/2179
f 3146/3336/2178 3148/3341/2180 3149/3342/2181
f 3146/3336/2178 3149/3342/2181 3147/3337/2179
f 3150/3343/2182 3151/3344/2183 3149/3342/2181
f 3150/3343/2182 3149/3342/2181 3148/3341/2180
f 3127/3345/2159 3147/3337/2179 3149/3342/2181
f 3127/3345/2159 3149/3342/2181 3151/3344/2183
f 3150/3346/2182 3152/3347/2184 3153/3348/2185
f 3150/3346/2182 3153/3348/2185 3151/3349/2183
f 3154/3350/2186 3155/3351/2156 3153/3348/2185
f 3154/3350/2186 3153/3348/2185 3152/3347/2184
f 3127/3352/2159 3151/3349/2183 3153/3348/2185
f 3127/3352/2159 3153/3348/2185 3155/3351/2156
f 3156/3353/2187 3157/3354/2188 3158/3355/2189
f 3156/3353/2187 3158/3355/2189 3159/3356/2190
f 3157/3357/2188 3160/3358/2191 3161/3359/2192
f 3157/3357/2188 3161/3359/2192 3158/3360/2189
f 3158/3360/2189 3161/3359/2192 3125/3309/2157
f 3158/3360/2189 3125/3309/2157 3122/3312/2154
f 3159/3356/2190 3158/3355/2189 3122/3361/2154
f 3159/3356/2190 3122/3361/2154 3121/3362/2153
f 3160/3358/2191 3162/3363/2193 3163/3364/2194
f 3160/3358/2191 3163/3364/2194 3161/3359/2192
f 3162/3363/2193 3164/3365/2195 3165/3366/2196
f 3162/3363/2193 3165/3366/2196 3163/3364/2194
f 3163/3364/2194 3165/3366/2196 3130/3317/2162
f 3163/3364/2194 3130/3317/2162 3128/3315/2160
f 3161/3359/2192 3163/3364/2194 3128/3315/2160
f 3161/3359/2192 3128/3315/2160 3125/3309/2157
f 3164/3365/2195 3166/3367/2197 3167/3368/2198
f 3164/3365/2195 3167/3368/2198 3165/3366/2196
f 3166/3367/2197 3168/3369/2199 3169/3370/2200
f 3166/3367/2197 3169/3370/2200 3167/3368/2198
f 3167/3368/2198 3169/3370/2200 3134/3321/2166
f 3167/3368/2198 3134/3321/2166 3132/3319/2164
f 3165/3366/2196 3167/3368/2198 3132/3319/2164
f 3165/3366/2196 3132/3319/2164 3130/3317/2162
f 3168/3371/2199 3170/3372/2201 3171/3373/2202
f 3168/3374/2199 3171/3375/2202 3169/3376/2200
f 3170/3372/2201 3172/3377/2203 3173/3378/2204
f 3170/3372/2201 3173/3378/2204 3171/3373/2202
f 3171/3373/2202 3173/3378/2204 3138/3327/2170
f 3171/3373/2202 3138/3327/2170 3136/3324/2168
f 3169/3379/2200 3171/3373/2202 3136/3324/2168
f 3169/3379/2200 3136/3324/2168 3134/3323/2166
f 3172/3377/2203 3174/3380/2205 3175/3381/2206
f 3172/3377/2203 3175/3381/2206 3173/3378/2204
f 3174/3380/2205 3176/3382/2207 3177/3383/2208
f 3174/3380/2205 3177/3383/2208 3175/3381/2206
f 3175/3381/2206 3177/3383/2208 3142/3332/2174
f 3175/3381/2206 3142/3332/2174 3140/3330/2172
f 3173/3378/2204 3175/3381/2206 3140/3330/2172
f 3173/3378/2204 3140/3330/2172 3138/3327/2170
f 3176/3384/2207 3178/3385/2209 3179/3386/2210
f 3176/3382/2207 3179/3387/2210 3177/3383/2208
f 3178/3385/2209 3180/3388/2211 3181/3389/2212
f 3178/3385/2209 3181/3389/2212 3179/3386/2210
f 3179/3386/2210 3181/3389/2212 3146/3336/2178
f 3179/3386/2210 3146/3336/2178 3144/3339/2176
f 3177/3383/2208 3179/3387/2210 3144/3334/2176
f 3177/3383/2208 3144/3334/2176 3142/3332/2174
f 3180/3388/2211 3182/3390/2213 3183/3391/2214
f 3180/3388/2211 3183/3391/2214 3181/3389/2212
f 3182/3392/2213 3184/3393/2215 3185/3394/2216
f 3182/3392/2213 3185/3394/2216 3183/3395/2214
f 3183/3395/2214 3185/3394/2216 3150/3346/2182
f 3183/3395/2214 3150/3346/2182 3148/3396/2180
f 3181/3389/2212 3183/3391/2214 3148/3341/2180
f 3181/3389/2212 3148/3341/2180 3146/3336/2178
f 3184/3393/2215 3186/3397/2217 3187/3398/2218
f 3184/3393/2215 3187/3398/2218 3185/3394/2216
f 3186/3397/2217 3188/3399/2187 3189/3400/2219
f 3186/3397/2217 3189/3400/2219 3187/3398/2218
f 3187/3398/2218 3189/3400/2219 3154/3350/2186
f 3187/3398/2218 3154/3350/2186 3152/3347/2184
f 3185/3394/2216 3187/3398/2218 3152/3347/2184
f 3185/3394/2216 3152/3347/2184 3150/3346/2182
s 127
f 3190/3401/2220 3191/3402/2221 3192/3403/2222
f 3190/3404/2220 3192/3405/2222 3193/3406/2223
f 3191/3407/2221 3194/3408/2224 3195/3409/2225
f 3191/3407/2221 3195/3409/2225 3192/3410/2222
f 3192/3411/2222 3195/3412/2225 3196/3413/2226
f 3192/3411/2222 3196/3413/2226 3197/3414/2227
f 3193/3406/2223 3192/3405/2222 3197/3415/2227
f 3193/3406/2223 3197/3415/2227 3198/3416/2228
f 3194/3417/2224 3191/3418/2221 3199/3419/2229
f 3194/3417/2224 3199/3419/2229 3200/3420/2230
f 3191/3402/2221 3190/3401/2220 3201/3421/2231
f 3191/3422/2221 3201/3423/2231 3199/3424/2229
f 3199/3425/2229 3201/3426/2231 3202/3427/2232
f 3199/3425/2229 3202/3427/2232 3203/3428/2233
f 3200/3429/2230 3199/3430/2229 3203/3431/2233
f 3200/3429/2230 3203/3431/2233 3204/3432/2234
f 3204/3432/2234 3203/3431/2233 3205/3433/2235
f 3204/3432/2234 3205/3433/2235 3206/3434/2236
f 3203/3428/2233 3202/3427/2232 3207/3435/2237
f 3203/3428/2233 3207/3435/2237 3205/3436/2235
f 3205/3437/2235 3207/3438/2237 3208/3439/2238
f 3205/3440/2235 3208/3441/2238 3209/3442/2239
f 3206/3434/2236 3205/3433/2235 3209/3443/2239
f 3206/3434/2236 3209/3443/2239 3210/3444/2240
f 3210/3444/2240 3209/3443/2239 3211/3445/2241
f 3210/3444/2240 3211/3445/2241 3212/3446/2242
f 3209/3442/2239 3208/3441/2238 3213/3447/2243
f 3209/3448/2239 3213/3449/2243 3211/3450/2241
f 3211/3450/2241 3213/3449/2243 3214/3451/2244
f 3211/3450/2241 3214/3451/2244 3215/3452/2245
f 3212/3446/2242 3211/3445/2241 3215/3453/2245
f 3212/3446/2242 3215/3453/2245 3216/3454/2246
f 3216/3455/2246 3215/3456/2245 3217/3457/2247
f 3216/3455/2246 3217/3457/2247 3218/3458/2248
f 3215/3452/2245 3214/3451/2244 3219/3459/2249
f 3215/3452/2245 3219/3459/2249 3217/3460/2247
f 3217/3460/2247 3219/3459/2249 3220/3461/2250
f 3217/3460/2247 3220/3461/2250 3221/3462/2251
f 3218/3458/2248 3217/3457/2247 3221/3463/2251
f 3218/3458/2248 3221/3463/2251 3222/3464/2252
f 3222/3464/2252 3221/3463/2251 3223/3465/2253
f 3222/3464/2252 3223/3465/2253 3224/3466/2254
f 3221/3462/2251 3220/3461/2250 3225/3467/2255
f 3221/3462/2251 3225/3467/2255 3223/3468/2253
f 3223/3468/2253 3225/3467/2255 3226/3469/2256
f 3223/3468/2253 3226/3469/2256 3227/3470/2257
f 3224/3466/2254 3223/3465/2253 3227/3471/2257
f 3224/3466/2254 3227/3471/2257 3228/3472/2258
f 3228/3473/2258 3227/3474/2257 3229/3475/2259
f 3228/3473/2258 3229/3475/2259 3230/3476/2260
f 3227/3470/2257 3226/3469/2256 3231/3477/2261
f 3227/3470/2257 3231/3477/2261 3229/3478/2259
f 3229/3478/2259 3231/3477/2261 3232/3479/2262
f 3229/3478/2259 3232/3479/2262 3233/3480/2263
f 3230/3476/2260 3229/3475/2259 3233/3481/2263
f 3230/3476/2260 3233/3481/2263 3234/3482/2264
f 3234/3482/2264 3233/3481/2263 3235/3483/2265
f 3234/3482/2264 3235/3483/2265 3236/3484/2266
f 3233/3480/2263 3232/3479/2262 3237/3485/2267
f 3233/3480/2263 3237/3485/2267 3235/3486/2265
f 3235/3486/2265 3237/3485/2267 3198/3416/2228
f 3235/3486/2265 3198/3416/2228 3197/3415/2227
f 3236/3487/2266 3235/3488/2265 3197/3414/2227
f 3236/3487/2266 3197/3414/2227 3196/3413/2226
f 3190/3404/2220 3193/3406/2223 3238/3489/2268
f 3190/3404/2220 3238/3489/2268 3201/3490/2231
f 3198/3416/2228 3237/3485/2267 3238/3489/2268
f 3198/3416/2228 3238/3489/2268 3193/3406/2223
f 3232/3479/2262 3231/3477/2261 3238/3489/2268
f 3232/3479/2262 3238/3489/2268 3237/3485/2267
f 3226/3469/2256 3225/3467/2255 3238/3489/2268
f 3226/3469/2256 3238/3489/2268 3231/3477/2261
f 3220/3461/2250 3219/3459/2249 3238/3489/2268
f 3220/3461/2250 3238/3489/2268 3225/3467/2255
f 3214/3451/2244 3213/3449/2243 3238/3489/2268
f 3214/3451/2244 3238/3489/2268 3219/3459/2249
f 3208/3439/2238 3207/3438/2237 3238/3489/2268
f 3208/3439/2238 3238/3489/2268 3213/3449/2243
f 3202/3427/2232 3201/3426/2231 3238/3491/2268
f 3202/3427/2232 3238/3491/2268 3207/3435/2237
s 126
f 3239/3492/2224 3240/3493/2230 3241/3494/2269
f 3239/3492/2224 3241/3494/2269 3242/3495/2270
f 3240/3496/2230 3243/3497/2234 3244/3498/2271
f 3240/3496/2230 3244/3498/2271 3241/3499/2269
f 3241/3499/2269 3244/3498/2271 3160/3358/2191
f 3241/3499/2269 3160/3358/2191 3157/3357/2188
f 3242/3495/2270 3241/3494/2269 3157/3354/2188
f 3242/3495/2270 3157/3354/2188 3156/3353/2187
f 3243/3497/2234 3245/3500/2236 3246/3501/2272
f 3243/3497/2234 3246/3501/2272 3244/3498/2271
f 3245/3500/2236 3247/3502/2273 3248/3503/2274
f 3245/3500/2236 3248/3503/2274 3246/3501/2272
f 3246/3501/2272 3248/3503/2274 3164/3365/2195
f 3246/3501/2272 3164/3365/2195 3162/3363/2193
f 3244/3498/2271 3246/3501/2272 3162/3363/2193
f 3244/3498/2271 3162/3363/2193 3160/3358/2191
f 3247/3502/2273 3249/3504/2275 3250/3505/2276
f 3247/3502/2273 3250/3505/2276 3248/3503/2274
f 3249/3504/2275 3251/3506/2277 3252/3507/2278
f 3249/3504/2275 3252/3507/2278 3250/3505/2276
f 3250/3505/2276 3252/3507/2278 3168/3369/2199
f 3250/3505/2276 3168/3369/2199 3166/3367/2197
f 3248/3503/2274 3250/3505/2276 3166/3367/2197
f 3248/3503/2274 3166/3367/2197 3164/3365/2195
f 3251/3508/2277 3253/3509/2248 3254/3510/2279
f 3251/3508/2277 3254/3510/2279 3252/3511/2278
f 3253/3509/2248 3255/3512/2280 3256/3513/2281
f 3253/3509/2248 3256/3513/2281 3254/3510/2279
f 3254/3510/2279 3256/3513/2281 3172/3377/2203
f 3254/3510/2279 3172/3377/2203 3170/3372/2201
f 3252/3511/2278 3254/3510/2279 3170/3372/2201
f 3252/3511/2278 3170/3372/2201 3168/3371/2199
f 3255/3512/2280 3257/3514/2254 3258/3515/2282
f 3255/3512/2280 3258/3515/2282 3256/3513/2281
f 3257/3514/2254 3259/3516/2283 3260/3517/2284
f 3257/3514/2254 3260/3517/2284 3258/3515/2282
f 3258/3515/2282 3260/3517/2284 3176/3382/2207
f 3258/3515/2282 3176/3382/2207 3174/3380/2205
f 3256/3513/2281 3258/3515/2282 3174/3380/2205
f 3256/3513/2281 3174/3380/2205 3172/3377/2203
f 3259/3518/2283 3261/3519/2285 3262/3520/2286
f 3259/3518/2283 3262/3520/2286 3260/3521/2284
f 3261/3519/2285 3263/3522/2287 3264/3523/2288
f 3261/3519/2285 3264/3523/2288 3262/3520/2286
f 3262/3520/2286 3264/3523/2288 3180/3388/2211
f 3262/3520/2286 3180/3388/2211 3178/3385/2209
f 3260/3521/2284 3262/3520/2286 3178/3385/2209
f 3260/3521/2284 3178/3385/2209 3176/3384/2207
f 3263/3524/2287 3265/3525/2289 3266/3526/2290
f 3263/3524/2287 3266/3526/2290 3264/3527/2288
f 3265/3525/2289 3267/3528/2226 3268/3529/2291
f 3265/3525/2289 3268/3529/2291 3266/3526/2290
f 3266/3526/2290 3268/3529/2291 3184/3393/2215
f 3266/3526/2290 3184/3393/2215 3182/3392/2213
f 3264/3527/2288 3266/3526/2290 3182/3392/2213
f 3264/3527/2288 3182/3392/2213 3180/3530/2211
f 3267/3528/2226 3269/3531/2225 3270/3532/2292
f 3267/3528/2226 3270/3532/2292 3268/3529/2291
f 3269/3533/2225 3271/3534/2293 3272/3535/2270
f 3269/3531/2225 3272/3536/2270 3270/3532/2292
f 3270/3532/2292 3272/3536/2270 3188/3399/2187
f 3270/3532/2292 3188/3399/2187 3186/3397/2217
f 3268/3529/2291 3270/3532/2292 3186/3397/2217
f 3268/3529/2291 3186/3397/2217 3184/3393/2215
s 128
f 1969/3537/2294 1970/3538/2295 1971/3539/2296
f 1969/3540/2294 1971/3541/2296 1972/3542/2297
f 1973/3543/2298 1974/3544/2299 1971/3545/2296
f 1973/3546/2298 1971/3547/2296 1970/3548/2295
f 1975/3549/2300 1976/3550/2301 1971/3551/2296
f 1975/3552/2300 1971/3553/2296 1974/3554/2299
f 1977/3555/2302 1978/3556/2303 1971/3557/2296
f 1977/3558/2302 1971/3559/2296 1976/3560/2301
f 1979/3561/2304 1980/3562/2305 1971/3563/2296
f 1979/3564/2304 1971/3565/2296 1978/3566/2303
f 1981/3567/2306 1982/3568/2307 1971/3569/2296
f 1981/3570/2306 1971/3539/2296 1980/3571/2305
f 1983/3572/2308 1984/3573/2309 1971/3574/2296
f 1983/3575/2308 1971/3576/2296 1982/3577/2307
f 1985/3578/2310 1972/3579/2297 1971/3580/2296
f 1985/3581/2310 1971/3582/2296 1984/3583/2309
s 129
f 1986/3584/2311 1987/3585/2312 1988/3586/2313
f 1986/3587/2311 1988/3588/2313 1989/3589/2314
f 1990/3590/2315 1991/3591/2316 1988/3588/2313
f 1990/3590/2315 1988/3588/2313 1987/3592/2312
f 1992/3593/2317 1989/3589/2314 1988/3588/2313
f 1992/3593/2317 1988/3588/2313 1991/3591/2316
f 1990/3594/2315 1993/3595/2318 1994/3596/2319
f 1990/3594/2315 1994/3596/2319 1991/3597/2316
f 1995/3598/2320 1996/3599/2321 1994/3596/2319
f 1995/3598/2320 1994/3596/2319 1993/3595/2318
f 1992/3600/2317 1991/3597/2316 1994/3596/2319
f 1992/3600/2317 1994/3596/2319 1996/3599/2321
f 1995/3601/2320 1997/3602/2322 1998/3603/2323
f 1995/3601/2320 1998/3603/2323 1996/3604/2321
f 1999/3605/2324 2000/3606/2325 1998/3603/2323
f 1999/3605/2324 1998/3603/2323 1997/3602/2322
f 1992/3607/2317 1996/3604/2321 1998/3603/2323
f 1992/3607/2317 1998/3603/2323 2000/3606/2325
f 1999/3605/2324 2001/3608/2326 2002/3609/2327
f 1999/3605/2324 2002/3609/2327 2000/3606/2325
f 2003/3610/2328 2004/3611/2329 2002/3609/2327
f 2003/3610/2328 2002/3609/2327 2001/3608/2326
f 1992/3607/2317 2000/3606/2325 2002/3609/2327
f 1992/3607/2317 2002/3609/2327 2004/3611/2329
f 2003/3610/2328 2005/3612/2330 2006/3613/2331
f 2003/3610/2328 2006/3613/2331 2004/3611/2329
f 2007/3614/2332 2008/3615/2333 2006/3616/2331
f 2007/3614/2332 2006/3616/2331 2005/3617/2330
f 1992/3618/2317 2004/3619/2329 2006/3616/2331
f 1992/3618/2317 2006/3616/2331 2008/3615/2333
f 2007/3614/2332 2009/3620/2334 2010/3621/2335
f 2007/3614/2332 2010/3621/2335 2008/3615/2333
f 2011/3622/2336 2012/3623/2337 2010/3621/2335
f 2011/3622/2336 2010/3621/2335 2009/3620/2334
f 1992/3618/2317 2008/3615/2333 2010/3621/2335
f 1992/3618/2317 2010/3621/2335 2012/3623/2337
f 2011/3622/2336 2013/3624/2338 2014/3625/2339
f 2011/3622/2336 2014/3625/2339 2012/3623/2337
f 2015/3626/2340 2016/3627/2341 2014/3628/2339
f 2015/3626/2340 2014/3628/2339 2013/3629/2338
f 1992/3630/2317 2012/3631/2337 2014/3628/2339
f 1992/3630/2317 2014/3628/2339 2016/3627/2341
f 2015/3626/2340 2017/3632/2342 2018/3633/2343
f 2015/3626/2340 2018/3633/2343 2016/3627/2341
f 2019/3634/2311 2020/3635/2344 2018/3633/2343
f 2019/3634/2311 2018/3633/2343 2017/3632/2342
f 1992/3630/2317 2016/3627/2341 2018/3633/2343
f 1992/3630/2317 2018/3633/2343 2020/3635/2344
f 2021/3636/2345 2022/3637/2346 2023/3638/2347
f 2021/3636/2345 2023/3638/2347 2024/3639/2348
f 2022/3637/2346 2025/3640/2310 2026/3641/2349
f 2022/3637/2346 2026/3641/2349 2023/3638/2347
f 2023/3638/2347 2026/3641/2349 2027/3642/2350
f 2023/3638/2347 2027/3642/2350 2028/3643/2351
f 2024/3639/2348 2023/3638/2347 2028/3643/2351
f 2024/3639/2348 2028/3643/2351 2029/3644/2352
f 2025/3640/2310 2030/3645/2353 2031/3646/2354
f 2025/3640/2310 2031/3646/2354 2026/3641/2349
f 2030/3645/2353 2032/3647/2355 2033/3648/2356
f 2030/3645/2353 2033/3648/2356 2031/3646/2354
f 2031/3646/2354 2033/3648/2356 2034/3649/2357
f 2031/3646/2354 2034/3649/2357 2035/3650/2358
f 2026/3641/2349 2031/3646/2354 2035/3650/2358
f 2026/3641/2349 2035/3650/2358 2027/3642/2350
f 2032/3651/2355 2036/3652/2359 2037/3653/2360
f 2032/3651/2355 2037/3653/2360 2033/3654/2356
f 2036/3652/2359 2038/3655/2361 2039/3656/2362
f 2036/3652/2359 2039/3656/2362 2037/3653/2360
f 2037/3653/2360 2039/3656/2362 2040/3657/2363
f 2037/3653/2360 2040/3657/2363 2041/3658/2364
f 2033/3654/2356 2037/3653/2360 2041/3658/2364
f 2033/3654/2356 2041/3658/2364 2034/3659/2357
f 2038/3655/2361 2042/3660/2365 2043/3661/2366
f 2038/3655/2361 2043/3661/2366 2039/3656/2362
f 2042/3660/2365 2044/3662/2367 2045/3663/2368
f 2042/3660/2365 2045/3663/2368 2043/3661/2366
f 2043/3661/2366 2045/3663/2368 2046/3664/2369
f 2043/3661/2366 2046/3664/2369 2047/3665/2370
f 2039/3656/2362 2043/3661/2366 2047/3665/2370
f 2039/3656/2362 2047/3665/2370 2040/3657/2363
f 2044/3666/2367 2048/3667/2303 2049/3668/2371
f 2044/3662/2367 2049/3669/2371 2045/3663/2368
f 2048/3667/2303 2050/3670/2372 2051/3671/2373
f 2048/3667/2303 2051/3671/2373 2049/3668/2371
f 2049/3668/2371 2051/3671/2373 2052/3672/2374
f 2049/3668/2371 2052/3672/2374 2053/3673/2375
f 2045/3663/2368 2049/3669/2371 2053/3674/2375
f 2045/3663/2368 2053/3674/2375 2046/3664/2369
f 2050/3670/2372 2054/3675/2376 2055/3676/2377
f 2050/3670/2372 2055/3676/2377 2051/3671/2373
f 2054/3675/2376 2056/3677/2300 2057/3678/2378
f 2054/3675/2376 2057/3678/2378 2055/3676/2377
f 2055/3676/2377 2057/3678/2378 2058/3679/2379
f 2055/3676/2377 2058/3679/2379 2059/3680/2380
f 2051/3671/2373 2055/3676/2377 2059/3680/2380
f 2051/3671/2373 2059/3680/2380 2052/3672/2374
f 2056/3681/2300 2060/3682/2381 2061/3683/2382
f 2056/3677/2300 2061/3684/2382 2057/3678/2378
f 2060/3682/2381 2062/3685/2298 2063/3686/2383
f 2060/3682/2381 2063/3686/2383 2061/3683/2382
f 2061/3683/2382 2063/3686/2383 2064/3687/2384
f 2061/3683/2382 2064/3687/2384 2065/3688/2385
f 2057/3678/2378 2061/3684/2382 2065/3689/2385
f 2057/3678/2378 2065/3689/2385 2058/3679/2379
f 2062/3685/2298 2066/3690/2386 2067/3691/2387
f 2062/3685/2298 2067/3691/2387 2063/3686/2383
f 2066/3690/2386 2068/3692/2294 2069/3693/2388
f 2066/3690/2386 2069/3693/2388 2067/3691/2387
f 2067/3691/2387 2069/3693/2388 2070/3694/2389
f 2067/3691/2387 2070/3694/2389 2071/3695/2390
f 2063/3686/2383 2067/3691/2387 2071/3695/2390
f 2063/3686/2383 2071/3695/2390 2064/3687/2384
f 2029/3644/2352 2028/3643/2351 2072/3696/2391
f 2029/3644/2352 2072/3696/2391 2073/3697/2392
f 2028/3643/2351 2027/3642/2350 2074/3698/2393
f 2028/3643/2351 2074/3698/2393 2072/3696/2391
f 2072/3696/2391 2074/3698/2393 2075/3699/2394
f 2072/3696/2391 2075/3699/2394 2076/3700/2395
f 2073/3697/2392 2072/3696/2391 2076/3700/2395
f 2073/3697/2392 2076/3700/2395 2077/3701/2396
f 2027/3642/2350 2035/3650/2358 2078/3702/2397
f 2027/3642/2350 2078/3702/2397 2074/3698/2393
f 2035/3650/2358 2034/3649/2357 2079/3703/2398
f 2035/3650/2358 2079/3703/2398 2078/3702/2397
f 2078/3702/2397 2079/3703/2398 2080/3704/2399
f 2078/3702/2397 2080/3704/2399 2081/3705/2400
f 2074/3698/2393 2078/3702/2397 2081/3705/2400
f 2074/3698/2393 2081/3705/2400 2075/3699/2394
f 2034/3659/2357 2041/3658/2364 2082/3706/2401
f 2034/3659/2357 2082/3706/2401 2079/3707/2398
f 2041/3658/2364 2040/3657/2363 2083/3708/2402
f 2041/3658/2364 2083/3708/2402 2082/3706/2401
f 2082/3706/2401 2083/3708/2402 2084/3709/2403
f 2082/3706/2401 2084/3709/2403 2085/3710/2404
f 2079/3707/2398 2082/3706/2401 2085/3710/2404
f 2079/3707/2398 2085/3710/2404 2080/3711/2399
f 2040/3657/2363 2047/3665/2370 2086/3712/2405
f 2040/3657/2363 2086/3712/2405 2083/3708/2402
f 2047/3665/2370 2046/3664/2369 2087/3713/2406
f 2047/3665/2370 2087/3713/2406 2086/3712/2405
f 2086/3712/2405 2087/3713/2406 2088/3714/2407
f 2086/3712/2405 2088/3714/2407 2089/3715/2408
f 2083/3708/2402 2086/3712/2405 2089/3715/2408
f 2083/3708/2402 2089/3715/2408 2084/3709/2403
f 2046/3664/2369 2053/3674/2375 2090/3716/2409
f 2046/3664/2369 2090/3716/2409 2087/3713/2406
f 2053/3673/2375 2052/3672/2374 2091/3717/2410
f 2053/3673/2375 2091/3717/2410 2090/3718/2409
f 2090/3718/2409 2091/3717/2410 2092/3719/2411
f 2090/3718/2409 2092/3719/2411 2093/3720/2412
f 2087/3713/2406 2090/3716/2409 2093/3721/2412
f 2087/3713/2406 2093/3721/2412 2088/3714/2407
f 2052/3672/2374 2059/3680/2380 2094/3722/2413
f 2052/3672/2374 2094/3722/2413 2091/3717/2410
f 2059/3680/2380 2058/3679/2379 2095/3723/2414
f 2059/3680/2380 2095/3723/2414 2094/3722/2413
f 2094/3722/2413 2095/3723/2414 2096/3724/2415
f 2094/3722/2413 2096/3724/2415 2097/3725/2416
f 2091/3717/2410 2094/3722/2413 2097/3725/2416
f 2091/3717/2410 2097/3725/2416 2092/3719/2411
f 2058/3679/2379 2065/3689/2385 2098/3726/2417
f 2058/3679/2379 2098/3726/2417 2095/3723/2414
f 2065/3688/2385 2064/3687/2384 2099/3727/2418
f 2065/3688/2385 2099/3727/2418 2098/3728/2417
f 2098/3728/2417 2099/3727/2418 2100/3729/2419
f 2098/3728/2417 2100/3729/2419 2101/3730/2420
f 2095/3723/2414 2098/3726/2417 2101/3731/2420
f 2095/3723/2414 2101/3731/2420 2096/3724/2415
f 2064/3687/2384 2071/3695/2390 2102/3732/2421
f 2064/3687/2384 2102/3732/2421 2099/3727/2418
f 2071/3695/2390 2070/3694/2389 2103/3733/2422
f 2071/3695/2390 2103/3733/2422 2102/3732/2421
f 2102/3732/2421 2103/3733/2422 2104/3734/2423
f 2102/3732/2421 2104/3734/2423 2105/3735/2424
f 2099/3727/2418 2102/3732/2421 2105/3735/2424
f 2099/3727/2418 2105/3735/2424 2100/3729/2419
f 2077/3701/2396 2076/3700/2395 2106/3736/2425
f 2077/3701/2396 2106/3736/2425 2107/3737/2426
f 2076/3700/2395 2075/3699/2394 2108/3738/2427
f 2076/3700/2395 2108/3738/2427 2106/3736/2425
f 2106/3736/2425 2108/3738/2427 1990/3590/2315
f 2106/3736/2425 1990/3590/2315 1987/3592/2312
f 2107/3739/2426 2106/3740/2425 1987/3741/2312
f 2107/3742/2426 1987/3743/2312 1986/3744/2311
f 2075/3699/2394 2081/3705/2400 2109/3745/2428
f 2075/3699/2394 2109/3745/2428 2108/3738/2427
f 2081/3705/2400 2080/3704/2399 2110/3746/2429
f 2081/3705/2400 2110/3746/2429 2109/3745/2428
f 2109/3745/2428 2110/3746/2429 1995/3747/2320
f 2109/3745/2428 1995/3747/2320 1993/3748/2318
f 2108/3738/2427 2109/3745/2428 1993/3748/2318
f 2108/3738/2427 1993/3748/2318 1990/3590/2315
f 2080/3711/2399 2085/3710/2404 2111/3749/2430
f 2080/3711/2399 2111/3749/2430 2110/3750/2429
f 2085/3710/2404 2084/3709/2403 2112/3751/2431
f 2085/3710/2404 2112/3751/2431 2111/3749/2430
f 2111/3749/2430 2112/3751/2431 1999/3605/2324
f 2111/3749/2430 1999/3605/2324 1997/3602/2322
f 2110/3750/2429 2111/3749/2430 1997/3602/2322
f 2110/3750/2429 1997/3602/2322 1995/3601/2320
f 2084/3709/2403 2089/3715/2408 2113/3752/2432
f 2084/3709/2403 2113/3752/2432 2112/3751/2431
f 2089/3715/2408 2088/3714/2407 2114/3753/2433
f 2089/3715/2408 2114/3753/2433 2113/3752/2432
f 2113/3752/2432 2114/3753/2433 2003/3610/2328
f 2113/3752/2432 2003/3610/2328 2001/3608/2326
f 2112/3751/2431 2113/3752/2432 2001/3608/2326
f 2112/3751/2431 2001/3608/2326 1999/3605/2324
f 2088/3714/2407 2093/3721/2412 2115/3754/2434
f 2088/3714/2407 2115/3754/2434 2114/3753/2433
f 2093/3720/2412 2092/3719/2411 2116/3755/2435
f 2093/3720/2412 2116/3755/2435 2115/3756/2434
f 2115/3756/2434 2116/3755/2435 2007/3614/2332
f 2115/3756/2434 2007/3614/2332 2005/3617/2330
f 2114/3753/2433 2115/3754/2434 2005/3612/2330
f 2114/3753/2433 2005/3612/2330 2003/3610/2328
f 2092/3719/2411 2097/3725/2416 2117/3757/2436
f 2092/3719/2411 2117/3757/2436 2116/3755/2435
f 2097/3725/2416 2096/3724/2415 2118/3758/2437
f 2097/3725/2416 2118/3758/2437 2117/3757/2436
f 2117/3757/2436 2118/3758/2437 2011/3622/2336
f 2117/3757/2436 2011/3622/2336 2009/3620/2334
f 2116/3755/2435 2117/3757/2436 2009/3620/2334
f 2116/3755/2435 2009/3620/2334 2007/3614/2332
f 2096/3759/2415 2101/3730/2420 2119/3760/2438
f 2096/3759/2415 2119/3760/2438 2118/3761/2437
f 2101/3730/2420 2100/3729/2419 2120/3762/2439
f 2101/3730/2420 2120/3762/2439 2119/3760/2438
f 2119/3760/2438 2120/3762/2439 2015/3626/2340
f 2119/3760/2438 2015/3626/2340 2013/3629/2338
f 2118/3761/2437 2119/3760/2438 2013/3629/2338
f 2118/3758/2437 2013/3624/2338 2011/3622/2336
f 2100/3729/2419 2105/3735/2424 2121/3763/2440
f 2100/3729/2419 2121/3763/2440 2120/3762/2439
f 2105/3735/2424 2104/3734/2423 2122/3764/2441
f 2105/3735/2424 2122/3764/2441 2121/3763/2440
f 2121/3763/2440 2122/3764/2441 2019/3634/2311
f 2121/3763/2440 2019/3634/2311 2017/3632/2342
f 2120/3762/2439 2121/3763/2440 2017/3632/2342
f 2120/3762/2439 2017/3632/2342 2015/3626/2340
s 130
f 2123/3765/2442 2124/3766/2443 2125/3767/2444
f 2123/3768/2442 2125/3769/2444 2126/3770/2445
f 2127/3771/2446 2128/3772/2447 2125/3773/2444
f 2127/3774/2446 2125/3775/2444 2124/3776/2443
f 2129/3777/2448 2130/3778/2449 2125/3779/2444
f 2129/3780/2448 2125/3781/2444 2128/3782/2447
f 2131/3783/2450 2132/3784/2451 2125/3785/2444
f 2131/3786/2450 2125/3787/2444 2130/3788/2449
f 2133/3789/2452 2134/3790/2453 2125/3791/2444
f 2133/3792/2452 2125/3793/2444 2132/3794/2451
f 2135/3795/2454 2136/3796/2455 2125/3797/2444
f 2135/3798/2454 2125/3799/2444 2134/3800/2453
f 2137/3801/2456 2138/3802/2457 2125/3803/2444
f 2137/3804/2456 2125/3805/2444 2136/3806/2455
f 2139/3807/2458 2126/3808/2445 2125/3809/2444
f 2139/3810/2458 2125/3811/2444 2138/3812/2457
s 131
f 2140/3813/2459 2141/3814/2460 2142/3815/2461
f 2140/3813/2459 2142/3815/2461 2143/3816/2462
f 2144/3817/2463 2145/3818/2464 2142/3819/2461
f 2144/3817/2463 2142/3819/2461 2141/3820/2460
f 2146/3821/2465 2143/3816/2462 2142/3815/2461
f 2146/3822/2465 2142/3819/2461 2145/3818/2464
f 2144/3817/2463 2147/3823/2466 2148/3824/2467
f 2144/3817/2463 2148/3824/2467 2145/3818/2464
f 2149/3825/2468 2150/3826/2469 2148/3824/2467
f 2149/3825/2468 2148/3824/2467 2147/3823/2466
f 2146/3822/2465 2145/3818/2464 2148/3824/2467
f 2146/3822/2465 2148/3824/2467 2150/3826/2469
f 2149/3825/2468 2151/3827/2470 2152/3828/2471
f 2149/3825/2468 2152/3828/2471 2150/3826/2469
f 2153/3829/2472 2154/3830/2473 2152/3831/2471
f 2153/3829/2472 2152/3831/2471 2151/3832/2470
f 2146/3822/2465 2150/3826/2469 2152/3828/2471
f 2146/3833/2465 2152/3831/2471 2154/3830/2473
f 2153/3829/2472 2155/3834/2474 2156/3835/2475
f 2153/3829/2472 2156/3835/2475 2154/3830/2473
f 2157/3836/2476 2158/3837/2477 2156/3835/2475
f 2157/3836/2476 2156/3835/2475 2155/3834/2474
f 2146/3833/2465 2154/3830/2473 2156/3835/2475
f 2146/3833/2465 2156/3835/2475 2158/3837/2477
f 2157/3836/2476 2159/3838/2478 2160/3839/2479
f 2157/3836/2476 2160/3839/2479 2158/3837/2477
f 2161/3840/2480 2162/3841/2481 2160/3842/2479
f 2161/3840/2480 2160/3842/2479 2159/3843/2478
f 2146/3844/2465 2158/3845/2477 2160/3842/2479
f 2146/3844/2465 2160/3842/2479 2162/3841/2481
f 2161/3840/2480 2163/3846/2482 2164/3847/2483
f 2161/3840/2480 2164/3847/2483 2162/3841/2481
f 2165/3848/2484 2166/3849/2485 2164/3847/2483
f 2165/3848/2484 2164/3847/2483 2163/3846/2482
f 2146/3844/2465 2162/3841/2481 2164/3847/2483
f 2146/3844/2465 2164/3847/2483 2166/3849/2485
f 2165/3848/2484 2167/3850/2486 2168/3851/2487
f 2165/3848/2484 2168/3851/2487 2166/3849/2485
f 2169/3852/2488 2170/3853/2489 2168/3854/2487
f 2169/3852/2488 2168/3854/2487 2167/3855/2486
f 2146/3844/2465 2166/3849/2485 2168/3851/2487
f 2146/3856/2465 2168/3854/2487 2170/3853/2489
f 2169/3852/2488 2171/3857/2490 2172/3858/2491
f 2169/3852/2488 2172/3858/2491 2170/3853/2489
f 2173/3859/2492 2174/3860/2493 2172/3858/2491
f 2173/3859/2492 2172/3858/2491 2171/3857/2490
f 2146/3856/2465 2170/3853/2489 2172/3858/2491
f 2146/3856/2465 2172/3858/2491 2174/3860/2493
f 2175/3861/2494 2176/3862/2495 2177/3863/2496
f 2175/3861/2494 2177/3863/2496 2178/3864/2497
f 2176/3865/2495 2179/3866/2458 2180/3867/2498
f 2176/3868/2495 2180/3869/2498 2177/3870/2496
f 2177/3870/2496 2180/3869/2498 2181/3871/2499
f 2177/3870/2496 2181/3871/2499 2182/3872/2500
f 2178/3864/2497 2177/3863/2496 2182/3873/2500
f 2178/3864/2497 2182/3873/2500 2183/3874/2501
f 2179/3875/2458 2184/3876/2502 2185/3877/2503
f 2179/3875/2458 2185/3877/2503 2180/3869/2498
f 2184/3876/2502 2186/3878/2504 2187/3879/2505
f 2184/3876/2502 2187/3879/2505 2185/3877/2503
f 2185/3877/2503 2187/3879/2505 2188/3880/2506
f 2185/3877/2503 2188/3880/2506 2189/3881/2507
f 2180/3869/2498 2185/3877/2503 2189/3881/2507
f 2180/3869/2498 2189/3881/2507 2181/3871/2499
f 2186/3878/2504 2190/3882/2508 2191/3883/2509
f 2186/3878/2504 2191/3883/2509 2187/3879/2505
f 2190/3884/2508 2192/3885/2510 2193/3886/2511
f 2190/3884/2508 2193/3886/2511 2191/3887/2509
f 2191/3887/2509 2193/3886/2511 2194/3888/2512
f 2191/3887/2509 2194/3888/2512 2195/3889/2513
f 2187/3879/2505 2191/3883/2509 2195/3890/2513
f 2187/3879/2505 2195/3890/2513 2188/3880/2506
f 2192/3885/2510 2196/3891/2514 2197/3892/2515
f 2192/3885/2510 2197/3892/2515 2193/3886/2511
f 2196/3891/2514 2198/3893/2516 2199/3894/2517
f 2196/3891/2514 2199/3894/2517 2197/3892/2515
f 2197/3892/2515 2199/3894/2517 2200/3895/2518
f 2197/3892/2515 2200/3895/2518 2201/3896/2519
f 2193/3886/2511 2197/3892/2515 2201/3896/2519
f 2193/3886/2511 2201/3896/2519 2194/3888/2512
f 2198/3893/2516 2202/3897/2520 2203/3898/2521
f 2198/3893/2516 2203/3898/2521 2199/3894/2517
f 2202/3899/2520 2204/3900/2522 2205/3901/2523
f 2202/3902/2520 2205/3903/2523 2203/3904/2521
f 2203/3898/2521 2205/3905/2523 2206/3906/2524
f 2203/3898/2521 2206/3906/2524 2207/3907/2525
f 2199/3894/2517 2203/3898/2521 2207/3907/2525
f 2199/3894/2517 2207/3907/2525 2200/3895/2518
f 2204/3908/2522 2208/3909/2526 2209/3910/2527
f 2204/3908/2522 2209/3910/2527 2205/3911/2523
f 2208/3909/2526 2210/3912/2448 2211/3913/2528
f 2208/3909/2526 2211/3913/2528 2209/3910/2527
f 2209/3910/2527 2211/3913/2528 2212/3914/2529
f 2209/3910/2527 2212/3914/2529 2213/3915/2530
f 2205/3911/2523 2209/3910/2527 2213/3915/2530
f 2205/3911/2523 2213/3915/2530 2206/3916/2524
f 2210/3912/2448 2214/3917/2531 2215/3918/2532
f 2210/3912/2448 2215/3918/2532 2211/3913/2528
f 2214/3919/2531 2216/3920/2446 2217/3921/2533
f 2214/3919/2531 2217/3921/2533 2215/3922/2532
f 2215/3922/2532 2217/3921/2533 2218/3923/2534
f 2215/3922/2532 2218/3923/2534 2219/3924/2535
f 2211/3913/2528 2215/3918/2532 2219/3925/2535
f 2211/3913/2528 2219/3925/2535 2212/3914/2529
f 2216/3920/2446 2220/3926/2536 2221/3927/2537
f 2216/3920/2446 2221/3927/2537 2217/3921/2533
f 2220/3926/2536 2222/3928/2538 2223/3929/2539
f 2220/3926/2536 2223/3929/2539 2221/3927/2537
f 2221/3927/2537 2223/3929/2539 2224/3930/2540
f 2221/3927/2537 2224/3930/2540 2225/3931/2541
f 2217/3921/2533 2221/3927/2537 2225/3931/2541
f 2217/3921/2533 2225/3931/2541 2218/3923/2534
f 2183/3874/2501 2182/3873/2500 2226/3932/2542
f 2183/3874/2501 2226/3932/2542 2227/3933/2543
f 2182/3934/2500 2181/3935/2499 2228/3936/2544
f 2182/3934/2500 2228/3936/2544 2226/3937/2542
f 2226/3938/2542 2228/3939/2544 2229/3940/2545
f 2226/3938/2542 2229/3940/2545 2230/3941/2546
f 2227/3933/2543 2226/3932/2542 2230/3942/2546
f 2227/3933/2543 2230/3942/2546 2231/3943/2547
f 2181/3871/2499 2189/3881/2507 2232/3944/2548
f 2181/3871/2499 2232/3944/2548 2228/3939/2544
f 2189/3881/2507 2188/3880/2506 2233/3945/2549
f 2189/3881/2507 2233/3945/2549 2232/3944/2548
f 2232/3944/2548 2233/3945/2549 2234/3946/2550
f 2232/3944/2548 2234/3946/2550 2235/3947/2551
f 2228/3939/2544 2232/3944/2548 2235/3947/2551
f 2228/3939/2544 2235/3947/2551 2229/3940/2545
f 2188/3880/2506 2195/3890/2513 2236/3948/2552
f 2188/3880/2506 2236/3948/2552 2233/3945/2549
f 2195/3889/2513 2194/3888/2512 2237/3949/2553
f 2195/3889/2513 2237/3949/2553 2236/3950/2552
f 2236/3950/2552 2237/3949/2553 2238/3951/2554
f 2236/3950/2552 2238/3951/2554 2239/3952/2555
f 2233/3945/2549 2236/3948/2552 2239/3953/2555
f 2233/3945/2549 2239/3953/2555 2234/3946/2550
f 2194/3888/2512 2201/3896/2519 2240/3954/2556
f 2194/3888/2512 2240/3954/2556 2237/3949/2553
f 2201/3896/2519 2200/3895/2518 2241/3955/2557
f 2201/3896/2519 2241/3955/2557 2240/3954/2556
f 2240/3954/2556 2241/3955/2557 2242/3956/2558
f 2240/3954/2556 2242/3956/2558 2243/3957/2559
f 2237/3949/2553 2240/3954/2556 2243/3957/2559
f 2237/3949/2553 2243/3957/2559 2238/3951/2554
f 2200/3895/2518 2207/3907/2525 2244/3958/2560
f 2200/3895/2518 2244/3958/2560 2241/3955/2557
f 2207/3959/2525 2206/3916/2524 2245/3960/2561
f 2207/3959/2525 2245/3960/2561 2244/3961/2560
f 2244/3961/2560 2245/3960/2561 2246/3962/2562
f 2244/3961/2560 2246/3962/2562 2247/3963/2563
f 2241/3955/2557 2244/3958/2560 2247/3964/2563
f 2241/3955/2557 2247/3964/2563 2242/3956/2558
f 2206/3916/2524 2213/3915/2530 2248/3965/2564
f 2206/3916/2524 2248/3965/2564 2245/3960/2561
f 2213/3915/2530 2212/3914/2529 2249/3966/2565
f 2213/3915/2530 2249/3966/2565 2248/3965/2564
f 2248/3965/2564 2249/3966/2565 2250/3967/2566
f 2248/3965/2564 2250/3967/2566 2251/3968/2567
f 2245/3960/2561 2248/3965/2564 2251/3968/2567
f 2245/3960/2561 2251/3968/2567 2246/3962/2562
f 2212/3914/2529 2219/3925/2535 2252/3969/2568
f 2212/3914/2529 2252/3969/2568 2249/3966/2565
f 2219/3924/2535 2218/3923/2534 2253/3970/2569
f 2219/3924/2535 2253/3970/2569 2252/3971/2568
f 2252/3971/2568 2253/3970/2569 2254/3972/2570
f 2252/3971/2568 2254/3972/2570 2255/3973/2571
f 2249/3966/2565 2252/3969/2568 2255/3974/2571
f 2249/3966/2565 2255/3974/2571 2250/3967/2566
f 2218/3923/2534 2225/3931/2541 2256/3975/2572
f 2218/3923/2534 2256/3975/2572 2253/3970/2569
f 2225/3931/2541 2224/3930/2540 2257/3976/2573
f 2225/3931/2541 2257/3976/2573 2256/3975/2572
f 2256/3975/2572 2257/3976/2573 2258/3977/2574
f 2256/3975/2572 2258/3977/2574 2259/3978/2575
f 2253/3970/2569 2256/3975/2572 2259/3978/2575
f 2253/3970/2569 2259/3978/2575 2254/3972/2570
f 2231/3943/2547 2230/3942/2546 2260/3979/2576
f 2231/3943/2547 2260/3979/2576 2261/3980/2577
f 2230/3941/2546 2229/3940/2545 2262/3981/2578
f 2230/3941/2546 2262/3981/2578 2260/3982/2576
f 2260/3982/2576 2262/3981/2578 2144/3817/2463
f 2260/3982/2576 2144/3817/2463 2141/3820/2460
f 2261/3980/2577 2260/3979/2576 2141/3814/2460
f 2261/3980/2577 2141/3814/2460 2140/3813/2459
f 2229/3940/2545 2235/3947/2551 2263/3983/2579
f 2229/3940/2545 2263/3983/2579 2262/3981/2578
f 2235/3947/2551 2234/3946/2550 2264/3984/2580
f 2235/3947/2551 2264/3984/2580 2263/3983/2579
f 2263/3983/2579 2264/3984/2580 2149/3825/2468
f 2263/3983/2579 2149/3825/2468 2147/3823/2466
f 2262/3981/2578 2263/3983/2579 2147/3823/2466
f 2262/3981/2578 2147/3823/2466 2144/3817/2463
f 2234/3946/2550 2239/3953/2555 2265/3985/2581
f 2234/3946/2550 2265/3985/2581 2264/3984/2580
f 2239/3952/2555 2238/3951/2554 2266/3986/2582
f 2239/3952/2555 2266/3986/2582 2265/3987/2581
f 2265/3987/2581 2266/3986/2582 2153/3829/2472
f 2265/3987/2581 2153/3829/2472 2151/3832/2470
f 2264/3984/2580 2265/3985/2581 2151/3827/2470
f 2264/3984/2580 2151/3827/2470 2149/3825/2468
f 2238/3951/2554 2243/3957/2559 2267/3988/2583
f 2238/3951/2554 2267/3988/2583 2266/3986/2582
f 2243/3957/2559 2242/3956/2558 2268/3989/2584
f 2243/3957/2559 2268/3989/2584 2267/3988/2583
f 2267/3988/2583 2268/3989/2584 2157/3836/2476
f 2267/3988/2583 2157/3836/2476 2155/3834/2474
f 2266/3986/2582 2267/3988/2583 2155/3834/2474
f 2266/3986/2582 2155/3834/2474 2153/3829/2472
f 2242/3956/2558 2247/3964/2563 2269/3990/2585
f 2242/3956/2558 2269/3990/2585 2268/3989/2584
f 2247/3991/2563 2246/3992/2562 2270/3993/2586
f 2247/3991/2563 2270/3993/2586 2269/3994/2585
f 2269/3994/2585 2270/3993/2586 2161/3840/2480
f 2269/3994/2585 2161/3840/2480 2159/3843/2478
f 2268/3989/2584 2269/3990/2585 2159/3838/2478
f 2268/3989/2584 2159/3838/2478 2157/3836/2476
f 2246/3992/2562 2251/3995/2567 2271/3996/2587
f 2246/3992/2562 2271/3996/2587 2270/3993/2586
f 2251/3968/2567 2250/3967/2566 2272/3997/2588
f 2251/3968/2567 2272/3997/2588 2271/3998/2587
f 2271/3996/2587 2272/3999/2588 2165/3848/2484
f 2271/3996/2587 2165/3848/2484 2163/3846/2482
f 2270/3993/2586 2271/3996/2587 2163/3846/2482
f 2270/3993/2586 2163/3846/2482 2161/3840/2480
f 2250/3967/2566 2255/3974/2571 2273/4000/2589
f 2250/3967/2566 2273/4000/2589 2272/3997/2588
f 2255/3973/2571 2254/3972/2570 2274/4001/2590
f 2255/3973/2571 2274/4001/2590 2273/4002/2589
f 2273/4002/2589 2274/4001/2590 2169/3852/2488
f 2273/4002/2589 2169/3852/2488 2167/3855/2486
f 2272/3999/2588 2273/4003/2589 2167/3850/2486
f 2272/3999/2588 2167/3850/2486 2165/3848/2484
f 2254/3972/2570 2259/3978/2575 2275/4004/2591
f 2254/3972/2570 2275/4004/2591 2274/4001/2590
f 2259/3978/2575 2258/3977/2574 2276/4005/2592
f 2259/3978/2575 2276/4005/2592 2275/4004/2591
f 2275/4004/2591 2276/4005/2592 2173/3859/2492
f 2275/4004/2591 2173/3859/2492 2171/3857/2490
f 2274/4001/2590 2275/4004/2591 2171/3857/2490
f 2274/4001/2590 2171/3857/2490 2169/3852/2488
s 132
f 3273/4006/2593 3274/4007/2594 3275/4008/2595
f 3273/4009/2593 3275/4010/2595 3276/4011/2596
f 3277/4012/2597 3278/4013/2598 3275/4014/2595
f 3277/4015/2597 3275/4016/2595 3274/4017/2594
f 3279/4018/2599 3280/4019/2600 3275/4020/2595
f 3279/4021/2599 3275/4022/2595 3278/4023/2598
f 3281/4024/2601 3282/4025/2602 3275/4026/2595
f 3281/4027/2601 3275/4028/2595 3280/4029/2600
f 3283/4030/2603 3284/4031/2604 3275/4032/2595
f 3283/4033/2603 3275/4034/2595 3282/4035/2602
f 3285/4036/2605 3286/4037/2606 3275/4038/2595
f 3285/4036/2605 3275/4038/2595 3284/4039/2604
f 3287/4040/2607 3288/4041/2608 3275/4042/2595
f 3287/4043/2607 3275/4044/2595 3286/4045/2606
f 3289/4046/2609 3276/4047/2596 3275/4048/2595
f 3289/4049/2609 3275/4050/2595 3288/4051/2608
s 133
f 3290/4052/2610 3291/4053/2611 3292/4054/2612
f 3290/4052/2610 3292/4054/2612 3293/4055/2613
f 3294/4056/2614 3295/4057/2615 3292/4054/2612
f 3294/4056/2614 3292/4054/2612 3291/4053/2611
f 3296/4058/2616 3293/4055/2613 3292/4054/2612
f 3296/4058/2616 3292/4054/2612 3295/4057/2615
f 3294/4056/2614 3297/4059/2617 3298/4060/2618
f 3294/4056/2614 3298/4060/2618 3295/4057/2615
f 3299/4061/2619 3300/4062/2620 3298/4060/2618
f 3299/4061/2619 3298/4060/2618 3297/4059/2617
f 3296/4058/2616 3295/4057/2615 3298/4060/2618
f 3296/4058/2616 3298/4060/2618 3300/4062/2620
f 3299/4063/2619 3301/4064/2621 3302/4065/2622
f 3299/4063/2619 3302/4065/2622 3300/4066/2620
f 3303/4067/2623 3304/4068/2624 3302/4065/2622
f 3303/4067/2623 3302/4065/2622 3301/4064/2621
f 3296/4069/2616 3300/4066/2620 3302/4065/2622
f 3296/4069/2616 3302/4065/2622 3304/4068/2624
f 3303/4067/2623 3305/4070/2625 3306/4071/2626
f 3303/4067/2623 3306/4071/2626 3304/4068/2624
f 3307/4072/2627 3308/4073/2628 3306/4074/2626
f 3307/4075/2627 3306/4071/2626 3305/4070/2625
f 3296/4069/2616 3304/4068/2624 3306/4071/2626
f 3296/4069/2616 3306/4071/2626 3308/4076/2628
f 3307/4072/2627 3309/4077/2629 3310/4078/2630
f 3307/4072/2627 3310/4078/2630 3308/4073/2628
f 3311/4079/2631 3312/4080/2632 3310/4078/2630
f 3311/4079/2631 3310/4078/2630 3309/4077/2629
f 3296/4081/2616 3308/4073/2628 3310/4078/2630
f 3296/4081/2616 3310/4078/2630 3312/4080/2632
f 3311/4079/2631 3313/4082/2633 3314/4083/2634
f 3311/4079/2631 3314/4083/2634 3312/4080/2632
f 3315/4084/2635 3316/4085/2636 3314/4086/2634
f 3315/4087/2635 3314/4083/2634 3313/4082/2633
f 3296/4081/2616 3312/4080/2632 3314/4083/2634
f 3296/4081/2616 3314/4083/2634 3316/4088/2636
f 3315/4084/2635 3317/4089/2637 3318/4090/2638
f 3315/4084/2635 3318/4090/2638 3316/4085/2636
f 3319/4091/2639 3320/4092/2640 3318/4090/2638
f 3319/4091/2639 3318/4090/2638 3317/4089/2637
f 3296/4093/2616 3316/4085/2636 3318/4090/2638
f 3296/4093/2616 3318/4090/2638 3320/4092/2640
f 3319/4091/2639 3321/4094/2641 3322/4095/2642
f 3319/4091/2639 3322/4095/2642 3320/4092/2640
f 3323/4096/2643 3324/4097/2644 3322/4095/2642
f 3323/4096/2643 3322/4095/2642 3321/4094/2641
f 3296/4093/2616 3320/4092/2640 3322/4095/2642
f 3296/4093/2616 3322/4095/2642 3324/4097/2644
f 3325/4098/2645 3326/4099/2646 3327/4100/2647
f 3325/4098/2645 3327/4100/2647 3328/4101/2648
f 3326/4099/2646 3329/4102/2609 3330/4103/2649
f 3326/4099/2646 3330/4103/2649 3327/4100/2647
f 3327/4100/2647 3330/4103/2649 3331/4104/2650
f 3327/4100/2647 3331/4104/2650 3332/4105/2651
f 3328/4101/2648 3327/4100/2647 3332/4105/2651
f 3328/4101/2648 3332/4105/2651 3333/4106/2652
f 3329/4102/2609 3334/4107/2653 3335/4108/2654
f 3329/4102/2609 3335/4108/2654 3330/4103/2649
f 3334/4107/2653 3336/4109/2655 3337/4110/2656
f 3334/4107/2653 3337/4110/2656 3335/4108/2654
f 3335/4108/2654 3337/4110/2656 3338/4111/2657
f 3335/4108/2654 3338/4111/2657 3339/4112/2658
f 3330/4103/2649 3335/4108/2654 3339/4112/2658
f 3330/4103/2649 3339/4112/2658 3331/4104/2650
f 3336/4113/2655 3340/4114/2659 3341/4115/2660
f 3336/4113/2655 3341/4115/2660 3337/4116/2656
f 3340/4114/2659 3342/4117/2661 3343/4118/2662
f 3340/4114/2659 3343/4118/2662 3341/4115/2660
f 3341/4115/2660 3343/4118/2662 3344/4119/2663
f 3341/4115/2660 3344/4119/2663 3345/4120/2664
f 3337/4116/2656 3341/4115/2660 3345/4120/2664
f 3337/4116/2656 3345/4120/2664 3338/4121/2657
f 3342/4117/2661 3346/4122/2665 3347/4123/2666
f 3342/4117/2661 3347/4123/2666 3343/4118/2662
f 3346/4122/2665 3348/4124/2667 3349/4125/2668
f 3346/4122/2665 3349/4125/2668 3347/4123/2666
f 3347/4123/2666 3349/4125/2668 3350/4126/2669
f 3347/4123/2666 3350/4126/2669 3351/4127/2670
f 3343/4118/2662 3347/4123/2666 3351/4127/2670
f 3343/4118/2662 3351/4127/2670 3344/4119/2663
f 3348/4128/2667 3352/4129/2671 3353/4130/2672
f 3348/4128/2667 3353/4130/2672 3349/4131/2668
f 3352/4129/2671 3354/4132/2673 3355/4133/2674
f 3352/4129/2671 3355/4133/2674 3353/4130/2672
f 3353/4130/2672 3355/4133/2674 3356/4134/2675
f 3353/4130/2672 3356/4134/2675 3357/4135/2676
f 3349/4131/2668 3353/4130/2672 3357/4135/2676
f 3349/4131/2668 3357/4135/2676 3350/4136/2669
f 3354/4132/2673 3358/4137/2677 3359/4138/2678
f 3354/4132/2673 3359/4138/2678 3355/4133/2674
f 3358/4137/2677 3360/4139/2599 3361/4140/2679
f 3358/4137/2677 3361/4140/2679 3359/4138/2678
f 3359/4138/2678 3361/4140/2679 3362/4141/2680
f 3359/4138/2678 3362/4141/2680 3363/4142/2681
f 3355/4133/2674 3359/4138/2678 3363/4142/2681
f 3355/4133/2674 3363/4142/2681 3356/4134/2675
f 3360/4143/2599 3364/4144/2682 3365/4145/2683
f 3360/4143/2599 3365/4145/2683 3361/4146/2679
f 3364/4144/2682 3366/4147/2597 3367/4148/2684
f 3364/4144/2682 3367/4148/2684 3365/4145/2683
f 3365/4145/2683 3367/4148/2684 3368/4149/2685
f 3365/4145/2683 3368/4149/2685 3369/4150/2686
f 3361/4146/2679 3365/4145/2683 3369/4150/2686
f 3361/4146/2679 3369/4150/2686 3362/4151/2680
f 3366/4147/2597 3370/4152/2687 3371/4153/2688
f 3366/4147/2597 3371/4153/2688 3367/4148/2684
f 3370/4152/2687 3372/4154/2593 3373/4155/2689
f 3370/4152/2687 3373/4155/2689 3371/4153/2688
f 3371/4153/2688 3373/4155/2689 3374/4156/2690
f 3371/4153/2688 3374/4156/2690 3375/4157/2691
f 3367/4148/2684 3371/4153/2688 3375/4157/2691
f 3367/4148/2684 3375/4157/2691 3368/4149/2685
f 3333/4106/2652 3332/4105/2651 3376/4158/2692
f 3333/4106/2652 3376/4158/2692 3377/4159/2693
f 3332/4105/2651 3331/4104/2650 3378/4160/2694
f 3332/4105/2651 3378/4160/2694 3376/4158/2692
f 3376/4158/2692 3378/4160/2694 3379/4161/2695
f 3376/4158/2692 3379/4161/2695 3380/4162/2696
f 3377/4159/2693 3376/4158/2692 3380/4162/2696
f 3377/4159/2693 3380/4162/2696 3381/4163/2697
f 3331/4104/2650 3339/4112/2658 3382/4164/2698
f 3331/4104/2650 3382/4164/2698 3378/4160/2694
f 3339/4112/2658 3338/4111/2657 3383/4165/2699
f 3339/4112/2658 3383/4165/2699 3382/4164/2698
f 3382/4164/2698 3383/4165/2699 3384/4166/2700
f 3382/4164/2698 3384/4166/2700 3385/4167/2701
f 3378/4160/2694 3382/4164/2698 3385/4167/2701
f 3378/4160/2694 3385/4167/2701 3379/4161/2695
f 3338/4121/2657 3345/4120/2664 3386/4168/2702
f 3338/4121/2657 3386/4168/2702 3383/4169/2699
f 3345/4120/2664 3344/4119/2663 3387/4170/2703
f 3345/4120/2664 3387/4170/2703 3386/4168/2702
f 3386/4168/2702 3387/4170/2703 3388/4171/2704
f 3386/4168/2702 3388/4171/2704 3389/4172/2705
f 3383/4169/2699 3386/4168/2702 3389/4172/2705
f 3383/4169/2699 3389/4172/2705 3384/4173/2700
f 3344/4119/2663 3351/4127/2670 3390/4174/2706
f 3344/4119/2663 3390/4174/2706 3387/4170/2703
f 3351/4127/2670 3350/4126/2669 3391/4175/2707
f 3351/4127/2670 3391/4175/2707 3390/4174/2706
f 3390/4174/2706 3391/4175/2707 3392/4176/2708
f 3390/4174/2706 3392/4176/2708 3393/4177/2709
f 3387/4170/2703 3390/4174/2706 3393/4177/2709
f 3387/4170/2703 3393/4177/2709 3388/4171/2704
f 3350/4136/2669 3357/4135/2676 3394/4178/2710
f 3350/4136/2669 3394/4178/2710 3391/4179/2707
f 3357/4135/2676 3356/4134/2675 3395/4180/2711
f 3357/4135/2676 3395/4180/2711 3394/4178/2710
f 3394/4178/2710 3395/4180/2711 3396/4181/2712
f 3394/4178/2710 3396/4181/2712 3397/4182/2713
f 3391/4179/2707 3394/4178/2710 3397/4182/2713
f 3391/4179/2707 3397/4182/2713 3392/4183/2708
f 3356/4134/2675 3363/4142/2681 3398/4184/2714
f 3356/4134/2675 3398/4184/2714 3395/4180/2711
f 3363/4142/2681 3362/4141/2680 3399/4185/2715
f 3363/4142/2681 3399/4185/2715 3398/4184/2714
f 3398/4184/2714 3399/4185/2715 3400/4186/2716
f 3398/4184/2714 3400/4186/2716 3401/4187/2717
f 3395/4180/2711 3398/4184/2714 3401/4187/2717
f 3395/4180/2711 3401/4187/2717 3396/4181/2712
f 3362/4151/2680 3369/4150/2686 3402/4188/2718
f 3362/4151/2680 3402/4188/2718 3399/4189/2715
f 3369/4150/2686 3368/4149/2685 3403/4190/2719
f 3369/4150/2686 3403/4190/2719 3402/4188/2718
f 3402/4188/2718 3403/4190/2719 3404/4191/2720
f 3402/4188/2718 3404/4191/2720 3405/4192/2721
f 3399/4189/2715 3402/4188/2718 3405/4192/2721
f 3399/4189/2715 3405/4192/2721 3400/4193/2716
f 3368/4149/2685 3375/4157/2691 3406/4194/2722
f 3368/4149/2685 3406/4194/2722 3403/4190/2719
f 3375/4157/2691 3374/4156/2690 3407/4195/2723
f 3375/4157/2691 3407/4195/2723 3406/4194/2722
f 3406/4194/2722 3407/4195/2723 3408/4196/2724
f 3406/4194/2722 3408/4196/2724 3409/4197/2725
f 3403/4190/2719 3406/4194/2722 3409/4197/2725
f 3403/4190/2719 3409/4197/2725 3404/4191/2720
f 3381/4163/2697 3380/4162/2696 3410/4198/2726
f 3381/4163/2697 3410/4198/2726 3411/4199/2727
f 3380/4162/2696 3379/4161/2695 3412/4200/2728
f 3380/4162/2696 3412/4200/2728 3410/4198/2726
f 3410/4198/2726 3412/4200/2728 3294/4056/2614
f 3410/4198/2726 3294/4056/2614 3291/4053/2611
f 3411/4199/2727 3410/4198/2726 3291/4053/2611
f 3411/4199/2727 3291/4053/2611 3290/4052/2610
f 3379/4161/2695 3385/4167/2701 3413/4201/2729
f 3379/4161/2695 3413/4201/2729 3412/4200/2728
f 3385/4167/2701 3384/4166/2700 3414/4202/2730
f 3385/4167/2701 3414/4202/2730 3413/4201/2729
f 3413/4201/2729 3414/4202/2730 3299/4061/2619
f 3413/4201/2729 3299/4061/2619 3297/4059/2617
f 3412/4200/2728 3413/4201/2729 3297/4059/2617
f 3412/4200/2728 3297/4059/2617 3294/4056/2614
f 3384/4173/2700 3389/4172/2705 3415/4203/2731
f 3384/4173/2700 3415/4203/2731 3414/4204/2730
f 3389/4172/2705 3388/4171/2704 3416/4205/2732
f 3389/4172/2705 3416/4205/2732 3415/4203/2731
f 3415/4203/2731 3416/4205/2732 3303/4067/2623
f 3415/4203/2731 3303/4067/2623 3301/4064/2621
f 3414/4204/2730 3415/4203/2731 3301/4064/2621
f 3414/4204/2730 3301/4064/2621 3299/4063/2619
f 3388/4171/2704 3393/4177/2709 3417/4206/2733
f 3388/4171/2704 3417/4206/2733 3416/4205/2732
f 3393/4177/2709 3392/4176/2708 3418/4207/2734
f 3393/4177/2709 3418/4207/2734 3417/4206/2733
f 3417/4206/2733 3418/4207/2734 3307/4075/2627
f 3417/4206/2733 3307/4075/2627 3305/4070/2625
f 3416/4205/2732 3417/4206/2733 3305/4070/2625
f 3416/4205/2732 3305/4070/2625 3303/4067/2623
f 3392/4183/2708 3397/4182/2713 3419/4208/2735
f 3392/4183/2708 3419/4208/2735 3418/4209/2734
f 3397/4182/2713 3396/4181/2712 3420/4210/2736
f 3397/4182/2713 3420/4210/2736 3419/4208/2735
f 3419/4208/2735 3420/4210/2736 3311/4079/2631
f 3419/4208/2735 3311/4079/2631 3309/4077/2629
f 3418/4209/2734 3419/4208/2735 3309/4077/2629
f 3418/4209/2734 3309/4077/2629 3307/4072/2627
f 3396/4181/2712 3401/4187/2717 3421/4211/2737
f 3396/4181/2712 3421/4211/2737 3420/4210/2736
f 3401/4187/2717 3400/4186/2716 3422/4212/2738
f 3401/4187/2717 3422/4212/2738 3421/4211/2737
f 3421/4211/2737 3422/4212/2738 3315/4087/2635
f 3421/4211/2737 3315/4087/2635 3313/4082/2633
f 3420/4210/2736 3421/4211/2737 3313/4082/2633
f 3420/4210/2736 3313/4082/2633 3311/4079/2631
f 3400/4193/2716 3405/4192/2721 3423/4213/2739
f 3400/4193/2716 3423/4213/2739 3422/4214/2738
f 3405/4192/2721 3404/4191/2720 3424/4215/2740
f 3405/4192/2721 3424/4215/2740 3423/4213/2739
f 3423/4213/2739 3424/4215/2740 3319/4091/2639
f 3423/4213/2739 3319/4091/2639 3317/4089/2637
f 3422/4214/2738 3423/4213/2739 3317/4089/2637
f 3422/4214/2738 3317/4089/2637 3315/4084/2635
f 3404/4191/2720 3409/4197/2725 3425/4216/2741
f 3404/4191/2720 3425/4216/2741 3424/4215/2740
f 3409/4197/2725 3408/4196/2724 3426/4217/2742
f 3409/4197/2725 3426/4217/2742 3425/4216/2741
f 3425/4216/2741 3426/4217/2742 3323/4096/2643
f 3425/4216/2741 3323/4096/2643 3321/4094/2641
f 3424/4215/2740 3425/4216/2741 3321/4094/2641
f 3424/4215/2740 3321/4094/2641 3319/4091/2639
s 134
f 2498/4218/2743 2499/4219/2744 2500/4220/2745
f 2498/4218/2743 2500/4220/2745 2501/4221/2746
f 2502/4222/2747 2503/4223/2748 2500/4224/2745
f 2502/4222/2747 2500/4224/2745 2499/4225/2744
f 2504/4226/2749 2501/4221/2746 2500/4220/2745
f 2504/4226/2749 2500/4220/2745 2503/4227/2748
s 135
f 2505/4228/1079 2506/4229/1078 2507/4230/2750
f 2505/4228/1079 2507/4230/2750 2508/4231/2751
f 2509/4232/1052 2510/4233/2752 2507/4230/2750
f 2509/4232/1052 2507/4230/2750 2506/4229/1078
f 2511/4234/2753 2508/4231/2751 2507/4230/2750
f 2511/4234/2753 2507/4230/2750 2510/4233/2752
f 2512/4235/2754 2513/4236/2755 2514/4237/2756
f 2512/4235/2754 2514/4237/2756 2515/4238/2757
f 2505/4228/1079 2508/4231/2751 2514/4237/2756
f 2505/4239/1079 2514/4240/2756 2513/4241/2755
f 2511/4234/2753 2515/4238/2757 2514/4237/2756
f 2511/4234/2753 2514/4237/2756 2508/4231/2751
s 134
f 2516/4242/2758 2517/4243/1120 2518/4244/2759
f 2516/4245/2758 2518/4246/2759 2519/4247/2760
f 2502/4222/2747 2499/4225/2744 2518/4248/2759
f 2502/4249/2747 2518/4250/2759 2517/4251/1120
f 2498/4218/2743 2519/4247/2760 2518/4246/2759
f 2498/4218/2743 2518/4246/2759 2499/4219/2744
s 136
f 2520/4252/1103 2521/4253/2761 2522/4254/2762
f 2520/4252/1103 2522/4254/2762 2523/4255/2763
f 2524/4256/1110 2525/4257/2764 2522/4254/2762
f 2524/4256/1110 2522/4254/2762 2521/4253/2761
f 2526/4258/2765 2523/4255/2763 2522/4254/2762
f 2526/4258/2765 2522/4254/2762 2525/4257/2764
s 134
f 2504/4226/2749 2527/4259/1091 2528/4260/2766
f 2504/4226/2749 2528/4260/2766 2501/4221/2746
f 2529/4261/1090 2530/4262/2767 2528/4260/2766
f 2529/4261/1090 2528/4260/2766 2527/4259/1091
f 2498/4218/2743 2501/4221/2746 2528/4260/2766
f 2498/4218/2743 2528/4260/2766 2530/4262/2767
s 135
f 2509/4232/1052 2531/4263/1051 2532/4264/2768
f 2509/4232/1052 2532/4264/2768 2510/4233/2752
f 2533/4265/2769 2534/4266/2770 2532/4264/2768
f 2533/4265/2769 2532/4264/2768 2531/4263/1051
f 2511/4234/2753 2510/4233/2752 2532/4264/2768
f 2511/4234/2753 2532/4264/2768 2534/4266/2770
s 137
f 2535/4267/1064 2536/4268/1075 2537/4269/2771
f 2535/4267/1064 2537/4269/2771 2538/4270/2772
f 2539/4271/1074 2540/4272/2773 2537/4269/2771
f 2539/4271/1074 2537/4269/2771 2536/4268/1075
f 2541/4273/2774 2538/4270/2772 2537/4269/2771
f 2541/4273/2774 2537/4269/2771 2540/4272/2773
s 135
f 2533/4265/2769 2542/4274/2775 2543/4275/2776
f 2533/4265/2769 2543/4275/2776 2534/4266/2770
f 2512/4235/2754 2515/4238/2757 2543/4275/2776
f 2512/4235/2754 2543/4275/2776 2542/4274/2775
f 2511/4234/2753 2534/4266/2770 2543/4275/2776
f 2511/4234/2753 2543/4275/2776 2515/4238/2757
s 137
f 2544/4276/2777 2545/4277/1065 2546/4278/2778
f 2544/4276/2777 2546/4278/2778 2547/4279/2779
f 2535/4267/1064 2538/4270/2772 2546/4278/2778
f 2535/4267/1064 2546/4278/2778 2545/4277/1065
f 2541/4273/2774 2547/4279/2779 2546/4278/2778
f 2541/4273/2774 2546/4278/2778 2538/4270/2772
s 136
f 2548/4280/2780 2549/4281/1104 2550/4282/2781
f 2548/4280/2780 2550/4282/2781 2551/4283/2782
f 2520/4252/1103 2523/4255/2763 2550/4282/2781
f 2520/4252/1103 2550/4282/2781 2549/4281/1104
f 2526/4258/2765 2551/4283/2782 2550/4282/2781
f 2526/4258/2765 2550/4282/2781 2523/4255/2763
s 134
f 2529/4261/1090 2552/4284/1098 2553/4285/2783
f 2529/4261/1090 2553/4285/2783 2530/4262/2767
f 2516/4245/2758 2519/4247/2760 2553/4285/2783
f 2516/4245/2758 2553/4285/2783 2552/4284/1098
f 2498/4218/2743 2530/4262/2767 2553/4285/2783
f 2498/4218/2743 2553/4285/2783 2519/4247/2760
s 137
f 2541/4273/2774 2554/4286/2784 2555/4287/2785
f 2541/4273/2774 2555/4287/2785 2547/4279/2779
f 2556/4288/1081 2557/4289/1083 2555/4290/2785
f 2556/4288/1081 2555/4290/2785 2554/4291/2784
f 2544/4276/2777 2547/4279/2779 2555/4287/2785
f 2544/4276/2777 2555/4287/2785 2557/4292/1083
f 2539/4271/1074 2558/4293/2786 2559/4294/2787
f 2539/4271/1074 2559/4294/2787 2540/4272/2773
f 2556/4295/1081 2554/4286/2784 2559/4294/2787
f 2556/4296/1081 2559/4297/2787 2558/4298/2786
f 2541/4273/2774 2540/4272/2773 2559/4294/2787
f 2541/4273/2774 2559/4294/2787 2554/4286/2784
s 136
f 2560/4299/2788 2561/4300/2789 2562/4301/2790
f 2560/4302/2788 2562/4303/2790 2563/4304/2791
f 2548/4280/2780 2551/4283/2782 2562/4303/2790
f 2548/4280/2780 2562/4303/2790 2561/4305/2789
f 2526/4258/2765 2563/4304/2791 2562/4303/2790
f 2526/4258/2765 2562/4303/2790 2551/4283/2782
f 2524/4256/1110 2564/4306/2792 2565/4307/2793
f 2524/4256/1110 2565/4307/2793 2525/4257/2764
f 2560/4302/2788 2563/4304/2791 2565/4307/2793
f 2560/4302/2788 2565/4307/2793 2564/4306/2792
f 2526/4258/2765 2525/4257/2764 2565/4307/2793
f 2526/4258/2765 2565/4307/2793 2563/4304/2791
s 138
f 3742/4308/2794 3743/4309/2795 3744/4310/2796
f 3742/4308/2794 3744/4310/2796 3745/4311/2797
f 3746/4312/2798 3747/4313/2799 3744/4314/2796
f 3746/4312/2798 3744/4314/2796 3743/4315/2795
f 3748/4316/1295 3745/4311/2797 3744/4310/2796
f 3748/4316/1295 3744/4310/2796 3747/4317/2799
s 139
f 3749/4318/1282 3750/4319/2800 3751/4320/2801
f 3749/4318/1282 3751/4320/2801 3752/4321/2802
f 3753/4322/1255 3754/4323/2803 3751/4320/2801
f 3753/4322/1255 3751/4320/2801 3750/4319/2800
f 3755/4324/2804 3752/4321/2802 3751/4320/2801
f 3755/4324/2804 3751/4320/2801 3754/4323/2803
f 3756/4325/2805 3757/4326/2806 3758/4327/2807
f 3756/4325/2805 3758/4327/2807 3759/4328/2808
f 3749/4318/1282 3752/4321/2802 3758/4327/2807
f 3749/4329/1282 3758/4330/2807 3757/4331/2806
f 3755/4324/2804 3759/4328/2808 3758/4327/2807
f 3755/4324/2804 3758/4327/2807 3752/4321/2802
s 138
f 3760/4332/1300 3761/4333/2809 3762/4334/2810
f 3760/4332/1300 3762/4334/2810 3763/4335/2811
f 3746/4312/2798 3743/4315/2795 3762/4336/2810
f 3746/4312/2798 3762/4336/2810 3761/4337/2809
f 3742/4308/2794 3763/4335/2811 3762/4334/2810
f 3742/4308/2794 3762/4334/2810 3743/4309/2795
s 140
f 3764/4338/1306 3765/4339/1314 3766/4340/2812
f 3764/4338/1306 3766/4340/2812 3767/4341/2813
f 3768/4342/2814 3769/4343/2815 3766/4340/2812
f 3768/4342/2814 3766/4340/2812 3765/4339/1314
f 3770/4344/2816 3767/4341/2813 3766/4340/2812
f 3770/4344/2816 3766/4340/2812 3769/4343/2815
s 138
f 3748/4316/1295 3771/4345/1294 3772/4346/2817
f 3748/4316/1295 3772/4346/2817 3745/4311/2797
f 3773/4347/1293 3774/4348/2818 3772/4346/2817
f 3773/4347/1293 3772/4346/2817 3771/4345/1294
f 3742/4308/2794 3745/4311/2797 3772/4346/2817
f 3742/4308/2794 3772/4346/2817 3774/4348/2818
s 139
f 3753/4322/1255 3775/4349/1254 3776/4350/2819
f 3753/4322/1255 3776/4350/2819 3754/4323/2803
f 3777/4351/1253 3778/4352/2820 3776/4350/2819
f 3777/4351/1253 3776/4350/2819 3775/4349/1254
f 3755/4324/2804 3754/4323/2803 3776/4350/2819
f 3755/4324/2804 3776/4350/2819 3778/4352/2820
s 141
f 3779/4353/1267 3780/4354/1278 3781/4355/2821
f 3779/4353/1267 3781/4355/2821 3782/4356/2822
f 3783/4357/1277 3784/4358/2823 3781/4355/2821
f 3783/4357/1277 3781/4355/2821 3780/4354/1278
f 3785/4359/2824 3782/4356/2822 3781/4355/2821
f 3785/4359/2824 3781/4355/2821 3784/4358/2823
s 139
f 3777/4351/1253 3786/4360/1262 3787/4361/2825
f 3777/4351/1253 3787/4361/2825 3778/4352/2820
f 3756/4325/2805 3759/4328/2808 3787/4361/2825
f 3756/4325/2805 3787/4361/2825 3786/4360/1262
f 3755/4324/2804 3778/4352/2820 3787/4361/2825
f 3755/4324/2804 3787/4361/2825 3759/4328/2808
s 141
f 3788/4362/1269 3789/4363/2826 3790/4364/2827
f 3788/4362/1269 3790/4364/2827 3791/4365/2828
f 3779/4353/1267 3782/4356/2822 3790/4364/2827
f 3779/4353/1267 3790/4364/2827 3789/4363/2826
f 3785/4359/2824 3791/4365/2828 3790/4364/2827
f 3785/4359/2824 3790/4364/2827 3782/4356/2822
s 140
f 3792/4366/1308 3793/4367/1307 3794/4368/2829
f 3792/4366/1308 3794/4368/2829 3795/4369/2830
f 3764/4338/1306 3767/4341/2813 3794/4368/2829
f 3764/4338/1306 3794/4368/2829 3793/4367/1307
f 3770/4344/2816 3795/4369/2830 3794/4368/2829
f 3770/4344/2816 3794/4368/2829 3767/4341/2813
s 138
f 3773/4347/1293 3796/4370/1301 3797/4371/2831
f 3773/4347/1293 3797/4371/2831 3774/4348/2818
f 3760/4332/1300 3763/4335/2811 3797/4371/2831
f 3760/4332/1300 3797/4371/2831 3796/4370/1301
f 3742/4308/2794 3774/4348/2818 3797/4371/2831
f 3742/4308/2794 3797/4371/2831 3763/4335/2811
s 141
f 3785/4359/2824 3798/4372/2832 3799/4373/2833
f 3785/4359/2824 3799/4373/2833 3791/4365/2828
f 3800/4374/2834 3801/4375/1286 3799/4376/2833
f 3800/4374/2834 3799/4376/2833 3798/4377/2832
f 3788/4362/1269 3791/4365/2828 3799/4373/2833
f 3788/4362/1269 3799/4373/2833 3801/4378/1286
f 3783/4357/1277 3802/4379/2835 3803/4380/2836
f 3783/4357/1277 3803/4380/2836 3784/4358/2823
f 3800/4374/2834 3798/4377/2832 3803/4381/2836
f 3800/4374/2834 3803/4381/2836 3802/4382/2835
f 3785/4359/2824 3784/4358/2823 3803/4380/2836
f 3785/4359/2824 3803/4380/2836 3798/4372/2832
s 140
f 3804/4383/2837 3805/4384/2838 3806/4385/2839
f 3804/4386/2837 3806/4387/2839 3807/4388/2840
f 3792/4366/1308 3795/4369/2830 3806/4387/2839
f 3792/4366/1308 3806/4387/2839 3805/4389/2838
f 3770/4344/2816 3807/4388/2840 3806/4387/2839
f 3770/4344/2816 3806/4387/2839 3795/4369/2830
f 3768/4342/2814 3808/4390/2841 3809/4391/2842
f 3768/4342/2814 3809/4391/2842 3769/4343/2815
f 3804/4386/2837 3807/4388/2840 3809/4391/2842
f 3804/4386/2837 3809/4391/2842 3808/4390/2841
f 3770/4344/2816 3769/4343/2815 3809/4391/2842
f 3770/4344/2816 3809/4391/2842 3807/4388/2840
s 142
f 2566/4392/2843 2567/4393/2844 2568/4394/2845
f 2566/4392/2843 2568/4394/2845 2569/4395/2846
f 2567/4393/2844 2570/4396/2847 2571/4397/2848
f 2567/4393/2844 2571/4397/2848 2568/4394/2845
f 2568/4394/2845 2571/4397/2848 2572/4398/2849
f 2568/4394/2845 2572/4398/2849 2573/4399/2850
f 2569/4395/2846 2568/4394/2845 2573/4399/2850
f 2569/4395/2846 2573/4399/2850 2574/4400/2851
f 2570/4401/2847 2575/4402/2852 2576/4403/2853
f 2570/4401/2847 2576/4403/2853 2571/4404/2848
f 2575/4402/2852 2577/4405/2854 2578/4406/2855
f 2575/4402/2852 2578/4406/2855 2576/4403/2853
f 2576/4403/2853 2578/4406/2855 2579/4407/2856
f 2576/4403/2853 2579/4407/2856 2580/4408/2857
f 2571/4404/2848 2576/4403/2853 2580/4408/2857
f 2571/4404/2848 2580/4408/2857 2572/4409/2849
f 2577/4405/2854 2581/4410/2858 2582/4411/2859
f 2577/4405/2854 2582/4411/2859 2578/4406/2855
f 2581/4410/2858 2583/4412/2860 2584/4413/2861
f 2581/4410/2858 2584/4413/2861 2582/4411/2859
f 2582/4411/2859 2584/4413/2861 2585/4414/2862
f 2582/4411/2859 2585/4414/2862 2586/4415/2863
f 2578/4406/2855 2582/4411/2859 2586/4415/2863
f 2578/4406/2855 2586/4415/2863 2579/4407/2856
f 2583/4412/2860 2587/4416/2864 2588/4417/2865
f 2583/4412/2860 2588/4417/2865 2584/4413/2861
f 2587/4418/2864 2589/4419/2866 2590/4420/2867
f 2587/4418/2864 2590/4420/2867 2588/4421/2865
f 2588/4421/2865 2590/4420/2867 2591/4422/2868
f 2588/4421/2865 2591/4422/2868 2592/4423/2869
f 2584/4413/2861 2588/4417/2865 2592/4424/2869
f 2584/4413/2861 2592/4424/2869 2585/4414/2862
f 2589/4419/2866 2593/4425/2870 2594/4426/2871
f 2589/4419/2866 2594/4426/2871 2590/4420/2867
f 2593/4425/2870 2595/4427/2872 2596/4428/2873
f 2593/4425/2870 2596/4428/2873 2594/4426/2871
f 2594/4426/2871 2596/4428/2873 2597/4429/2874
f 2594/4426/2871 2597/4429/2874 2598/4430/2875
f 2590/4420/2867 2594/4426/2871 2598/4430/2875
f 2590/4420/2867 2598/4430/2875 2591/4422/2868
f 2595/4427/2872 2599/4431/2876 2600/4432/2877
f 2595/4427/2872 2600/4432/2877 2596/4428/2873
f 2599/4431/2876 2601/4433/2878 2602/4434/2879
f 2599/4431/2876 2602/4434/2879 2600/4432/2877
f 2600/4432/2877 2602/4434/2879 2603/4435/2880
f 2600/4432/2877 2603/4435/2880 2604/4436/2881
f 2596/4428/2873 2600/4432/2877 2604/4436/2881
f 2596/4428/2873 2604/4436/2881 2597/4429/2874
f 2601/4433/2878 2605/4437/2882 2606/4438/2883
f 2601/4433/2878 2606/4438/2883 2602/4434/2879
f 2605/4439/2882 2607/4440/2884 2608/4441/2885
f 2605/4439/2882 2608/4441/2885 2606/4442/2883
f 2606/4442/2883 2608/4441/2885 2609/4443/2886
f 2606/4442/2883 2609/4443/2886 2610/4444/2887
f 2602/4434/2879 2606/4438/2883 2610/4445/2887
f 2602/4434/2879 2610/4445/2887 2603/4435/2880
f 2607/4440/2884 2611/4446/2888 2612/4447/2889
f 2607/4440/2884 2612/4447/2889 2608/4441/2885
f 2611/4446/2888 2613/4448/2890 2614/4449/2891
f 2611/4446/2888 2614/4449/2891 2612/4447/2889
f 2612/4447/2889 2614/4449/2891 2615/4450/2892
f 2612/4447/2889 2615/4450/2892 2616/4451/2893
f 2608/4441/2885 2612/4447/2889 2616/4451/2893
f 2608/4441/2885 2616/4451/2893 2609/4443/2886
f 2613/4448/2890 2617/4452/2894 2618/4453/2895
f 2613/4448/2890 2618/4453/2895 2614/4449/2891
f 2617/4452/2894 2619/4454/2896 2620/4455/2897
f 2617/4452/2894 2620/4455/2897 2618/4453/2895
f 2618/4453/2895 2620/4455/2897 2621/4456/2898
f 2618/4453/2895 2621/4456/2898 2622/4457/2899
f 2614/4449/2891 2618/4453/2895 2622/4457/2899
f 2614/4449/2891 2622/4457/2899 2615/4450/2892
f 2619/4454/2896 2623/4458/2900 2624/4459/2901
f 2619/4454/2896 2624/4459/2901 2620/4455/2897
f 2623/4458/2900 2625/4460/2843 2626/4461/2902
f 2623/4458/2900 2626/4461/2902 2624/4459/2901
f 2624/4459/2901 2626/4461/2902 2627/4462/2903
f 2624/4459/2901 2627/4462/2903 2628/4463/2904
f 2620/4455/2897 2624/4459/2901 2628/4463/2904
f 2620/4455/2897 2628/4463/2904 2621/4456/2898
f 2574/4400/2851 2573/4399/2850 2629/4464/2905
f 2574/4400/2851 2629/4464/2905 2630/4465/2906
f 2573/4399/2850 2572/4398/2849 2631/4466/2907
f 2573/4399/2850 2631/4466/2907 2629/4464/2905
f 2629/4467/2905 2631/4468/2907 2632/4469/2908
f 2629/4467/2905 2632/4469/2908 2633/4470/2909
f 2630/4465/2906 2629/4464/2905 2633/4471/2909
f 2630/4465/2906 2633/4471/2909 2634/4472/2910
f 2572/4409/2849 2580/4408/2857 2635/4473/2911
f 2572/4409/2849 2635/4473/2911 2631/4468/2907
f 2580/4408/2857 2579/4407/2856 2636/4474/2912
f 2580/4408/2857 2636/4474/2912 2635/4473/2911
f 2635/4473/2911 2636/4474/2912 2637/4475/2913
f 2635/4473/2911 2637/4475/2913 2638/4476/2914
f 2631/4468/2907 2635/4473/2911 2638/4476/2914
f 2631/4468/2907 2638/4476/2914 2632/4469/2908
f 2579/4407/2856 2586/4415/2863 2639/4477/2915
f 2579/4407/2856 2639/4477/2915 2636/4474/2912
f 2586/4415/2863 2585/4414/2862 2640/4478/2916
f 2586/4415/2863 2640/4478/2916 2639/4477/2915
f 2639/4477/2915 2640/4478/2916 2641/4479/2917
f 2639/4477/2915 2641/4479/2917 2642/4480/2918
f 2636/4474/2912 2639/4477/2915 2642/4480/2918
f 2636/4474/2912 2642/4480/2918 2637/4475/2913
f 2585/4414/2862 2592/4424/2869 2643/4481/2919
f 2585/4414/2862 2643/4481/2919 2640/4478/2916
f 2592/4423/2869 2591/4422/2868 2644/4482/2920
f 2592/4423/2869 2644/4482/2920 2643/4483/2919
f 2643/4483/2919 2644/4482/2920 2645/4484/2921
f 2643/4483/2919 2645/4484/2921 2646/4485/2922
f 2640/4478/2916 2643/4481/2919 2646/4486/2922
f 2640/4478/2916 2646/4486/2922 2641/4479/2917
f 2591/4422/2868 2598/4430/2875 2647/4487/2923
f 2591/4422/2868 2647/4487/2923 2644/4482/2920
f 2598/4430/2875 2597/4429/2874 2648/4488/2924
f 2598/4430/2875 2648/4488/2924 2647/4487/2923
f 2647/4487/2923 2648/4488/2924 2649/4489/2925
f 2647/4487/2923 2649/4489/2925 2650/4490/2926
f 2644/4482/2920 2647/4487/2923 2650/4490/2926
f 2644/4482/2920 2650/4490/2926 2645/4484/2921
f 2597/4429/2874 2604/4436/2881 2651/4491/2927
f 2597/4429/2874 2651/4491/2927 2648/4488/2924
f 2604/4436/2881 2603/4435/2880 2652/4492/2928
f 2604/4436/2881 2652/4492/2928 2651/4491/2927
f 2651/4491/2927 2652/4492/2928 2653/4493/2929
f 2651/4491/2927 2653/4493/2929 2654/4494/2930
f 2648/4488/2924 2651/4491/2927 2654/4494/2930
f 2648/4488/2924 2654/4494/2930 2649/4489/2925
f 2603/4435/2880 2610/4445/2887 2655/4495/2931
f 2603/4435/2880 2655/4495/2931 2652/4492/2928
f 2610/4496/2887 2609/4497/2886 2656/4498/2932
f 2610/4496/2887 2656/4498/2932 2655/4499/2931
f 2655/4499/2931 2656/4498/2932 2657/4500/2933
f 2655/4499/2931 2657/4500/2933 2658/4501/2934
f 2652/4492/2928 2655/4495/2931 2658/4502/2934
f 2652/4492/2928 2658/4502/2934 2653/4493/2929
f 2609/4443/2886 2616/4451/2893 2659/4503/2935
f 2609/4443/2886 2659/4503/2935 2656/4504/2932
f 2616/4451/2893 2615/4450/2892 2660/4505/2936
f 2616/4451/2893 2660/4505/2936 2659/4503/2935
f 2659/4503/2935 2660/4505/2936 2661/4506/2937
f 2659/4503/2935 2661/4506/2937 2662/4507/2938
f 2656/4498/2932 2659/4508/2935 2662/4509/2938
f 2656/4498/2932 2662/4509/2938 2657/4500/2933
f 2615/4450/2892 2622/4457/2899 2663/4510/2939
f 2615/4450/2892 2663/4510/2939 2660/4505/2936
f 2622/4457/2899 2621/4456/2898 2664/4511/2940
f 2622/4457/2899 2664/4511/2940 2663/4510/2939
f 2663/4510/2939 2664/4511/2940 2665/4512/2941
f 2663/4510/2939 2665/4512/2941 2666/4513/2942
f 2660/4505/2936 2663/4510/2939 2666/4513/2942
f 2660/4505/2936 2666/4513/2942 2661/4506/2937
f 2621/4456/2898 2628/4463/2904 2667/4514/2943
f 2621/4456/2898 2667/4514/2943 2664/4511/2940
f 2628/4463/2904 2627/4462/2903 2668/4515/2944
f 2628/4463/2904 2668/4515/2944 2667/4514/2943
f 2667/4514/2943 2668/4515/2944 2669/4516/2945
f 2667/4514/2943 2669/4516/2945 2670/4517/2946
f 2664/4511/2940 2667/4514/2943 2670/4517/2946
f 2664/4511/2940 2670/4517/2946 2665/4512/2941
f 2634/4472/2910 2633/4471/2909 2671/4518/2947
f 2634/4472/2910 2671/4518/2947 2672/4519/2948
f 2633/4470/2909 2632/4469/2908 2673/4520/2949
f 2633/4470/2909 2673/4520/2949 2671/4521/2947
f 2671/4521/2947 2673/4520/2949 2674/4522/2950
f 2671/4521/2947 2674/4522/2950 2675/4523/2951
f 2672/4524/2948 2671/4525/2947 2675/4526/2951
f 2672/4524/2948 2675/4526/2951 2676/4527/2952
f 2632/4469/2908 2638/4476/2914 2677/4528/2953
f 2632/4469/2908 2677/4528/2953 2673/4520/2949
f 2638/4476/2914 2637/4475/2913 2678/4529/2954
f 2638/4476/2914 2678/4529/2954 2677/4528/2953
f 2677/4528/2953 2678/4529/2954 2679/4530/2955
f 2677/4528/2953 2679/4530/2955 2680/4531/2956
f 2673/4520/2949 2677/4528/2953 2680/4531/2956
f 2673/4520/2949 2680/4531/2956 2674/4522/2950
f 2637/4475/2913 2642/4480/2918 2681/4532/2957
f 2637/4475/2913 2681/4532/2957 2678/4529/2954
f 2642/4480/2918 2641/4479/2917 2682/4533/2958
f 2642/4480/2918 2682/4533/2958 2681/4532/2957
f 2681/4532/2957 2682/4533/2958 2683/4534/2959
f 2681/4532/2957 2683/4534/2959 2684/4535/2960
f 2678/4529/2954 2681/4532/2957 2684/4535/2960
f 2678/4529/2954 2684/4535/2960 2679/4530/2955
f 2641/4479/2917 2646/4486/2922 2685/4536/2961
f 2641/4479/2917 2685/4536/2961 2682/4533/2958
f 2646/4485/2922 2645/4484/2921 2686/4537/2962
f 2646/4485/2922 2686/4537/2962 2685/4538/2961
f 2685/4538/2961 2686/4537/2962 2687/4539/2963
f 2685/4538/2961 2687/4539/2963 2688/4540/2964
f 2682/4533/2958 2685/4536/2961 2688/4541/2964
f 2682/4533/2958 2688/4541/2964 2683/4534/2959
f 2645/4484/2921 2650/4490/2926 2689/4542/2965
f 2645/4484/2921 2689/4542/2965 2686/4537/2962
f 2650/4490/2926 2649/4489/2925 2690/4543/2966
f 2650/4490/2926 2690/4543/2966 2689/4542/2965
f 2689/4542/2965 2690/4543/2966 2691/4544/2967
f 2689/4542/2965 2691/4544/2967 2692/4545/2968
f 2686/4537/2962 2689/4542/2965 2692/4545/2968
f 2686/4537/2962 2692/4545/2968 2687/4539/2963
f 2649/4489/2925 2654/4494/2930 2693/4546/2969
f 2649/4489/2925 2693/4546/2969 2690/4543/2966
f 2654/4494/2930 2653/4493/2929 2694/4547/2970
f 2654/4494/2930 2694/4547/2970 2693/4546/2969
f 2693/4546/2969 2694/4547/2970 2695/4548/2971
f 2693/4546/2969 2695/4548/2971 2696/4549/2972
f 2690/4543/2966 2693/4546/2969 2696/4549/2972
f 2690/4543/2966 2696/4549/2972 2691/4544/2967
f 2653/4493/2929 2658/4502/2934 2697/4550/2973
f 2653/4493/2929 2697/4550/2973 2694/4547/2970
f 2658/4501/2934 2657/4500/2933 2698/4551/2974
f 2658/4501/2934 2698/4551/2974 2697/4552/2973
f 2697/4552/2973 2698/4551/2974 2699/4553/2975
f 2697/4552/2973 2699/4553/2975 2700/4554/2976
f 2694/4555/2970 2697/4552/2973 2700/4554/2976
f 2694/4555/2970 2700/4554/2976 2695/4556/2971
f 2657/4500/2933 2662/4509/2938 2701/4557/2977
f 2657/4500/2933 2701/4557/2977 2698/4551/2974
f 2662/4509/2938 2661/4558/2937 2702/4559/2978
f 2662/4509/2938 2702/4559/2978 2701/4557/2977
f 2701/4557/2977 2702/4559/2978 2703/4560/2979
f 2701/4557/2977 2703/4560/2979 2704/4561/2980
f 2698/4551/2974 2701/4557/2977 2704/4561/2980
f 2698/4551/2974 2704/4561/2980 2699/4553/2975
f 2661/4506/2937 2666/4513/2942 2705/4562/2981
f 2661/4506/2937 2705/4562/2981 2702/4563/2978
f 2666/4513/2942 2665/4512/2941 2706/4564/2982
f 2666/4513/2942 2706/4564/2982 2705/4562/2981
f 2705/4562/2981 2706/4564/2982 2707/4565/2983
f 2705/4562/2981 2707/4565/2983 2708/4566/2984
f 2702/4563/2978 2705/4562/2981 2708/4566/2984
f 2702/4563/2978 2708/4566/2984 2703/4567/2979
f 2665/4512/2941 2670/4517/2946 2709/4568/2985
f 2665/4512/2941 2709/4568/2985 2706/4564/2982
f 2670/4517/2946 2669/4516/2945 2710/4569/2986
f 2670/4517/2946 2710/4569/2986 2709/4568/2985
f 2709/4570/2985 2710/4571/2986 2711/4572/2952
f 2709/4570/2985 2711/4572/2952 2712/4573/2987
f 2706/4564/2982 2709/4568/2985 2712/4574/2987
f 2706/4564/2982 2712/4574/2987 2707/4565/2983
f 2676/4527/2952 2675/4526/2951 2713/4575/2988
f 2676/4527/2952 2713/4575/2988 2714/4576/2989
f 2675/4526/2951 2674/4577/2950 2715/4578/2990
f 2675/4526/2951 2715/4578/2990 2713/4575/2988
f 2713/4575/2988 2715/4578/2990 2716/4579/2991
f 2713/4575/2988 2716/4579/2991 2717/4580/2992
f 2714/4576/2989 2713/4575/2988 2717/4580/2992
f 2714/4576/2989 2717/4580/2992 2718/4581/2993
f 2674/4522/2950 2680/4531/2956 2719/4582/2994
f 2674/4522/2950 2719/4582/2994 2715/4583/2990
f 2680/4531/2956 2679/4530/2955 2720/4584/2995
f 2680/4531/2956 2720/4584/2995 2719/4582/2994
f 2719/4582/2994 2720/4584/2995 2721/4585/2996
f 2719/4582/2994 2721/4585/2996 2722/4586/2997
f 2715/4583/2990 2719/4582/2994 2722/4586/2997
f 2715/4583/2990 2722/4586/2997 2716/4587/2991
f 2679/4530/2955 2684/4535/2960 2723/4588/2998
f 2679/4530/2955 2723/4588/2998 2720/4584/2995
f 2684/4535/2960 2683/4534/2959 2724/4589/2999
f 2684/4535/2960 2724/4589/2999 2723/4588/2998
f 2723/4588/2998 2724/4589/2999 2725/4590/3000
f 2723/4588/2998 2725/4590/3000 2726/4591/3001
f 2720/4584/2995 2723/4588/2998 2726/4591/3001
f 2720/4584/2995 2726/4591/3001 2721/4585/2996
f 2683/4534/2959 2688/4541/2964 2727/4592/3002
f 2683/4534/2959 2727/4592/3002 2724/4589/2999
f 2688/4540/2964 2687/4539/2963 2728/4593/3003
f 2688/4540/2964 2728/4593/3003 2727/4594/3002
f 2727/4594/3002 2728/4593/3003 2729/4595/3004
f 2727/4594/3002 2729/4595/3004 2730/4596/3005
f 2724/4589/2999 2727/4592/3002 2730/4597/3005
f 2724/4589/2999 2730/4597/3005 2725/4590/3000
f 2687/4539/2963 2692/4545/2968 2731/4598/3006
f 2687/4539/2963 2731/4598/3006 2728/4593/3003
f 2692/4545/2968 2691/4544/2967 2732/4599/3007
f 2692/4545/2968 2732/4599/3007 2731/4598/3006
f 2731/4598/3006 2732/4599/3007 2733/4600/3008
f 2731/4598/3006 2733/4600/3008 2734/4601/3009
f 2728/4593/3003 2731/4598/3006 2734/4601/3009
f 2728/4593/3003 2734/4601/3009 2729/4595/3004
f 2691/4544/2967 2696/4549/2972 2735/4602/3010
f 2691/4544/2967 2735/4602/3010 2732/4599/3007
f 2696/4549/2972 2695/4548/2971 2736/4603/3011
f 2696/4549/2972 2736/4603/3011 2735/4602/3010
f 2735/4602/3010 2736/4603/3011 2737/4604/3012
f 2735/4602/3010 2737/4604/3012 2738/4605/3013
f 2732/4599/3007 2735/4602/3010 2738/4605/3013
f 2732/4599/3007 2738/4605/3013 2733/4600/3008
f 2695/4556/2971 2700/4554/2976 2739/4606/3014
f 2695/4556/2971 2739/4606/3014 2736/4607/3011
f 2700/4554/2976 2699/4553/2975 2740/4608/3015
f 2700/4554/2976 2740/4608/3015 2739/4606/3014
f 2739/4606/3014 2740/4608/3015 2741/4609/3016
f 2739/4606/3014 2741/4609/3016 2742/4610/3017
f 2736/4607/3011 2739/4606/3014 2742/4610/3017
f 2736/4607/3011 2742/4610/3017 2737/4611/3012
f 2699/4553/2975 2704/4561/2980 2743/4612/3018
f 2699/4553/2975 2743/4612/3018 2740/4608/3015
f 2704/4561/2980 2703/4560/2979 2744/4613/3019
f 2704/4561/2980 2744/4613/3019 2743/4612/3018
f 2743/4612/3018 2744/4613/3019 2745/4614/3020
f 2743/4612/3018 2745/4614/3020 2746/4615/3021
f 2740/4608/3015 2743/4612/3018 2746/4615/3021
f 2740/4608/3015 2746/4615/3021 2741/4609/3016
f 2703/4560/2979 2708/4616/2984 2747/4617/3022
f 2703/4560/2979 2747/4617/3022 2744/4613/3019
f 2708/4566/2984 2707/4565/2983 2748/4618/3023
f 2708/4566/2984 2748/4618/3023 2747/4619/3022
f 2747/4620/3022 2748/4621/3023 2749/4622/3024
f 2747/4620/3022 2749/4622/3024 2750/4623/3025
f 2744/4613/3019 2747/4617/3022 2750/4624/3025
f 2744/4613/3019 2750/4624/3025 2745/4614/3020
f 2707/4625/2983 2712/4573/2987 2751/4626/3026
f 2707/4625/2983 2751/4626/3026 2748/4621/3023
f 2712/4573/2987 2711/4572/2952 2752/4627/3027
f 2712/4573/2987 2752/4627/3027 2751/4626/3026
f 2751/4626/3026 2752/4627/3027 2753/4628/2993
f 2751/4626/3026 2753/4628/2993 2754/4629/3028
f 2748/4621/3023 2751/4626/3026 2754/4629/3028
f 2748/4621/3023 2754/4629/3028 2749/4622/3024
f 2718/4581/2993 2717/4580/2992 2755/4630/3029
f 2718/4581/2993 2755/4630/3029 2756/4631/3030
f 2717/4580/2992 2716/4579/2991 2757/4632/3031
f 2717/4580/2992 2757/4632/3031 2755/4630/3029
f 2755/4630/3029 2757/4632/3031 2758/4633/3032
f 2755/4630/3029 2758/4633/3032 2759/4634/3033
f 2756/4631/3030 2755/4630/3029 2759/4634/3033
f 2756/4631/3030 2759/4634/3033 2760/4635/3034
f 2716/4587/2991 2722/4586/2997 2761/4636/3035
f 2716/4587/2991 2761/4636/3035 2757/4637/3031
f 2722/4586/2997 2721/4585/2996 2762/4638/3036
f 2722/4586/2997 2762/4638/3036 2761/4636/3035
f 2761/4636/3035 2762/4638/3036 2763/4639/3037
f 2761/4636/3035 2763/4639/3037 2764/4640/3038
f 2757/4637/3031 2761/4636/3035 2764/4640/3038
f 2757/4637/3031 2764/4640/3038 2758/4641/3032
f 2721/4585/2996 2726/4591/3001 2765/4642/3039
f 2721/4585/2996 2765/4642/3039 2762/4638/3036
f 2726/4591/3001 2725/4590/3000 2766/4643/3040
f 2726/4591/3001 2766/4643/3040 2765/4642/3039
f 2765/4642/3039 2766/4643/3040 2767/4644/3041
f 2765/4642/3039 2767/4644/3041 2768/4645/3042
f 2762/4638/3036 2765/4642/3039 2768/4645/3042
f 2762/4638/3036 2768/4645/3042 2763/4639/3037
f 2725/4590/3000 2730/4597/3005 2769/4646/3043
f 2725/4590/3000 2769/4646/3043 2766/4643/3040
f 2730/4596/3005 2729/4595/3004 2770/4647/3044
f 2730/4596/3005 2770/4647/3044 2769/4648/3043
f 2769/4648/3043 2770/4647/3044 2771/4649/3045
f 2769/4648/3043 2771/4649/3045 2772/4650/3046
f 2766/4643/3040 2769/4646/3043 2772/4651/3046
f 2766/4643/3040 2772/4651/3046 2767/4644/3041
f 2729/4595/3004 2734/4601/3009 2773/4652/3047
f 2729/4595/3004 2773/4652/3047 2770/4647/3044
f 2734/4601/3009 2733/4600/3008 2774/4653/3048
f 2734/4601/3009 2774/4653/3048 2773/4652/3047
f 2773/4652/3047 2774/4653/3048 2775/4654/3049
f 2773/4652/3047 2775/4654/3049 2776/4655/3050
f 2770/4647/3044 2773/4652/3047 2776/4655/3050
f 2770/4647/3044 2776/4655/3050 2771/4649/3045
f 2733/4600/3008 2738/4605/3013 2777/4656/3051
f 2733/4600/3008 2777/4656/3051 2774/4653/3048
f 2738/4605/3013 2737/4604/3012 2778/4657/3052
f 2738/4605/3013 2778/4657/3052 2777/4656/3051
f 2777/4656/3051 2778/4657/3052 2779/4658/3053
f 2777/4656/3051 2779/4658/3053 2780/4659/3054
f 2774/4653/3048 2777/4656/3051 2780/4659/3054
f 2774/4653/3048 2780/4659/3054 2775/4654/3049
f 2737/4611/3012 2742/4610/3017 2781/4660/3055
f 2737/4611/3012 2781/4660/3055 2778/4661/3052
f 2742/4610/3017 2741/4609/3016 2782/4662/3056
f 2742/4610/3017 2782/4662/3056 2781/4660/3055
f 2781/4660/3055 2782/4662/3056 2783/4663/3057
f 2781/4660/3055 2783/4663/3057 2784/4664/3058
f 2778/4661/3052 2781/4660/3055 2784/4664/3058
f 2778/4661/3052 2784/4664/3058 2779/4665/3053
f 2741/4609/3016 2746/4615/3021 2785/4666/3059
f 2741/4609/3016 2785/4666/3059 2782/4662/3056
f 2746/4615/3021 2745/4614/3020 2786/4667/3060
f 2746/4615/3021 2786/4667/3060 2785/4666/3059
f 2785/4666/3059 2786/4667/3060 2787/4668/3061
f 2785/4666/3059 2787/4668/3061 2788/4669/3062
f 2782/4662/3056 2785/4666/3059 2788/4669/3062
f 2782/4662/3056 2788/4669/3062 2783/4663/3057
f 2745/4614/3020 2750/4624/3025 2789/4670/3063
f 2745/4614/3020 2789/4670/3063 2786/4667/3060
f 2750/4623/3025 2749/4622/3024 2790/4671/3064
f 2750/4623/3025 2790/4671/3064 2789/4672/3063
f 2789/4672/3063 2790/4671/3064 2791/4673/3065
f 2789/4672/3063 2791/4673/3065 2792/4674/3066
f 2786/4667/3060 2789/4670/3063 2792/4675/3066
f 2786/4667/3060 2792/4675/3066 2787/4668/3061
f 2749/4622/3024 2754/4629/3028 2793/4676/3067
f 2749/4622/3024 2793/4676/3067 2790/4671/3064
f 2754/4629/3028 2753/4628/2993 2794/4677/3030
f 2754/4629/3028 2794/4677/3030 2793/4676/3067
f 2793/4676/3067 2794/4677/3030 2795/4678/3068
f 2793/4676/3067 2795/4678/3068 2796/4679/3069
f 2790/4671/3064 2793/4676/3067 2796/4679/3069
f 2790/4671/3064 2796/4679/3069 2791/4673/3065
f 2760/4635/3034 2759/4634/3033 2797/4680/3070
f 2760/4635/3034 2797/4680/3070 2798/4681/3071
f 2759/4634/3033 2758/4633/3032 2799/4682/3072
f 2759/4634/3033 2799/4682/3072 2797/4680/3070
f 2797/4680/3070 2799/4682/3072 2800/4683/3073
f 2797/4680/3070 2800/4683/3073 2801/4684/3074
f 2798/4681/3071 2797/4680/3070 2801/4684/3074
f 2798/4681/3071 2801/4684/3074 2802/4685/3075
f 2758/4641/3032 2764/4640/3038 2803/4686/3076
f 2758/4641/3032 2803/4686/3076 2799/4687/3072
f 2764/4640/3038 2763/4639/3037 2804/4688/3077
f 2764/4640/3038 2804/4688/3077 2803/4686/3076
f 2803/4686/3076 2804/4688/3077 2805/4689/3078
f 2803/4686/3076 2805/4689/3078 2806/4690/3079
f 2799/4687/3072 2803/4686/3076 2806/4690/3079
f 2799/4687/3072 2806/4690/3079 2800/4691/3073
f 2763/4639/3037 2768/4645/3042 2807/4692/3080
f 2763/4639/3037 2807/4692/3080 2804/4688/3077
f 2768/4645/3042 2767/4644/3041 2808/4693/3081
f 2768/4645/3042 2808/4693/3081 2807/4692/3080
f 2807/4692/3080 2808/4693/3081 2809/4694/3082
f 2807/4692/3080 2809/4694/3082 2810/4695/3083
f 2804/4688/3077 2807/4692/3080 2810/4695/3083
f 2804/4688/3077 2810/4695/3083 2805/4689/3078
f 2767/4644/3041 2772/4651/3046 2811/4696/3084
f 2767/4644/3041 2811/4696/3084 2808/4693/3081
f 2772/4650/3046 2771/4649/3045 2812/4697/3085
f 2772/4650/3046 2812/4697/3085 2811/4698/3084
f 2811/4698/3084 2812/4697/3085 2813/4699/3086
f 2811/4698/3084 2813/4699/3086 2814/4700/3087
f 2808/4701/3081 2811/4702/3084 2814/4703/3087
f 2808/4701/3081 2814/4703/3087 2809/4704/3082
f 2771/4649/3045 2776/4655/3050 2815/4705/3088
f 2771/4649/3045 2815/4705/3088 2812/4697/3085
f 2776/4655/3050 2775/4654/3049 2816/4706/3089
f 2776/4655/3050 2816/4706/3089 2815/4705/3088
f 2815/4705/3088 2816/4706/3089 2817/4707/3090
f 2815/4705/3088 2817/4707/3090 2818/4708/3091
f 2812/4697/3085 2815/4705/3088 2818/4708/3091
f 2812/4697/3085 2818/4708/3091 2813/4699/3086
f 2775/4654/3049 2780/4659/3054 2819/4709/3092
f 2775/4654/3049 2819/4709/3092 2816/4706/3089
f 2780/4659/3054 2779/4658/3053 2820/4710/3093
f 2780/4659/3054 2820/4710/3093 2819/4709/3092
f 2819/4709/3092 2820/4710/3093 2821/4711/3094
f 2819/4709/3092 2821/4711/3094 2822/4712/3095
f 2816/4706/3089 2819/4709/3092 2822/4712/3095
f 2816/4706/3089 2822/4712/3095 2817/4707/3090
f 2779/4665/3053 2784/4664/3058 2823/4713/3096
f 2779/4665/3053 2823/4713/3096 2820/4714/3093
f 2784/4664/3058 2783/4663/3057 2824/4715/3097
f 2784/4664/3058 2824/4715/3097 2823/4713/3096
f 2823/4713/3096 2824/4715/3097 2825/4716/3098
f 2823/4713/3096 2825/4716/3098 2826/4717/3099
f 2820/4714/3093 2823/4713/3096 2826/4717/3099
f 2820/4714/3093 2826/4717/3099 2821/4718/3094
f 2783/4663/3057 2788/4669/3062 2827/4719/3100
f 2783/4663/3057 2827/4719/3100 2824/4715/3097
f 2788/4669/3062 2787/4668/3061 2828/4720/3101
f 2788/4669/3062 2828/4720/3101 2827/4719/3100
f 2827/4719/3100 2828/4720/3101 2829/4721/3102
f 2827/4719/3100 2829/4721/3102 2830/4722/3103
f 2824/4715/3097 2827/4719/3100 2830/4722/3103
f 2824/4715/3097 2830/4722/3103 2825/4716/3098
f 2787/4668/3061 2792/4675/3066 2831/4723/3104
f 2787/4668/3061 2831/4723/3104 2828/4720/3101
f 2792/4674/3066 2791/4673/3065 2832/4724/3105
f 2792/4674/3066 2832/4724/3105 2831/4725/3104
f 2831/4725/3104 2832/4724/3105 2833/4726/3106
f 2831/4725/3104 2833/4726/3106 2834/4727/3107
f 2828/4720/3101 2831/4723/3104 2834/4728/3107
f 2828/4720/3101 2834/4728/3107 2829/4721/3102
f 2791/4673/3065 2796/4679/3069 2835/4729/3108
f 2791/4673/3065 2835/4729/3108 2832/4724/3105
f 2796/4679/3069 2795/4678/3068 2836/4730/3071
f 2796/4679/3069 2836/4730/3071 2835/4729/3108
f 2835/4729/3108 2836/4730/3071 2837/4731/3075
f 2835/4729/3108 2837/4731/3075 2838/4732/3109
f 2832/4724/3105 2835/4729/3108 2838/4732/3109
f 2832/4724/3105 2838/4732/3109 2833/4726/3106
f 2802/4685/3075 2801/4684/3074 2839/4733/3110
f 2802/4685/3075 2839/4733/3110 2840/4734/3111
f 2801/4684/3074 2800/4683/3073 2841/4735/3112
f 2801/4684/3074 2841/4735/3112 2839/4733/3110
f 2839/4733/3110 2841/4735/3112 2842/4736/3113
f 2839/4733/3110 2842/4736/3113 2843/4737/3114
f 2840/4734/3111 2839/4733/3110 2843/4737/3114
f 2840/4734/3111 2843/4737/3114 2844/4738/3115
f 2800/4683/3073 2806/4739/3079 2845/4740/3116
f 2800/4683/3073 2845/4740/3116 2841/4735/3112
f 2806/4690/3079 2805/4689/3078 2846/4741/3117
f 2806/4690/3079 2846/4741/3117 2845/4742/3116
f 2845/4743/3116 2846/4744/3117 2847/4745/3118
f 2845/4743/3116 2847/4745/3118 2848/4746/3119
f 2841/4735/3112 2845/4740/3116 2848/4747/3119
f 2841/4735/3112 2848/4747/3119 2842/4736/3113
f 2805/4748/3078 2810/4749/3083 2849/4750/3120
f 2805/4748/3078 2849/4750/3120 2846/4744/3117
f 2810/4749/3083 2809/4704/3082 2850/4751/3121
f 2810/4749/3083 2850/4751/3121 2849/4750/3120
f 2849/4750/3120 2850/4751/3121 2851/4752/3122
f 2849/4750/3120 2851/4752/3122 2852/4753/3123
f 2846/4744/3117 2849/4750/3120 2852/4753/3123
f 2846/4744/3117 2852/4753/3123 2847/4745/3118
f 2809/4704/3082 2814/4703/3087 2853/4754/3124
f 2809/4704/3082 2853/4754/3124 2850/4751/3121
f 2814/4703/3087 2813/4755/3086 2854/4756/3125
f 2814/4703/3087 2854/4756/3125 2853/4754/3124
f 2853/4754/3124 2854/4756/3125 2855/4757/3126
f 2853/4754/3124 2855/4757/3126 2856/4758/3127
f 2850/4751/3121 2853/4754/3124 2856/4758/3127
f 2850/4751/3121 2856/4758/3127 2851/4752/3122
f 2813/4699/3086 2818/4708/3091 2857/4759/3128
f 2813/4699/3086 2857/4759/3128 2854/4760/3125
f 2818/4708/3091 2817/4707/3090 2858/4761/3129
f 2818/4708/3091 2858/4761/3129 2857/4759/3128
f 2857/4759/3128 2858/4761/3129 2859/4762/3130
f 2857/4759/3128 2859/4762/3130 2860/4763/3131
f 2854/4756/3125 2857/4764/3128 2860/4765/3131
f 2854/4756/3125 2860/4765/3131 2855/4757/3126
f 2817/4707/3090 2822/4712/3095 2861/4766/3132
f 2817/4707/3090 2861/4766/3132 2858/4761/3129
f 2822/4767/3095 2821/4718/3094 2862/4768/3133
f 2822/4767/3095 2862/4768/3133 2861/4769/3132
f 2861/4769/3132 2862/4768/3133 2863/4770/3134
f 2861/4769/3132 2863/4770/3134 2864/4771/3135
f 2858/4761/3129 2861/4766/3132 2864/4772/3135
f 2858/4761/3129 2864/4772/3135 2859/4762/3130
f 2821/4718/3094 2826/4717/3099 2865/4773/3136
f 2821/4718/3094 2865/4773/3136 2862/4768/3133
f 2826/4717/3099 2825/4716/3098 2866/4774/3137
f 2826/4717/3099 2866/4774/3137 2865/4773/3136
f 2865/4773/3136 2866/4774/3137 2867/4775/3138
f 2865/4773/3136 2867/4775/3138 2868/4776/3139
f 2862/4768/3133 2865/4773/3136 2868/4776/3139
f 2862/4768/3133 2868/4776/3139 2863/4770/3134
f 2825/4716/3098 2830/4722/3103 2869/4777/3140
f 2825/4716/3098 2869/4777/3140 2866/4774/3137
f 2830/4722/3103 2829/4721/3102 2870/4778/3141
f 2830/4722/3103 2870/4778/3141 2869/4777/3140
f 2869/4777/3140 2870/4778/3141 2871/4779/3142
f 2869/4777/3140 2871/4779/3142 2872/4780/3143
f 2866/4774/3137 2869/4777/3140 2872/4780/3143
f 2866/4774/3137 2872/4780/3143 2867/4775/3138
f 2829/4721/3102 2834/4728/3107 2873/4781/3144
f 2829/4721/3102 2873/4781/3144 2870/4778/3141
f 2834/4727/3107 2833/4726/3106 2874/4782/3145
f 2834/4727/3107 2874/4782/3145 2873/4783/3144
f 2873/4783/3144 2874/4782/3145 2875/4784/3146
f 2873/4783/3144 2875/4784/3146 2876/4785/3147
f 2870/4778/3141 2873/4781/3144 2876/4786/3147
f 2870/4778/3141 2876/4786/3147 2871/4779/3142
f 2833/4726/3106 2838/4732/3109 2877/4787/3148
f 2833/4726/3106 2877/4787/3148 2874/4782/3145
f 2838/4732/3109 2837/4731/3075 2878/4788/3149
f 2838/4732/3109 2878/4788/3149 2877/4787/3148
f 2877/4787/3148 2878/4788/3149 2879/4789/3150
f 2877/4787/3148 2879/4789/3150 2880/4790/3151
f 2874/4782/3145 2877/4787/3148 2880/4790/3151
f 2874/4782/3145 2880/4790/3151 2875/4784/3146
f 2844/4738/3115 2843/4737/3114 2881/4791/3152
f 2844/4738/3115 2881/4791/3152 2882/4792/3153
f 2843/4737/3114 2842/4736/3113 2883/4793/3154
f 2843/4737/3114 2883/4793/3154 2881/4791/3152
f 2881/4791/3152 2883/4793/3154 2884/4794/3155
f 2881/4791/3152 2884/4794/3155 2885/4795/3156
f 2882/4792/3153 2881/4791/3152 2885/4795/3156
f 2882/4792/3153 2885/4795/3156 2886/4796/3157
f 2842/4797/3113 2848/4746/3119 2887/4798/3158
f 2842/4797/3113 2887/4798/3158 2883/4799/3154
f 2848/4746/3119 2847/4745/3118 2888/4800/3159
f 2848/4746/3119 2888/4800/3159 2887/4798/3158
f 2887/4798/3158 2888/4800/3159 2889/4801/3160
f 2887/4798/3158 2889/4801/3160 2890/4802/3161
f 2883/4799/3154 2887/4798/3158 2890/4802/3161
f 2883/4799/3154 2890/4802/3161 2884/4803/3155
f 2847/4745/3118 2852/4753/3123 2891/4804/3162
f 2847/4745/3118 2891/4804/3162 2888/4800/3159
f 2852/4753/3123 2851/4752/3122 2892/4805/3163
f 2852/4753/3123 2892/4805/3163 2891/4804/3162
f 2891/4804/3162 2892/4805/3163 2893/4806/3164
f 2891/4804/3162 2893/4806/3164 2894/4807/3165
f 2888/4800/3159 2891/4804/3162 2894/4807/3165
f 2888/4800/3159 2894/4807/3165 2889/4801/3160
f 2851/4752/3122 2856/4758/3127 2895/4808/3166
f 2851/4752/3122 2895/4808/3166 2892/4805/3163
f 2856/4758/3127 2855/4757/3126 2896/4809/3167
f 2856/4758/3127 2896/4809/3167 2895/4808/3166
f 2895/4808/3166 2896/4809/3167 2897/4810/3168
f 2895/4808/3166 2897/4810/3168 2898/4811/3169
f 2892/4805/3163 2895/4808/3166 2898/4811/3169
f 2892/4805/3163 2898/4811/3169 2893/4806/3164
f 2855/4757/3126 2860/4765/3131 2899/4812/3170
f 2855/4757/3126 2899/4812/3170 2896/4809/3167
f 2860/4765/3131 2859/4813/3130 2900/4814/3171
f 2860/4765/3131 2900/4814/3171 2899/4812/3170
f 2899/4812/3170 2900/4814/3171 2901/4815/3172
f 2899/4812/3170 2901/4815/3172 2902/4816/3173
f 2896/4809/3167 2899/4812/3170 2902/4816/3173
f 2896/4809/3167 2902/4816/3173 2897/4810/3168
f 2859/4813/3130 2864/4817/3135 2903/4818/3174
f 2859/4813/3130 2903/4818/3174 2900/4814/3171
f 2864/4771/3135 2863/4770/3134 2904/4819/3175
f 2864/4771/3135 2904/4819/3175 2903/4820/3174
f 2903/4818/3174 2904/4821/3175 2905/4822/3176
f 2903/4818/3174 2905/4822/3176 2906/4823/3177
f 2900/4814/3171 2903/4818/3174 2906/4823/3177
f 2900/4814/3171 2906/4823/3177 2901/4815/3172
f 2863/4770/3134 2868/4776/3139 2907/4824/3178
f 2863/4770/3134 2907/4824/3178 2904/4819/3175
f 2868/4776/3139 2867/4775/3138 2908/4825/3179
f 2868/4776/3139 2908/4825/3179 2907/4824/3178
f 2907/4824/3178 2908/4825/3179 2909/4826/3180
f 2907/4824/3178 2909/4826/3180 2910/4827/3181
f 2904/4819/3175 2907/4824/3178 2910/4827/3181
f 2904/4819/3175 2910/4827/3181 2905/4828/3176
f 2867/4775/3138 2872/4780/3143 2911/4829/3182
f 2867/4775/3138 2911/4829/3182 2908/4825/3179
f 2872/4780/3143 2871/4779/3142 2912/4830/3183
f 2872/4780/3143 2912/4830/3183 2911/4829/3182
f 2911/4829/3182 2912/4830/3183 2913/4831/3184
f 2911/4829/3182 2913/4831/3184 2914/4832/3185
f 2908/4825/3179 2911/4829/3182 2914/4832/3185
f 2908/4825/3179 2914/4832/3185 2909/4826/3180
f 2871/4779/3142 2876/4786/3147 2915/4833/3186
f 2871/4779/3142 2915/4833/3186 2912/4830/3183
f 2876/4785/3147 2875/4784/3146 2916/4834/3187
f 2876/4785/3147 2916/4834/3187 2915/4835/3186
f 2915/4835/3186 2916/4834/3187 2917/4836/3188
f 2915/4835/3186 2917/4836/3188 2918/4837/3189
f 2912/4830/3183 2915/4833/3186 2918/4838/3189
f 2912/4830/3183 2918/4838/3189 2913/4831/3184
f 2875/4784/3146 2880/4790/3151 2919/4839/3190
f 2875/4784/3146 2919/4839/3190 2916/4834/3187
f 2880/4790/3151 2879/4789/3150 2920/4840/3191
f 2880/4790/3151 2920/4840/3191 2919/4839/3190
f 2919/4839/3190 2920/4840/3191 2921/4841/3157
f 2919/4839/3190 2921/4841/3157 2922/4842/3192
f 2916/4834/3187 2919/4839/3190 2922/4842/3192
f 2916/4834/3187 2922/4842/3192 2917/4836/3188
f 2570/4396/2847 2567/4393/2844 2923/4843/3193
f 2570/4396/2847 2923/4843/3193 2924/4844/3194
f 2566/4392/2843 2925/4845/3195 2923/4843/3193
f 2566/4392/2843 2923/4843/3193 2567/4393/2844
f 2926/4846/3196 2924/4844/3194 2923/4843/3193
f 2926/4846/3196 2923/4843/3193 2925/4845/3195
f 2577/4405/2854 2575/4402/2852 2927/4847/3197
f 2577/4405/2854 2927/4847/3197 2928/4848/3198
f 2570/4849/2847 2929/4850/3199 2927/4851/3197
f 2570/4849/2847 2927/4851/3197 2575/4852/2852
f 2930/4853/3200 2928/4854/3198 2927/4851/3197
f 2930/4853/3200 2927/4851/3197 2929/4850/3199
f 2583/4412/2860 2581/4410/2858 2931/4855/3201
f 2583/4412/2860 2931/4855/3201 2932/4856/3202
f 2577/4405/2854 2933/4848/3203 2931/4855/3201
f 2577/4405/2854 2931/4855/3201 2581/4410/2858
f 2934/4857/3204 2932/4858/3202 2931/4859/3201
f 2934/4857/3204 2931/4859/3201 2933/4860/3203
f 2589/4419/2866 2587/4418/2864 2935/4861/3205
f 2589/4419/2866 2935/4861/3205 2936/4862/3206
f 2583/4412/2860 2937/4856/3202 2935/4863/3205
f 2583/4412/2860 2935/4863/3205 2587/4416/2864
f 2938/4864/3207 2936/4865/3206 2935/4866/3205
f 2938/4864/3207 2935/4866/3205 2937/4867/3202
f 2595/4427/2872 2593/4425/2870 2939/4868/3208
f 2595/4427/2872 2939/4868/3208 2940/4869/3209
f 2589/4419/2866 2941/4862/3210 2939/4868/3208
f 2589/4419/2866 2939/4868/3208 2593/4425/2870
f 2942/4870/3211 2940/4871/3209 2939/4872/3208
f 2942/4870/3211 2939/4872/3208 2941/4873/3210
f 2601/4433/2878 2599/4431/2876 2943/4874/3212
f 2601/4875/2878 2943/4876/3212 2944/4877/3213
f 2595/4427/2872 2945/4869/3214 2943/4874/3212
f 2595/4427/2872 2943/4874/3212 2599/4431/2876
f 2946/4878/3215 2944/4877/3213 2943/4876/3212
f 2946/4878/3215 2943/4876/3212 2945/4879/3214
f 2607/4440/2884 2605/4439/2882 2947/4880/3216
f 2607/4440/2884 2947/4880/3216 2948/4881/3217
f 2601/4882/2878 2949/4883/3213 2947/4880/3216
f 2601/4882/2878 2947/4880/3216 2605/4439/2882
f 2950/4884/3218 2948/4881/3217 2947/4880/3216
f 2950/4884/3218 2947/4880/3216 2949/4883/3213
f 2613/4448/2890 2611/4446/2888 2951/4885/3219
f 2613/4448/2890 2951/4885/3219 2952/4886/3220
f 2607/4440/2884 2953/4881/3221 2951/4885/3219
f 2607/4440/2884 2951/4885/3219 2611/4446/2888
f 2954/4884/3218 2952/4886/3220 2951/4885/3219
f 2954/4884/3218 2951/4885/3219 2953/4881/3221
f 2619/4454/2896 2617/4452/2894 2955/4887/3222
f 2619/4454/2896 2955/4887/3222 2956/4888/3223
f 2613/4448/2890 2957/4886/3224 2955/4887/3222
f 2613/4448/2890 2955/4887/3222 2617/4452/2894
f 2958/4884/3218 2956/4888/3223 2955/4887/3222
f 2958/4884/3218 2955/4887/3222 2957/4886/3224
f 2625/4460/2843 2623/4458/2900 2959/4889/3225
f 2625/4460/2843 2959/4889/3225 2960/4890/3226
f 2619/4454/2896 2961/4888/3223 2959/4889/3225
f 2619/4454/2896 2959/4889/3225 2623/4458/2900
f 2962/4884/3227 2960/4890/3226 2959/4889/3225
f 2962/4884/3227 2959/4889/3225 2961/4888/3223
f 2886/4891/3157 2885/4892/3156 2963/4893/3228
f 2886/4891/3157 2963/4893/3228 2964/4894/3229
f 2884/4895/3155 2965/4896/3230 2963/4893/3228
f 2884/4895/3155 2963/4893/3228 2885/4892/3156
f 2966/4897/3231 2964/4894/3229 2963/4893/3228
f 2966/4897/3231 2963/4893/3228 2965/4896/3230
f 2884/4803/3155 2890/4802/3161 2967/4898/3232
f 2884/4803/3155 2967/4898/3232 2968/4899/3233
f 2889/4801/3160 2969/4900/3234 2967/4898/3232
f 2889/4801/3160 2967/4898/3232 2890/4802/3161
f 2970/4901/3235 2968/4899/3233 2967/4898/3232
f 2970/4901/3235 2967/4898/3232 2969/4900/3234
f 2889/4801/3160 2894/4807/3165 2971/4902/3236
f 2889/4801/3160 2971/4902/3236 2972/4900/3237
f 2893/4806/3164 2973/4903/3238 2971/4902/3236
f 2893/4806/3164 2971/4902/3236 2894/4807/3165
f 2974/4901/3235 2972/4900/3237 2971/4902/3236
f 2974/4901/3235 2971/4902/3236 2973/4903/3238
f 2893/4806/3164 2898/4811/3169 2975/4904/3239
f 2893/4806/3164 2975/4904/3239 2976/4903/3240
f 2897/4810/3168 2977/4905/3241 2975/4904/3239
f 2897/4810/3168 2975/4904/3239 2898/4811/3169
f 2978/4901/3242 2976/4903/3240 2975/4904/3239
f 2978/4901/3242 2975/4904/3239 2977/4905/3241
f 2897/4810/3168 2902/4816/3173 2979/4906/3243
f 2897/4810/3168 2979/4906/3243 2980/4905/3244
f 2901/4815/3172 2981/4907/3245 2979/4906/3243
f 2901/4815/3172 2979/4906/3243 2902/4816/3173
f 2982/4901/3242 2980/4905/3244 2979/4906/3243
f 2982/4901/3242 2979/4906/3243 2981/4907/3245
f 2901/4815/3172 2906/4823/3177 2983/4908/3246
f 2901/4815/3172 2983/4908/3246 2984/4907/3247
f 2905/4822/3176 2985/4909/3248 2983/4908/3246
f 2905/4822/3176 2983/4908/3246 2906/4823/3177
f 2986/4901/3249 2984/4907/3247 2983/4908/3246
f 2986/4901/3249 2983/4908/3246 2985/4909/3248
f 2905/4910/3176 2910/4911/3181 2987/4912/3250
f 2905/4910/3176 2987/4912/3250 2988/4913/3248
f 2909/4914/3180 2989/4915/3251 2987/4912/3250
f 2909/4914/3180 2987/4912/3250 2910/4911/3181
f 2990/4916/3252 2988/4913/3248 2987/4912/3250
f 2990/4916/3252 2987/4912/3250 2989/4915/3251
f 2909/4826/3180 2914/4832/3185 2991/4917/3253
f 2909/4918/3180 2991/4919/3253 2992/4920/3254
f 2913/4921/3184 2993/4922/3255 2991/4919/3253
f 2913/4831/3184 2991/4917/3253 2914/4832/3185
f 2994/4923/3256 2992/4920/3254 2991/4919/3253
f 2994/4923/3256 2991/4919/3253 2993/4922/3255
f 2913/4924/3184 2918/4925/3189 2995/4926/3257
f 2913/4924/3184 2995/4926/3257 2996/4927/3258
f 2917/4836/3188 2997/4928/3259 2995/4929/3257
f 2917/4836/3188 2995/4929/3257 2918/4837/3189
f 2998/4930/3260 2996/4927/3258 2995/4926/3257
f 2998/4930/3260 2995/4926/3257 2997/4931/3259
f 2917/4836/3188 2922/4842/3192 2999/4932/3261
f 2917/4836/3188 2999/4932/3261 3000/4928/3262
f 2921/4933/3157 3001/4934/3263 2999/4935/3261
f 2921/4841/3157 2999/4932/3261 2922/4842/3192
f 3002/4936/3264 3000/4937/3262 2999/4935/3261
f 3002/4936/3264 2999/4935/3261 3001/4934/3263
s 143
f 3427/4938/3265 3428/4939/3266 3429/4940/3267
f 3427/4938/3265 3429/4940/3267 3430/4941/3267
s 144
f 3431/4942/3268 3432/4943/3269 3433/4944/3270
f 3431/4942/3268 3433/4944/3270 3434/4945/3270
s 145
f 3435/4946/3271 3436/4947/3271 3437/4948/3272
f 3435/4946/3271 3437/4948/3272 3438/4949/3273
s 146
f 3439/4950/3274 3440/4951/3274 3441/4952/3275
f 3439/4950/3274 3441/4952/3275 3442/4953/3276
s 147
f 3443/4954/3277 3444/4955/3278 3445/4956/3279
f 3443/4954/3277 3445/4956/3279 3446/4957/3280
s 148
f 3447/4958/3281 3448/4959/3282 3449/4960/3283
f 3447/4958/3281 3449/4960/3283 3450/4961/3284
s 144
f 3451/4962/3285 3452/4963/3285 3432/4964/3269
f 3451/4962/3285 3432/4964/3269 3431/4965/3268
s 147
f 3453/4966/3286 3444/4955/3278 3443/4954/3277
f 3453/4966/3286 3443/4954/3277 3454/4967/3287
s 146
f 3442/4953/3276 3441/4952/3275 3455/4968/3288
f 3442/4953/3276 3455/4968/3288 3456/4969/3288
s 148
f 3449/4960/3283 3448/4959/3282 3457/4970/3289
f 3449/4960/3283 3457/4970/3289 3458/4971/3290
s 143
f 3459/4972/3291 3460/4973/3291 3428/4939/3266
f 3459/4972/3291 3428/4939/3266 3427/4938/3265
s 147
f 3461/4974/3292 3462/4975/3293 3444/4955/3278
f 3461/4974/3292 3444/4955/3278 3453/4966/3286
f 3445/4956/3279 3444/4955/3278 3462/4975/3293
f 3445/4956/3279 3462/4975/3293 3463/4976/3294
s 145
f 3438/4949/3273 3437/4948/3272 3464/4977/3295
f 3438/4949/3273 3464/4977/3295 3465/4978/3295
s 148
f 3466/4979/3296 3467/4980/3297 3448/4959/3282
f 3466/4979/3296 3448/4959/3282 3447/4958/3281
f 3457/4970/3289 3448/4959/3282 3467/4980/3297
f 3457/4970/3289 3467/4980/3297 3468/4981/3298
s 149
f 3469/4982/3299 3470/4983/3300 3471/4984/3301
f 3469/4982/3299 3471/4984/3301 3472/4985/3301
s 150
f 3473/4986/3302 3474/4987/3303 3475/4988/3304
f 3473/4986/3302 3475/4988/3304 3476/4989/3304
s 151
f 3477/4990/3305 3478/4991/3305 3479/4992/3306
f 3477/4990/3305 3479/4992/3306 3480/4993/3307
s 152
f 3481/4994/3308 3482/4995/3308 3483/4996/3309
f 3481/4994/3308 3483/4996/3309 3484/4997/3310
s 153
f 3485/4998/3311 3486/4999/3312 3487/5000/3313
f 3485/4998/3311 3487/5000/3313 3488/5001/3314
s 154
f 3489/5002/3315 3490/5003/3316 3491/5004/3317
f 3489/5002/3315 3491/5004/3317 3492/5005/3318
s 150
f 3493/5006/3319 3494/5007/3320 3474/4987/3303
f 3493/5006/3319 3474/4987/3303 3473/4986/3302
s 153
f 3495/5008/3321 3496/5009/3322 3486/4999/3312
f 3495/5008/3321 3486/4999/3312 3485/4998/3311
s 152
f 3484/4997/3310 3483/4996/3309 3497/5010/3323
f 3484/4997/3310 3497/5010/3323 3498/5011/3324
s 154
f 3491/5004/3317 3490/5003/3316 3499/5012/3325
f 3491/5004/3317 3499/5012/3325 3500/5013/3326
s 150
f 3501/5014/3327 3502/5015/3327 3494/5016/3320
f 3501/5014/3327 3494/5016/3320 3493/5017/3319
s 153
f 3503/5018/3328 3496/5009/3322 3495/5008/3321
f 3503/5018/3328 3495/5008/3321 3504/5019/3329
s 152
f 3498/5011/3324 3497/5010/3323 3505/5020/3330
f 3498/5011/3324 3505/5020/3330 3506/5021/3330
s 154
f 3500/5013/3326 3499/5012/3325 3507/5022/3331
f 3500/5013/3326 3507/5022/3331 3508/5023/3332
s 149
f 3509/5024/3333 3510/5025/3333 3470/4983/3300
f 3509/5024/3333 3470/4983/3300 3469/4982/3299
s 153
f 3511/5026/3334 3512/5027/3335 3496/5009/3322
f 3511/5026/3334 3496/5009/3322 3503/5018/3328
f 3486/4999/3312 3496/5009/3322 3512/5027/3335
f 3486/4999/3312 3512/5027/3335 3513/5028/3336
f 3487/5000/3313 3486/4999/3312 3513/5028/3336
f 3487/5000/3313 3513/5028/3336 3514/5029/3337
s 151
f 3480/5030/3307 3479/5031/3306 3515/5032/3338
f 3480/5030/3307 3515/5032/3338 3516/5033/3338
s 154
f 3517/5034/3339 3518/5035/3340 3490/5003/3316
f 3517/5034/3339 3490/5003/3316 3489/5002/3315
f 3499/5012/3325 3490/5003/3316 3518/5035/3340
f 3499/5012/3325 3518/5035/3340 3519/5036/3341
f 3507/5022/3331 3499/5012/3325 3519/5036/3341
f 3507/5022/3331 3519/5036/3341 3520/5037/3342
s 155
f 3810/5038/3343 3811/5039/3344 3812/5040/3345
f 3810/5038/3343 3812/5040/3345 3813/5041/3346
f 3811/5039/3344 3814/5042/3347 3815/5043/3348
f 3811/5039/3344 3815/5043/3348 3812/5040/3345
f 3812/5040/3345 3815/5043/3348 3816/5044/3349
f 3812/5040/3345 3816/5044/3349 3817/5045/3350
f 3813/5041/3346 3812/5040/3345 3817/5045/3350
f 3813/5041/3346 3817/5045/3350 3818/5046/3351
f 3814/5042/3347 3819/5047/3352 3820/5048/3353
f 3814/5042/3347 3820/5048/3353 3815/5043/3348
f 3819/5047/3352 3821/5049/3354 3822/5050/3355
f 3819/5047/3352 3822/5050/3355 3820/5048/3353
f 3820/5048/3353 3822/5050/3355 3823/5051/3356
f 3820/5048/3353 3823/5051/3356 3824/5052/3357
f 3815/5043/3348 3820/5048/3353 3824/5052/3357
f 3815/5043/3348 3824/5052/3357 3816/5044/3349
f 3821/5049/3354 3825/5053/3358 3826/5054/3359
f 3821/5049/3354 3826/5054/3359 3822/5050/3355
f 3825/5053/3358 3827/5055/3360 3828/5056/3361
f 3825/5053/3358 3828/5056/3361 3826/5054/3359
f 3826/5054/3359 3828/5056/3361 3829/5057/3362
f 3826/5054/3359 3829/5057/3362 3830/5058/3363
f 3822/5050/3355 3826/5054/3359 3830/5058/3363
f 3822/5050/3355 3830/5058/3363 3823/5051/3356
f 3827/5055/3360 3831/5059/3364 3832/5060/3365
f 3827/5055/3360 3832/5060/3365 3828/5056/3361
f 3831/5059/3364 3833/5061/3366 3834/5062/3367
f 3831/5059/3364 3834/5062/3367 3832/5060/3365
f 3832/5060/3365 3834/5062/3367 3835/5063/3368
f 3832/5060/3365 3835/5063/3368 3836/5064/3369
f 3828/5056/3361 3832/5060/3365 3836/5064/3369
f 3828/5056/3361 3836/5064/3369 3829/5057/3362
f 3833/5061/3366 3837/5065/3370 3838/5066/3371
f 3833/5061/3366 3838/5066/3371 3834/5062/3367
f 3837/5065/3370 3839/5067/3372 3840/5068/3373
f 3837/5065/3370 3840/5068/3373 3838/5066/3371
f 3838/5066/3371 3840/5068/3373 3841/5069/3374
f 3838/5066/3371 3841/5069/3374 3842/5070/3375
f 3834/5062/3367 3838/5066/3371 3842/5070/3375
f 3834/5062/3367 3842/5070/3375 3835/5063/3368
f 3839/5071/3372 3843/5072/3376 3844/5073/3377
f 3839/5071/3372 3844/5073/3377 3840/5074/3373
f 3843/5072/3376 3845/5075/3378 3846/5076/3379
f 3843/5072/3376 3846/5076/3379 3844/5073/3377
f 3844/5073/3377 3846/5076/3379 3847/5077/3380
f 3844/5073/3377 3847/5077/3380 3848/5078/3381
f 3840/5074/3373 3844/5073/3377 3848/5078/3381
f 3840/5074/3373 3848/5078/3381 3841/5079/3374
f 3845/5075/3378 3849/5080/3382 3850/5081/3383
f 3845/5075/3378 3850/5081/3383 3846/5076/3379
f 3849/5080/3382 3851/5082/3384 3852/5083/3385
f 3849/5080/3382 3852/5083/3385 3850/5081/3383
f 3850/5081/3383 3852/5083/3385 3853/5084/3386
f 3850/5081/3383 3853/5084/3386 3854/5085/3387
f 3846/5076/3379 3850/5081/3383 3854/5085/3387
f 3846/5076/3379 3854/5085/3387 3847/5077/3380
f 3851/5082/3384 3855/5086/3388 3856/5087/3389
f 3851/5082/3384 3856/5087/3389 3852/5083/3385
f 3855/5088/3388 3857/5089/3390 3858/5090/3391
f 3855/5086/3388 3858/5091/3391 3856/5087/3389
f 3856/5087/3389 3858/5091/3391 3859/5092/3392
f 3856/5087/3389 3859/5092/3392 3860/5093/3393
f 3852/5083/3385 3856/5087/3389 3860/5093/3393
f 3852/5083/3385 3860/5093/3393 3853/5084/3386
f 3857/5089/3390 3861/5094/3394 3862/5095/3395
f 3857/5089/3390 3862/5095/3395 3858/5090/3391
f 3861/5094/3394 3863/5096/3396 3864/5097/3397
f 3861/5094/3394 3864/5097/3397 3862/5095/3395
f 3862/5095/3395 3864/5097/3397 3865/5098/3398
f 3862/5095/3395 3865/5098/3398 3866/5099/3399
f 3858/5090/3391 3862/5095/3395 3866/5099/3399
f 3858/5090/3391 3866/5099/3399 3859/5100/3392
f 3863/5096/3396 3867/5101/3400 3868/5102/3401
f 3863/5096/3396 3868/5102/3401 3864/5097/3397
f 3867/5101/3400 3869/5103/3343 3870/5041/3346
f 3867/5101/3400 3870/5041/3346 3868/5102/3401
f 3868/5102/3401 3870/5041/3346 3871/5046/3351
f 3868/5102/3401 3871/5046/3351 3872/5104/3402
f 3864/5097/3397 3868/5102/3401 3872/5104/3402
f 3864/5097/3397 3872/5104/3402 3865/5098/3398
f 3818/5046/3351 3817/5045/3350 3873/5105/3403
f 3818/5046/3351 3873/5105/3403 3874/5106/3404
f 3817/5045/3350 3816/5044/3349 3875/5107/3405
f 3817/5045/3350 3875/5107/3405 3873/5105/3403
f 3873/5105/3403 3875/5107/3405 3876/5108/3406
f 3873/5105/3403 3876/5108/3406 3877/5109/3407
f 3874/5106/3404 3873/5105/3403 3877/5109/3407
f 3874/5106/3404 3877/5109/3407 3878/5110/3408
f 3816/5044/3349 3824/5052/3357 3879/5111/3409
f 3816/5044/3349 3879/5111/3409 3875/5107/3405
f 3824/5052/3357 3823/5051/3356 3880/5112/3410
f 3824/5052/3357 3880/5112/3410 3879/5111/3409
f 3879/5111/3409 3880/5112/3410 3881/5113/3411
f 3879/5111/3409 3881/5113/3411 3882/5114/3412
f 3875/5107/3405 3879/5111/3409 3882/5114/3412
f 3875/5107/3405 3882/5114/3412 3876/5108/3406
f 3823/5051/3356 3830/5058/3363 3883/5115/3413
f 3823/5051/3356 3883/5115/3413 3880/5112/3410
f 3830/5058/3363 3829/5057/3362 3884/5116/3414
f 3830/5058/3363 3884/5116/3414 3883/5115/3413
f 3883/5115/3413 3884/5116/3414 3885/5117/3415
f 3883/5115/3413 3885/5117/3415 3886/5118/3416
f 3880/5112/3410 3883/5115/3413 3886/5118/3416
f 3880/5112/3410 3886/5118/3416 3881/5113/3411
f 3829/5057/3362 3836/5064/3369 3887/5119/3417
f 3829/5057/3362 3887/5119/3417 3884/5116/3414
f 3836/5064/3369 3835/5063/3368 3888/5120/3418
f 3836/5064/3369 3888/5120/3418 3887/5119/3417
f 3887/5119/3417 3888/5120/3418 3889/5121/3419
f 3887/5119/3417 3889/5121/3419 3890/5122/3420
f 3884/5116/3414 3887/5119/3417 3890/5122/3420
f 3884/5116/3414 3890/5122/3420 3885/5117/3415
f 3835/5063/3368 3842/5070/3375 3891/5123/3421
f 3835/5063/3368 3891/5123/3421 3888/5120/3418
f 3842/5124/3375 3841/5079/3374 3892/5125/3422
f 3842/5124/3375 3892/5125/3422 3891/5126/3421
f 3891/5126/3421 3892/5125/3422 3893/5127/3423
f 3891/5123/3421 3893/5128/3423 3894/5129/3424
f 3888/5120/3418 3891/5123/3421 3894/5129/3424
f 3888/5120/3418 3894/5129/3424 3889/5121/3419
f 3841/5079/3374 3848/5078/3381 3895/5130/3425
f 3841/5079/3374 3895/5130/3425 3892/5125/3422
f 3848/5078/3381 3847/5077/3380 3896/5131/3426
f 3848/5078/3381 3896/5131/3426 3895/5130/3425
f 3895/5132/3425 3896/5133/3426 3897/5134/3427
f 3895/5132/3425 3897/5134/3427 3898/5135/3428
f 3892/5136/3422 3895/5132/3425 3898/5135/3428
f 3892/5125/3422 3898/5137/3428 3893/5127/3423
f 3847/5077/3380 3854/5085/3387 3899/5138/3429
f 3847/5077/3380 3899/5138/3429 3896/5131/3426
f 3854/5085/3387 3853/5084/3386 3900/5139/3430
f 3854/5085/3387 3900/5139/3430 3899/5138/3429
f 3899/5140/3429 3900/5141/3430 3901/5142/3431
f 3899/5140/3429 3901/5142/3431 3902/5143/3432
f 3896/5133/3426 3899/5140/3429 3902/5143/3432
f 3896/5133/3426 3902/5143/3432 3897/5134/3427
f 3853/5084/3386 3860/5093/3393 3903/5144/3433
f 3853/5084/3386 3903/5144/3433 3900/5139/3430
f 3860/5093/3393 3859/5092/3392 3904/5145/3434
f 3860/5093/3393 3904/5145/3434 3903/5144/3433
f 3903/5144/3433 3904/5145/3434 3905/5146/3435
f 3903/5144/3433 3905/5146/3435 3906/5147/3436
f 3900/5139/3430 3903/5144/3433 3906/5147/3436
f 3900/5141/3430 3906/5148/3436 3901/5142/3431
f 3859/5100/3392 3866/5099/3399 3907/5149/3437
f 3859/5092/3392 3907/5150/3437 3904/5145/3434
f 3866/5099/3399 3865/5098/3398 3908/5151/3438
f 3866/5099/3399 3908/5151/3438 3907/5149/3437
f 3907/5149/3437 3908/5151/3438 3909/5152/3439
f 3907/5149/3437 3909/5152/3439 3910/5153/3440
f 3904/5145/3434 3907/5150/3437 3910/5154/3440
f 3904/5145/3434 3910/5154/3440 3905/5146/3435
f 3865/5098/3398 3872/5104/3402 3911/5155/3441
f 3865/5098/3398 3911/5155/3441 3908/5151/3438
f 3872/5104/3402 3871/5046/3351 3912/5106/3404
f 3872/5104/3402 3912/5106/3404 3911/5155/3441
f 3911/5155/3441 3912/5106/3404 3913/5110/3442
f 3911/5155/3441 3913/5110/3442 3914/5156/3443
f 3908/5151/3438 3911/5155/3441 3914/5156/3443
f 3908/5151/3438 3914/5156/3443 3909/5152/3439
f 3878/5110/3408 3877/5109/3407 3915/5157/3444
f 3878/5110/3408 3915/5157/3444 3916/5158/3445
f 3877/5109/3407 3876/5108/3406 3917/5159/3446
f 3877/5109/3407 3917/5159/3446 3915/5157/3444
f 3915/5157/3444 3917/5159/3446 3918/5160/3447
f 3915/5157/3444 3918/5160/3447 3919/5161/3448
f 3916/5162/3445 3915/5163/3444 3919/5164/3448
f 3916/5162/3445 3919/5164/3448 3920/5165/3449
f 3876/5108/3406 3882/5114/3412 3921/5166/3450
f 3876/5108/3406 3921/5166/3450 3917/5159/3446
f 3882/5114/3412 3881/5113/3411 3922/5167/3451
f 3882/5114/3412 3922/5167/3451 3921/5166/3450
f 3921/5166/3450 3922/5167/3451 3923/5168/3452
f 3921/5166/3450 3923/5168/3452 3924/5169/3453
f 3917/5159/3446 3921/5166/3450 3924/5169/3453
f 3917/5159/3446 3924/5169/3453 3918/5160/3447
f 3881/5113/3411 3886/5118/3416 3925/5170/3454
f 3881/5113/3411 3925/5170/3454 3922/5167/3451
f 3886/5118/3416 3885/5117/3415 3926/5171/3455
f 3886/5118/3416 3926/5171/3455 3925/5170/3454
f 3925/5170/3454 3926/5171/3455 3927/5172/3456
f 3925/5170/3454 3927/5172/3456 3928/5173/3457
f 3922/5167/3451 3925/5170/3454 3928/5173/3457
f 3922/5167/3451 3928/5173/3457 3923/5168/3452
f 3885/5117/3415 3890/5122/3420 3929/5174/3458
f 3885/5117/3415 3929/5174/3458 3926/5171/3455
f 3890/5122/3420 3889/5121/3419 3930/5175/3459
f 3890/5122/3420 3930/5175/3459 3929/5174/3458
f 3929/5174/3458 3930/5175/3459 3931/5176/3460
f 3929/5174/3458 3931/5176/3460 3932/5177/3461
f 3926/5171/3455 3929/5174/3458 3932/5177/3461
f 3926/5171/3455 3932/5177/3461 3927/5172/3456
f 3889/5121/3419 3894/5129/3424 3933/5178/3462
f 3889/5121/3419 3933/5178/3462 3930/5175/3459
f 3894/5129/3424 3893/5128/3423 3934/5179/3463
f 3894/5129/3424 3934/5179/3463 3933/5178/3462
f 3933/5180/3462 3934/5181/3463 3935/5182/3464
f 3933/5180/3462 3935/5182/3464 3936/5183/3465
f 3930/5184/3459 3933/5180/3462 3936/5183/3465
f 3930/5175/3459 3936/5185/3465 3931/5176/3460
f 3893/5128/3423 3898/5135/3428 3937/5186/3466
f 3893/5128/3423 3937/5186/3466 3934/5179/3463
f 3898/5135/3428 3897/5134/3427 3938/5187/3467
f 3898/5135/3428 3938/5187/3467 3937/5186/3466
f 3937/5186/3466 3938/5187/3467 3939/5188/3468
f 3937/5186/3466 3939/5188/3468 3940/5189/3469
f 3934/5179/3463 3937/5186/3466 3940/5189/3469
f 3934/5179/3463 3940/5189/3469 3935/5190/3464
f 3897/5134/3427 3902/5143/3432 3941/5191/3470
f 3897/5134/3427 3941/5191/3470 3938/5187/3467
f 3902/5143/3432 3901/5142/3431 3942/5192/3471
f 3902/5143/3432 3942/5192/3471 3941/5191/3470
f 3941/5191/3470 3942/5192/3471 3943/5193/3472
f 3941/5191/3470 3943/5193/3472 3944/5194/3473
f 3938/5187/3467 3941/5191/3470 3944/5194/3473
f 3938/5187/3467 3944/5194/3473 3939/5188/3468
f 3901/5142/3431 3906/5148/3436 3945/5195/3474
f 3901/5142/3431 3945/5195/3474 3942/5192/3471
f 3906/5148/3436 3905/5196/3435 3946/5197/3475
f 3906/5148/3436 3946/5197/3475 3945/5195/3474
f 3945/5198/3474 3946/5199/3475 3947/5200/3476
f 3945/5198/3474 3947/5200/3476 3948/5201/3477
f 3942/5192/3471 3945/5195/3474 3948/5202/3477
f 3942/5192/3471 3948/5202/3477 3943/5193/3472
f 3905/5196/3435 3910/5153/3440 3949/5203/3478
f 3905/5196/3435 3949/5203/3478 3946/5197/3475
f 3910/5153/3440 3909/5152/3439 3950/5204/3479
f 3910/5153/3440 3950/5204/3479 3949/5203/3478
f 3949/5205/3478 3950/5206/3479 3951/5207/3480
f 3949/5205/3478 3951/5207/3480 3952/5208/3481
f 3946/5199/3475 3949/5205/3478 3952/5208/3481
f 3946/5199/3475 3952/5208/3481 3947/5200/3476
f 3909/5152/3439 3914/5156/3443 3953/5209/3482
f 3909/5152/3439 3953/5209/3482 3950/5204/3479
f 3914/5156/3443 3913/5110/3442 3954/5158/3445
f 3914/5156/3443 3954/5158/3445 3953/5209/3482
f 3953/5210/3482 3954/5211/3445 3955/5212/3483
f 3953/5210/3482 3955/5212/3483 3956/5213/3484
f 3950/5206/3479 3953/5210/3482 3956/5213/3484
f 3950/5206/3479 3956/5213/3484 3951/5207/3480
f 3920/5165/3449 3919/5164/3448 3957/5214/3485
f 3920/5165/3449 3957/5214/3485 3958/5215/3486
f 3919/5164/3448 3918/5216/3447 3959/5217/3487
f 3919/5164/3448 3959/5217/3487 3957/5214/3485
f 3957/5214/3485 3959/5217/3487 3960/5218/3488
f 3957/5214/3485 3960/5218/3488 3961/5219/3489
f 3958/5215/3486 3957/5214/3485 3961/5219/3489
f 3958/5215/3486 3961/5219/3489 3962/5220/3490
f 3918/5221/3447 3924/5222/3453 3963/5223/3491
f 3918/5221/3447 3963/5223/3491 3959/5224/3487
f 3924/5222/3453 3923/5225/3452 3964/5226/3492
f 3924/5222/3453 3964/5226/3492 3963/5223/3491
f 3963/5223/3491 3964/5226/3492 3965/5227/3493
f 3963/5223/3491 3965/5227/3493 3966/5228/3494
f 3959/5224/3487 3963/5223/3491 3966/5228/3494
f 3959/5224/3487 3966/5228/3494 3960/5229/3488
f 3923/5168/3452 3928/5173/3457 3967/5230/3495
f 3923/5168/3452 3967/5230/3495 3964/5231/3492
f 3928/5173/3457 3927/5172/3456 3968/5232/3496
f 3928/5173/3457 3968/5232/3496 3967/5230/3495
f 3967/5233/3495 3968/5234/3496 3969/5235/3497
f 3967/5233/3495 3969/5235/3497 3970/5236/3498
f 3964/5226/3492 3967/5237/3495 3970/5238/3498
f 3964/5226/3492 3970/5238/3498 3965/5227/3493
f 3927/5239/3456 3932/5240/3461 3971/5241/3499
f 3927/5172/3456 3971/5242/3499 3968/5232/3496
f 3932/5240/3461 3931/5243/3460 3972/5244/3500
f 3932/5240/3461 3972/5244/3500 3971/5241/3499
f 3971/5241/3499 3972/5244/3500 3973/5245/3501
f 3971/5241/3499 3973/5245/3501 3974/5246/3502
f 3968/5234/3496 3971/5241/3499 3974/5246/3502
f 3968/5234/3496 3974/5246/3502 3969/5235/3497
f 3931/5243/3460 3936/5183/3465 3975/5247/3503
f 3931/5243/3460 3975/5247/3503 3972/5244/3500
f 3936/5183/3465 3935/5182/3464 3976/5248/3504
f 3936/5183/3465 3976/5248/3504 3975/5247/3503
f 3975/5247/3503 3976/5248/3504 3977/5249/3505
f 3975/5247/3503 3977/5249/3505 3978/5250/3506
f 3972/5244/3500 3975/5247/3503 3978/5250/3506
f 3972/5244/3500 3978/5250/3506 3973/5245/3501
f 3935/5182/3464 3940/5251/3469 3979/5252/3507
f 3935/5182/3464 3979/5252/3507 3976/5248/3504
f 3940/5189/3469 3939/5188/3468 3980/5253/3508
f 3940/5189/3469 3980/5253/3508 3979/5254/3507
f 3979/5252/3507 3980/5255/3508 3981/5256/3509
f 3979/5252/3507 3981/5256/3509 3982/5257/3510
f 3976/5248/3504 3979/5252/3507 3982/5257/3510
f 3976/5248/3504 3982/5257/3510 3977/5249/3505
f 3939/5188/3468 3944/5194/3473 3983/5258/3511
f 3939/5188/3468 3983/5258/3511 3980/5253/3508
f 3944/5194/3473 3943/5193/3472 3984/5259/3512
f 3944/5194/3473 3984/5259/3512 3983/5258/3511
f 3983/5258/3511 3984/5259/3512 3985/5260/3513
f 3983/5258/3511 3985/5260/3513 3986/5261/3514
f 3980/5253/3508 3983/5258/3511 3986/5261/3514
f 3980/5253/3508 3986/5261/3514 3981/5262/3509
f 3943/5193/3472 3948/5202/3477 3987/5263/3515
f 3943/5193/3472 3987/5263/3515 3984/5259/3512
f 3948/5201/3477 3947/5200/3476 3988/5264/3516
f 3948/5201/3477 3988/5264/3516 3987/5265/3515
f 3987/5265/3515 3988/5264/3516 3989/5266/3517
f 3987/5265/3515 3989/5266/3517 3990/5267/3518
f 3984/5268/3512 3987/5265/3515 3990/5267/3518
f 3984/5268/3512 3990/5267/3518 3985/5269/3513
f 3947/5200/3476 3952/5208/3481 3991/5270/3519
f 3947/5200/3476 3991/5270/3519 3988/5264/3516
f 3952/5208/3481 3951/5207/3480 3992/5271/3520
f 3952/5208/3481 3992/5271/3520 3991/5270/3519
f 3991/5270/3519 3992/5271/3520 3993/5272/3521
f 3991/5270/3519 3993/5272/3521 3994/5273/3522
f 3988/5264/3516 3991/5270/3519 3994/5273/3522
f 3988/5264/3516 3994/5273/3522 3989/5266/3517
f 3951/5207/3480 3956/5213/3484 3995/5274/3523
f 3951/5207/3480 3995/5274/3523 3992/5271/3520
f 3956/5213/3484 3955/5212/3483 3996/5275/3524
f 3956/5213/3484 3996/5275/3524 3995/5274/3523
f 3995/5274/3523 3996/5275/3524 3997/5276/3525
f 3995/5274/3523 3997/5276/3525 3998/5277/3526
f 3992/5271/3520 3995/5274/3523 3998/5277/3526
f 3992/5271/3520 3998/5277/3526 3993/5272/3521
f 3962/5220/3490 3961/5219/3489 3999/5278/3527
f 3962/5220/3490 3999/5278/3527 4000/5279/3528
f 3961/5219/3489 3960/5218/3488 4001/5280/3529
f 3961/5219/3489 4001/5280/3529 3999/5278/3527
f 3999/5281/3527 4001/5282/3529 4002/5283/3530
f 3999/5281/3527 4002/5283/3530 4003/5284/3531
f 4000/5285/3528 3999/5281/3527 4003/5284/3531
f 4000/5285/3528 4003/5284/3531 4004/5286/3532
f 3960/5229/3488 3966/5228/3494 4005/5287/3533
f 3960/5229/3488 4005/5287/3533 4001/5288/3529
f 3966/5289/3494 3965/5290/3493 4006/5291/3534
f 3966/5289/3494 4006/5291/3534 4005/5292/3533
f 4005/5292/3533 4006/5291/3534 4007/5293/3535
f 4005/5292/3533 4007/5293/3535 4008/5294/3536
f 4001/5282/3529 4005/5292/3533 4008/5294/3536
f 4001/5282/3529 4008/5294/3536 4002/5283/3530
f 3965/5295/3493 3970/5236/3498 4009/5296/3537
f 3965/5295/3493 4009/5296/3537 4006/5297/3534
f 3970/5236/3498 3969/5235/3497 4010/5298/3538
f 3970/5236/3498 4010/5298/3538 4009/5296/3537
f 4009/5296/3537 4010/5298/3538 4011/5299/3539
f 4009/5296/3537 4011/5299/3539 4012/5300/3540
f 4006/5291/3534 4009/5301/3537 4012/5302/3540
f 4006/5291/3534 4012/5302/3540 4007/5293/3535
f 3969/5235/3497 3974/5246/3502 4013/5303/3541
f 3969/5235/3497 4013/5303/3541 4010/5298/3538
f 3974/5246/3502 3973/5245/3501 4014/5304/3542
f 3974/5246/3502 4014/5304/3542 4013/5303/3541
f 4013/5303/3541 4014/5304/3542 4015/5305/3543
f 4013/5303/3541 4015/5305/3543 4016/5306/3544
f 4010/5298/3538 4013/5303/3541 4016/5306/3544
f 4010/5298/3538 4016/5306/3544 4011/5299/3539
f 3973/5245/3501 3978/5250/3506 4017/5307/3545
f 3973/5245/3501 4017/5307/3545 4014/5304/3542
f 3978/5250/3506 3977/5249/3505 4018/5308/3546
f 3978/5250/3506 4018/5308/3546 4017/5307/3545
f 4017/5307/3545 4018/5308/3546 4019/5309/3547
f 4017/5307/3545 4019/5309/3547 4020/5310/3548
f 4014/5304/3542 4017/5307/3545 4020/5310/3548
f 4014/5304/3542 4020/5310/3548 4015/5305/3543
f 3977/5249/3505 3982/5257/3510 4021/5311/3549
f 3977/5249/3505 4021/5311/3549 4018/5308/3546
f 3982/5257/3510 3981/5256/3509 4022/5312/3550
f 3982/5257/3510 4022/5312/3550 4021/5311/3549
f 4021/5311/3549 4022/5312/3550 4023/5313/3551
f 4021/5314/3549 4023/5315/3551 4024/5316/3552
f 4018/5308/3546 4021/5311/3549 4024/5317/3552
f 4018/5308/3546 4024/5317/3552 4019/5309/3547
f 3981/5318/3509 3986/5319/3514 4025/5320/3553
f 3981/5318/3509 4025/5320/3553 4022/5321/3550
f 3986/5319/3514 3985/5322/3513 4026/5323/3554
f 3986/5319/3514 4026/5323/3554 4025/5320/3553
f 4025/5320/3553 4026/5323/3554 4027/5324/3555
f 4025/5320/3553 4027/5324/3555 4028/5325/3556
f 4022/5321/3550 4025/5320/3553 4028/5325/3556
f 4022/5321/3550 4028/5325/3556 4023/5315/3551
f 3985/5269/3513 3990/5267/3518 4029/5326/3557
f 3985/5269/3513 4029/5326/3557 4026/5327/3554
f 3990/5267/3518 3989/5266/3517 4030/5328/3558
f 3990/5267/3518 4030/5328/3558 4029/5326/3557
f 4029/5326/3557 4030/5328/3558 4031/5329/3559
f 4029/5326/3557 4031/5329/3559 4032/5330/3560
f 4026/5323/3554 4029/5331/3557 4032/5332/3560
f 4026/5323/3554 4032/5332/3560 4027/5324/3555
f 3989/5266/3517 3994/5273/3522 4033/5333/3561
f 3989/5266/3517 4033/5333/3561 4030/5328/3558
f 3994/5273/3522 3993/5272/3521 4034/5334/3562
f 3994/5273/3522 4034/5334/3562 4033/5333/3561
f 4033/5333/3561 4034/5334/3562 4035/5335/3563
f 4033/5333/3561 4035/5335/3563 4036/5336/3564
f 4030/5328/3558 4033/5333/3561 4036/5336/3564
f 4030/5328/3558 4036/5336/3564 4031/5329/3559
f 3993/5272/3521 3998/5277/3526 4037/5337/3565
f 3993/5272/3521 4037/5337/3565 4034/5334/3562
f 3998/5277/3526 3997/5276/3525 4038/5338/3566
f 3998/5277/3526 4038/5338/3566 4037/5337/3565
f 4037/5337/3565 4038/5338/3566 4039/5339/3567
f 4037/5337/3565 4039/5339/3567 4040/5340/3568
f 4034/5334/3562 4037/5337/3565 4040/5340/3568
f 4034/5334/3562 4040/5340/3568 4035/5335/3563
f 4004/5286/3532 4003/5284/3531 4041/5341/3569
f 4004/5286/3532 4041/5341/3569 4042/5342/3570
f 4003/5284/3531 4002/5283/3530 4043/5343/3571
f 4003/5284/3531 4043/5343/3571 4041/5341/3569
f 4041/5341/3569 4043/5343/3571 4044/5344/3572
f 4041/5341/3569 4044/5344/3572 4045/5345/3573
f 4042/5342/3570 4041/5341/3569 4045/5345/3573
f 4042/5342/3570 4045/5345/3573 4046/5346/3574
f 4002/5283/3530 4008/5294/3536 4047/5347/3575
f 4002/5283/3530 4047/5347/3575 4043/5343/3571
f 4008/5294/3536 4007/5293/3535 4048/5348/3576
f 4008/5294/3536 4048/5348/3576 4047/5347/3575
f 4047/5347/3575 4048/5348/3576 4049/5349/3577
f 4047/5347/3575 4049/5349/3577 4050/5350/3578
f 4043/5343/3571 4047/5347/3575 4050/5350/3578
f 4043/5343/3571 4050/5350/3578 4044/5344/3572
f 4007/5293/3535 4012/5302/3540 4051/5351/3579
f 4007/5293/3535 4051/5351/3579 4048/5348/3576
f 4012/5300/3540 4011/5299/3539 4052/5352/3580
f 4012/5300/3540 4052/5352/3580 4051/5353/3579
f 4051/5351/3579 4052/5354/3580 4053/5355/3581
f 4051/5351/3579 4053/5355/3581 4054/5356/3582
f 4048/5348/3576 4051/5351/3579 4054/5356/3582
f 4048/5348/3576 4054/5356/3582 4049/5349/3577
f 4011/5299/3539 4016/5306/3544 4055/5357/3583
f 4011/5299/3539 4055/5357/3583 4052/5352/3580
f 4016/5306/3544 4015/5305/3543 4056/5358/3584
f 4016/5306/3544 4056/5358/3584 4055/5357/3583
f 4055/5357/3583 4056/5358/3584 4057/5359/3585
f 4055/5357/3583 4057/5359/3585 4058/5360/3586
f 4052/5352/3580 4055/5357/3583 4058/5360/3586
f 4052/5352/3580 4058/5360/3586 4053/5361/3581
f 4015/5305/3543 4020/5310/3548 4059/5362/3587
f 4015/5305/3543 4059/5362/3587 4056/5358/3584
f 4020/5310/3548 4019/5309/3547 4060/5363/3588
f 4020/5310/3548 4060/5363/3588 4059/5362/3587
f 4059/5364/3587 4060/5365/3588 4061/5366/3589
f 4059/5364/3587 4061/5366/3589 4062/5367/3590
f 4056/5358/3584 4059/5362/3587 4062/5368/3590
f 4056/5358/3584 4062/5368/3590 4057/5359/3585
f 4019/5369/3547 4024/5316/3552 4063/5370/3591
f 4019/5369/3547 4063/5370/3591 4060/5365/3588
f 4024/5316/3552 4023/5315/3551 4064/5371/3592
f 4024/5316/3552 4064/5371/3592 4063/5370/3591
f 4063/5370/3591 4064/5371/3592 4065/5372/3593
f 4063/5370/3591 4065/5372/3593 4066/5373/3594
f 4060/5365/3588 4063/5370/3591 4066/5373/3594
f 4060/5365/3588 4066/5373/3594 4061/5366/3589
f 4023/5315/3551 4028/5325/3556 4067/5374/3595
f 4023/5315/3551 4067/5374/3595 4064/5371/3592
f 4028/5325/3556 4027/5324/3555 4068/5375/3596
f 4028/5325/3556 4068/5375/3596 4067/5374/3595
f 4067/5374/3595 4068/5375/3596 4069/5376/3597
f 4067/5374/3595 4069/5376/3597 4070/5377/3598
f 4064/5371/3592 4067/5374/3595 4070/5377/3598
f 4064/5371/3592 4070/5377/3598 4065/5372/3593
f 4027/5324/3555 4032/5332/3560 4071/5378/3599
f 4027/5324/3555 4071/5378/3599 4068/5375/3596
f 4032/5332/3560 4031/5379/3559 4072/5380/3600
f 4032/5332/3560 4072/5380/3600 4071/5378/3599
f 4071/5378/3599 4072/5380/3600 4073/5381/3601
f 4071/5378/3599 4073/5381/3601 4074/5382/3602
f 4068/5375/3596 4071/5378/3599 4074/5382/3602
f 4068/5375/3596 4074/5382/3602 4069/5376/3597
f 4031/5379/3559 4036/5383/3564 4075/5384/3603
f 4031/5379/3559 4075/5384/3603 4072/5380/3600
f 4036/5336/3564 4035/5335/3563 4076/5385/3604
f 4036/5336/3564 4076/5385/3604 4075/5386/3603
f 4075/5384/3603 4076/5387/3604 4077/5388/3605
f 4075/5384/3603 4077/5388/3605 4078/5389/3606
f 4072/5380/3600 4075/5384/3603 4078/5389/3606
f 4072/5380/3600 4078/5389/3606 4073/5381/3601
f 4035/5335/3563 4040/5340/3568 4079/5390/3607
f 4035/5335/3563 4079/5390/3607 4076/5385/3604
f 4040/5391/3568 4039/5392/3567 4080/5393/3608
f 4040/5391/3568 4080/5393/3608 4079/5394/3607
f 4079/5394/3607 4080/5393/3608 4081/5395/3574
f 4079/5394/3607 4081/5395/3574 4082/5396/3609
f 4076/5397/3604 4079/5394/3607 4082/5396/3609
f 4076/5398/3604 4082/5399/3609 4077/5400/3605
f 4046/5346/3574 4045/5345/3573 4083/5401/3610
f 4046/5346/3574 4083/5401/3610 4084/5402/3611
f 4045/5345/3573 4044/5344/3572 4085/5403/3612
f 4045/5345/3573 4085/5403/3612 4083/5401/3610
f 4083/5401/3610 4085/5403/3612 4086/5404/3613
f 4083/5401/3610 4086/5404/3613 4087/5405/3614
f 4084/5402/3611 4083/5401/3610 4087/5405/3614
f 4084/5402/3611 4087/5405/3614 4088/5406/3615
f 4044/5344/3572 4050/5350/3578 4089/5407/3616
f 4044/5344/3572 4089/5407/3616 4085/5403/3612
f 4050/5350/3578 4049/5349/3577 4090/5408/3617
f 4050/5350/3578 4090/5408/3617 4089/5407/3616
f 4089/5407/3616 4090/5408/3617 4091/5409/3618
f 4089/5407/3616 4091/5409/3618 4092/5410/3619
f 4085/5403/3612 4089/5407/3616 4092/5410/3619
f 4085/5403/3612 4092/5410/3619 4086/5404/3613
f 4049/5349/3577 4054/5356/3582 4093/5411/3620
f 4049/5349/3577 4093/5411/3620 4090/5408/3617
f 4054/5356/3582 4053/5355/3581 4094/5412/3621
f 4054/5356/3582 4094/5412/3621 4093/5411/3620
f 4093/5411/3620 4094/5412/3621 4095/5413/3622
f 4093/5411/3620 4095/5413/3622 4096/5414/3623
f 4090/5408/3617 4093/5411/3620 4096/5414/3623
f 4090/5408/3617 4096/5414/3623 4091/5409/3618
f 4053/5355/3581 4058/5415/3586 4097/5416/3624
f 4053/5355/3581 4097/5416/3624 4094/5412/3621
f 4058/5360/3586 4057/5359/3585 4098/5417/3625
f 4058/5415/3586 4098/5418/3625 4097/5416/3624
f 4097/5416/3624 4098/5418/3625 4099/5419/3626
f 4097/5416/3624 4099/5419/3626 4100/5420/3627
f 4094/5412/3621 4097/5416/3624 4100/5420/3627
f 4094/5412/3621 4100/5420/3627 4095/5413/3622
f 4057/5359/3585 4062/5368/3590 4101/5421/3628
f 4057/5359/3585 4101/5421/3628 4098/5417/3625
f 4062/5367/3590 4061/5366/3589 4102/5422/3629
f 4062/5367/3590 4102/5422/3629 4101/5423/3628
f 4101/5423/3628 4102/5422/3629 4103/5424/3630
f 4101/5423/3628 4103/5424/3630 4104/5425/3631
f 4098/5426/3625 4101/5423/3628 4104/5425/3631
f 4098/5426/3625 4104/5425/3631 4099/5427/3626
f 4061/5366/3589 4066/5373/3594 4105/5428/3632
f 4061/5366/3589 4105/5428/3632 4102/5422/3629
f 4066/5373/3594 4065/5372/3593 4106/5429/3633
f 4066/5373/3594 4106/5429/3633 4105/5428/3632
f 4105/5428/3632 4106/5429/3633 4107/5430/3634
f 4105/5428/3632 4107/5430/3634 4108/5431/3635
f 4102/5422/3629 4105/5428/3632 4108/5431/3635
f 4102/5422/3629 4108/5431/3635 4103/5424/3630
f 4065/5372/3593 4070/5377/3598 4109/5432/3636
f 4065/5372/3593 4109/5432/3636 4106/5429/3633
f 4070/5377/3598 4069/5376/3597 4110/5433/3637
f 4070/5377/3598 4110/5433/3637 4109/5432/3636
f 4109/5432/3636 4110/5433/3637 4111/5434/3638
f 4109/5432/3636 4111/5434/3638 4112/5435/3639
f 4106/5429/3633 4109/5432/3636 4112/5435/3639
f 4106/5429/3633 4112/5435/3639 4107/5430/3634
f 4069/5376/3597 4074/5382/3602 4113/5436/3640
f 4069/5376/3597 4113/5436/3640 4110/5433/3637
f 4074/5382/3602 4073/5381/3601 4114/5437/3641
f 4074/5382/3602 4114/5437/3641 4113/5436/3640
f 4113/5436/3640 4114/5437/3641 4115/5438/3642
f 4113/5436/3640 4115/5438/3642 4116/5439/3643
f 4110/5433/3637 4113/5436/3640 4116/5439/3643
f 4110/5433/3637 4116/5439/3643 4111/5434/3638
f 4073/5381/3601 4078/5389/3606 4117/5440/3644
f 4073/5381/3601 4117/5440/3644 4114/5437/3641
f 4078/5389/3606 4077/5388/3605 4118/5441/3645
f 4078/5389/3606 4118/5441/3645 4117/5440/3644
f 4117/5440/3644 4118/5441/3645 4119/5442/3646
f 4117/5440/3644 4119/5442/3646 4120/5443/3647
f 4114/5437/3641 4117/5440/3644 4120/5443/3647
f 4114/5437/3641 4120/5443/3647 4115/5438/3642
f 4077/5400/3605 4082/5399/3609 4121/5444/3648
f 4077/5400/3605 4121/5444/3648 4118/5445/3645
f 4082/5396/3609 4081/5395/3574 4122/5446/3649
f 4082/5396/3609 4122/5446/3649 4121/5447/3648
f 4121/5447/3648 4122/5446/3649 4123/5448/3650
f 4121/5447/3648 4123/5448/3650 4124/5449/3651
f 4118/5445/3645 4121/5444/3648 4124/5450/3651
f 4118/5451/3645 4124/5449/3651 4119/5452/3646
f 4088/5406/3615 4087/5405/3614 4125/5453/3652
f 4088/5406/3615 4125/5453/3652 4126/5454/3653
f 4087/5405/3614 4086/5404/3613 4127/5455/3654
f 4087/5405/3614 4127/5455/3654 4125/5453/3652
f 4125/5453/3652 4127/5455/3654 4128/5456/3655
f 4125/5453/3652 4128/5456/3655 4129/5457/3656
f 4126/5454/3653 4125/5453/3652 4129/5457/3656
f 4126/5454/3653 4129/5457/3656 4130/5458/3657
f 4086/5404/3613 4092/5410/3619 4131/5459/3658
f 4086/5404/3613 4131/5459/3658 4127/5455/3654
f 4092/5410/3619 4091/5409/3618 4132/5460/3659
f 4092/5410/3619 4132/5460/3659 4131/5459/3658
f 4131/5459/3658 4132/5460/3659 4133/5461/3660
f 4131/5459/3658 4133/5461/3660 4134/5462/3661
f 4127/5455/3654 4131/5459/3658 4134/5462/3661
f 4127/5455/3654 4134/5462/3661 4128/5456/3655
f 4091/5409/3618 4096/5414/3623 4135/5463/3662
f 4091/5409/3618 4135/5463/3662 4132/5460/3659
f 4096/5414/3623 4095/5413/3622 4136/5464/3663
f 4096/5414/3623 4136/5464/3663 4135/5463/3662
f 4135/5463/3662 4136/5464/3663 4137/5465/3664
f 4135/5463/3662 4137/5465/3664 4138/5466/3665
f 4132/5460/3659 4135/5463/3662 4138/5466/3665
f 4132/5460/3659 4138/5466/3665 4133/5461/3660
f 4095/5413/3622 4100/5420/3627 4139/5467/3666
f 4095/5413/3622 4139/5467/3666 4136/5464/3663
f 4100/5420/3627 4099/5419/3626 4140/5468/3667
f 4100/5420/3627 4140/5468/3667 4139/5467/3666
f 4139/5467/3666 4140/5468/3667 4141/5469/3668
f 4139/5467/3666 4141/5469/3668 4142/5470/3669
f 4136/5464/3663 4139/5467/3666 4142/5470/3669
f 4136/5464/3663 4142/5470/3669 4137/5465/3664
f 4099/5427/3626 4104/5425/3631 4143/5471/3670
f 4099/5427/3626 4143/5471/3670 4140/5472/3667
f 4104/5425/3631 4103/5424/3630 4144/5473/3671
f 4104/5425/3631 4144/5473/3671 4143/5471/3670
f 4143/5471/3670 4144/5473/3671 4145/5474/3672
f 4143/5471/3670 4145/5474/3672 4146/5475/3673
f 4140/5472/3667 4143/5471/3670 4146/5475/3673
f 4140/5472/3667 4146/5475/3673 4141/5476/3668
f 4103/5424/3630 4108/5431/3635 4147/5477/3674
f 4103/5424/3630 4147/5477/3674 4144/5473/3671
f 4108/5431/3635 4107/5430/3634 4148/5478/3675
f 4108/5431/3635 4148/5478/3675 4147/5477/3674
f 4147/5477/3674 4148/5478/3675 4149/5479/3676
f 4147/5477/3674 4149/5479/3676 4150/5480/3677
f 4144/5473/3671 4147/5477/3674 4150/5480/3677
f 4144/5473/3671 4150/5480/3677 4145/5474/3672
f 4107/5430/3634 4112/5435/3639 4151/5481/3678
f 4107/5430/3634 4151/5481/3678 4148/5478/3675
f 4112/5435/3639 4111/5434/3638 4152/5482/3679
f 4112/5435/3639 4152/5482/3679 4151/5481/3678
f 4151/5481/3678 4152/5482/3679 4153/5483/3680
f 4151/5481/3678 4153/5483/3680 4154/5484/3681
f 4148/5478/3675 4151/5481/3678 4154/5484/3681
f 4148/5478/3675 4154/5484/3681 4149/5479/3676
f 4111/5434/3638 4116/5439/3643 4155/5485/3682
f 4111/5434/3638 4155/5485/3682 4152/5482/3679
f 4116/5439/3643 4115/5438/3642 4156/5486/3683
f 4116/5439/3643 4156/5486/3683 4155/5485/3682
f 4155/5485/3682 4156/5486/3683 4157/5487/3684
f 4155/5485/3682 4157/5487/3684 4158/5488/3685
f 4152/5482/3679 4155/5485/3682 4158/5488/3685
f 4152/5482/3679 4158/5488/3685 4153/5483/3680
f 4115/5438/3642 4120/5443/3647 4159/5489/3686
f 4115/5438/3642 4159/5489/3686 4156/5486/3683
f 4120/5443/3647 4119/5442/3646 4160/5490/3687
f 4120/5443/3647 4160/5490/3687 4159/5489/3686
f 4159/5489/3686 4160/5490/3687 4161/5491/3688
f 4159/5489/3686 4161/5491/3688 4162/5492/3689
f 4156/5486/3683 4159/5489/3686 4162/5492/3689
f 4156/5486/3683 4162/5492/3689 4157/5487/3684
f 4119/5452/3646 4124/5449/3651 4163/5493/3690
f 4119/5452/3646 4163/5493/3690 4160/5494/3687
f 4124/5449/3651 4123/5448/3650 4164/5495/3691
f 4124/5449/3651 4164/5495/3691 4163/5493/3690
f 4163/5493/3690 4164/5495/3691 4165/5496/3692
f 4163/5493/3690 4165/5496/3692 4166/5497/3693
f 4160/5494/3687 4163/5493/3690 4166/5497/3693
f 4160/5494/3687 4166/5497/3693 4161/5498/3688
f 3814/5042/3347 3811/5039/3344 4167/5499/3694
f 3814/5042/3347 4167/5499/3694 4168/5500/3695
f 3810/5038/3343 4169/5501/3696 4167/5499/3694
f 3810/5038/3343 4167/5499/3694 3811/5039/3344
f 4170/5502/3697 4168/5500/3695 4167/5499/3694
f 4170/5502/3697 4167/5499/3694 4169/5501/3696
f 3821/5049/3354 3819/5047/3352 4171/5503/3698
f 3821/5049/3354 4171/5503/3698 4172/5504/3699
f 3814/5042/3347 4173/5500/3695 4171/5503/3698
f 3814/5042/3347 4171/5503/3698 3819/5047/3352
f 4174/5502/3700 4172/5504/3699 4171/5503/3698
f 4174/5502/3700 4171/5503/3698 4173/5500/3695
f 3827/5055/3360 3825/5053/3358 4175/5505/3701
f 3827/5055/3360 4175/5505/3701 4176/5506/3702
f 3821/5049/3354 4177/5504/3699 4175/5505/3701
f 3821/5049/3354 4175/5505/3701 3825/5053/3358
f 4178/5502/3700 4176/5506/3702 4175/5505/3701
f 4178/5502/3700 4175/5505/3701 4177/5504/3699
f 3833/5061/3366 3831/5059/3364 4179/5507/3703
f 3833/5061/3366 4179/5507/3703 4180/5508/3704
f 3827/5055/3360 4181/5506/3702 4179/5507/3703
f 3827/5055/3360 4179/5507/3703 3831/5059/3364
f 4182/5502/3697 4180/5508/3704 4179/5507/3703
f 4182/5502/3697 4179/5507/3703 4181/5506/3702
f 3839/5067/3372 3837/5065/3370 4183/5509/3705
f 3839/5067/3372 4183/5509/3705 4184/5510/3706
f 3833/5061/3366 4185/5508/3707 4183/5509/3705
f 3833/5061/3366 4183/5509/3705 3837/5065/3370
f 4186/5502/3697 4184/5510/3706 4183/5509/3705
f 4186/5502/3697 4183/5509/3705 4185/5508/3707
f 3845/5075/3378 3843/5072/3376 4187/5511/3708
f 3845/5075/3378 4187/5511/3708 4188/5512/3709
f 3839/5513/3372 4189/5514/3706 4187/5515/3708
f 3839/5071/3372 4187/5511/3708 3843/5072/3376
f 4190/5516/3710 4188/5517/3709 4187/5515/3708
f 4190/5516/3710 4187/5515/3708 4189/5514/3706
f 3851/5082/3384 3849/5080/3382 4191/5518/3711
f 3851/5082/3384 4191/5518/3711 4192/5519/3712
f 3845/5075/3378 4193/5512/3709 4191/5518/3711
f 3845/5075/3378 4191/5518/3711 3849/5080/3382
f 4194/5520/3713 4192/5521/3712 4191/5522/3711
f 4194/5520/3713 4191/5522/3711 4193/5523/3709
f 3857/5524/3390 3855/5086/3388 4195/5525/3714
f 3857/5526/3390 4195/5527/3714 4196/5528/3715
f 3851/5082/3384 4197/5519/3712 4195/5525/3714
f 3851/5082/3384 4195/5525/3714 3855/5086/3388
f 4198/5529/3697 4196/5528/3715 4195/5527/3714
f 4198/5529/3697 4195/5527/3714 4197/5530/3712
f 3863/5096/3396 3861/5094/3394 4199/5531/3716
f 3863/5096/3396 4199/5531/3716 4200/5532/3717
f 3857/5089/3390 4201/5533/3718 4199/5531/3716
f 3857/5089/3390 4199/5531/3716 3861/5094/3394
f 4202/5502/3697 4200/5532/3717 4199/5531/3716
f 4202/5502/3697 4199/5531/3716 4201/5533/3718
f 3869/5103/3343 3867/5101/3400 4203/5534/3719
f 3869/5103/3343 4203/5534/3719 4204/5501/3720
f 3863/5096/3396 4205/5532/3721 4203/5534/3719
f 3863/5096/3396 4203/5534/3719 3867/5101/3400
f 4206/5502/3697 4204/5501/3720 4203/5534/3719
f 4206/5502/3697 4203/5534/3719 4205/5532/3721
f 4130/5458/3657 4129/5457/3656 4207/5535/3722
f 4130/5458/3657 4207/5535/3722 4208/5536/3723
f 4128/5456/3655 4209/5537/3724 4207/5535/3722
f 4128/5456/3655 4207/5535/3722 4129/5457/3656
f 4210/5538/3725 4208/5536/3723 4207/5535/3722
f 4210/5538/3725 4207/5535/3722 4209/5537/3724
f 4128/5456/3655 4134/5462/3661 4211/5539/3726
f 4128/5456/3655 4211/5539/3726 4212/5537/3724
f 4133/5461/3660 4213/5540/3727 4211/5539/3726
f 4133/5461/3660 4211/5539/3726 4134/5462/3661
f 4214/5538/3725 4212/5537/3724 4211/5539/3726
f 4214/5538/3725 4211/5539/3726 4213/5540/3727
f 4133/5461/3660 4138/5466/3665 4215/5541/3728
f 4133/5461/3660 4215/5541/3728 4216/5540/3727
f 4137/5465/3664 4217/5542/3729 4215/5541/3728
f 4137/5465/3664 4215/5541/3728 4138/5466/3665
f 4218/5538/3725 4216/5540/3727 4215/5541/3728
f 4218/5538/3725 4215/5541/3728 4217/5542/3729
f 4137/5465/3664 4142/5470/3669 4219/5543/3730
f 4137/5465/3664 4219/5543/3730 4220/5542/3729
f 4141/5469/3668 4221/5544/3731 4219/5543/3730
f 4141/5469/3668 4219/5543/3730 4142/5470/3669
f 4222/5538/3725 4220/5542/3729 4219/5543/3730
f 4222/5538/3725 4219/5543/3730 4221/5544/3731
f 4141/5476/3668 4146/5475/3673 4223/5545/3732
f 4141/5546/3668 4223/5547/3732 4224/5548/3733
f 4145/5474/3672 4225/5549/3734 4223/5545/3732
f 4145/5474/3672 4223/5545/3732 4146/5475/3673
f 4226/5550/3735 4224/5548/3733 4223/5547/3732
f 4226/5551/3735 4223/5545/3732 4225/5549/3734
f 4145/5474/3672 4150/5480/3677 4227/5552/3736
f 4145/5474/3672 4227/5552/3736 4228/5549/3734
f 4149/5479/3676 4229/5553/3737 4227/5552/3736
f 4149/5479/3676 4227/5552/3736 4150/5480/3677
f 4230/5551/3738 4228/5549/3734 4227/5552/3736
f 4230/5551/3738 4227/5552/3736 4229/5553/3737
f 4149/5479/3676 4154/5484/3681 4231/5554/3739
f 4149/5479/3676 4231/5554/3739 4232/5553/3740
f 4153/5483/3680 4233/5555/3741 4231/5554/3739
f 4153/5483/3680 4231/5554/3739 4154/5484/3681
f 4234/5551/3742 4232/5553/3740 4231/5554/3739
f 4234/5551/3742 4231/5554/3739 4233/5555/3741
f 4153/5483/3680 4158/5488/3685 4235/5556/3743
f 4153/5483/3680 4235/5556/3743 4236/5555/3744
f 4157/5487/3684 4237/5557/3745 4235/5556/3743
f 4157/5487/3684 4235/5556/3743 4158/5488/3685
f 4238/5551/3735 4236/5555/3744 4235/5556/3743
f 4238/5551/3735 4235/5556/3743 4237/5557/3745
f 4157/5487/3684 4162/5492/3689 4239/5558/3746
f 4157/5487/3684 4239/5558/3746 4240/5557/3745
f 4161/5559/3688 4241/5560/3747 4239/5561/3746
f 4161/5491/3688 4239/5558/3746 4162/5492/3689
f 4242/5551/3742 4240/5557/3745 4239/5558/3746
f 4242/5562/3742 4239/5561/3746 4241/5560/3747
f 4161/5498/3688 4166/5497/3693 4243/5563/3748
f 4161/5498/3688 4243/5563/3748 4244/5564/3747
f 4165/5496/3692 4245/5565/3723 4243/5563/3748
f 4165/5496/3692 4243/5563/3748 4166/5497/3693
f 4246/5566/3725 4244/5564/3747 4243/5563/3748
f 4246/5566/3725 4243/5563/3748 4245/5565/3723
s 156
f 4247/5567/670 4248/5568/673 4249/5569/3749
f 4247/5567/670 4249/5569/3749 4250/5570/3750
f 4248/5568/673 4251/5571/3751 4252/5572/3752
f 4248/5568/673 4252/5572/3752 4249/5569/3749
f 4249/5569/3749 4252/5572/3752 4253/5573/3753
f 4249/5569/3749 4253/5573/3753 4254/5574/3754
f 4250/5570/3750 4249/5569/3749 4254/5574/3754
f 4250/5570/3750 4254/5574/3754 4255/5575/3755
s 157
f 4256/5576/677 4257/5577/3756 4258/5578/3757
f 4256/5576/677 4258/5578/3757 4259/5579/3752
f 4257/5577/3756 4260/5580/685 4261/5581/3758
f 4257/5577/3756 4261/5581/3758 4258/5578/3757
f 4258/5578/3757 4261/5581/3758 4262/5582/3759
f 4258/5578/3757 4262/5582/3759 4263/5583/3760
f 4259/5579/3752 4258/5578/3757 4263/5583/3760
f 4259/5579/3752 4263/5583/3760 4264/5584/3761
s 158
f 4265/5585/667 4266/5586/666 4267/5587/3762
f 4265/5585/667 4267/5587/3762 4268/5588/3763
f 4266/5586/666 4269/5589/670 4270/5590/3750
f 4266/5586/666 4270/5590/3750 4267/5587/3762
f 4267/5587/3762 4270/5590/3750 4271/5591/3755
f 4267/5587/3762 4271/5591/3755 4272/5592/3764
f 4268/5588/3763 4267/5587/3762 4272/5592/3764
f 4268/5588/3763 4272/5592/3764 4273/5593/3765
s 159
f 4274/5594/3766 4275/5595/3767 4276/5596/3768
f 4274/5594/3766 4276/5596/3768 4277/5597/3769
f 4275/5595/3767 4278/5598/699 4279/5599/3763
f 4275/5595/3767 4279/5599/3763 4276/5596/3768
f 4276/5596/3768 4279/5599/3763 4280/5600/3770
f 4276/5596/3768 4280/5600/3770 4281/5601/3771
f 4277/5597/3769 4276/5596/3768 4281/5601/3771
f 4277/5597/3769 4281/5601/3771 4282/5602/3772
s 160
f 4283/5603/685 4284/5604/689 4285/5605/3773
f 4283/5603/685 4285/5605/3773 4286/5606/3774
f 4284/5604/689 4287/5607/3775 4288/5608/3776
f 4284/5604/689 4288/5608/3776 4285/5605/3773
f 4285/5605/3773 4288/5608/3776 4289/5609/3777
f 4285/5605/3773 4289/5609/3777 4290/5610/3778
f 4286/5606/3774 4285/5605/3773 4290/5610/3778
f 4286/5606/3774 4290/5610/3778 4291/5611/3759
s 161
f 4292/5612/708 4293/5613/3779 4294/5614/3780
f 4292/5612/708 4294/5614/3780 4295/5615/3781
f 4293/5613/3779 4296/5616/3766 4297/5617/3782
f 4293/5613/3779 4297/5617/3782 4294/5614/3780
f 4294/5614/3780 4297/5617/3782 4298/5618/3783
f 4294/5614/3780 4298/5618/3783 4299/5619/3784
f 4295/5615/3781 4294/5614/3780 4299/5619/3784
f 4295/5620/3781 4299/5621/3784 4300/5622/3785
s 162
f 4301/5623/694 4302/5624/713 4303/5625/3786
f 4301/5623/694 4303/5625/3786 4304/5626/3776
f 4302/5624/713 4305/5627/717 4306/5628/3787
f 4302/5624/713 4306/5628/3787 4303/5625/3786
f 4303/5625/3786 4306/5628/3787 4307/5629/3788
f 4303/5625/3786 4307/5629/3788 4308/5630/3789
f 4304/5626/3776 4303/5625/3786 4308/5630/3789
f 4304/5626/3776 4308/5630/3789 4309/5631/3790
s 163
f 4310/5632/726 4311/5633/729 4312/5634/3791
f 4310/5632/726 4312/5634/3791 4313/5635/3787
f 4311/5633/729 4314/5636/3792 4315/5637/3793
f 4311/5633/729 4315/5637/3793 4312/5634/3791
f 4312/5634/3791 4315/5637/3793 4316/5638/3794
f 4312/5634/3791 4316/5638/3794 4317/5639/3795
f 4313/5635/3787 4312/5634/3791 4317/5639/3795
f 4313/5635/3787 4317/5639/3795 4318/5640/3796
s 164
f 4319/5641/723 4320/5642/722 4321/5643/3797
f 4319/5641/723 4321/5643/3797 4322/5644/3798
f 4320/5642/722 4323/5645/3799 4324/5646/3800
f 4320/5642/722 4324/5646/3800 4321/5643/3797
f 4321/5643/3797 4324/5646/3800 4325/5647/3785
f 4321/5643/3797 4325/5647/3785 4326/5648/3801
f 4322/5644/3798 4321/5643/3797 4326/5648/3801
f 4322/5644/3798 4326/5648/3801 4327/5649/3802
s 165
f 4328/5650/3792 4329/5651/738 4330/5652/3803
f 4328/5650/3792 4330/5652/3803 4331/5653/3793
f 4329/5651/738 4332/5654/743 4333/5655/3804
f 4329/5651/738 4333/5655/3804 4330/5652/3803
f 4330/5652/3803 4333/5655/3804 4334/5656/3805
f 4330/5652/3803 4334/5656/3805 4335/5657/3806
f 4331/5653/3793 4330/5652/3803 4335/5657/3806
f 4331/5653/3793 4335/5657/3806 4336/5658/3807
s 166
f 4337/5659/3808 4338/5660/3809 4339/5661/3810
f 4337/5659/3808 4339/5661/3810 4340/5662/3811
f 4338/5660/3809 4341/5663/748 4342/5664/3812
f 4338/5660/3809 4342/5664/3812 4339/5661/3810
f 4339/5661/3810 4342/5664/3812 4343/5665/3802
f 4339/5661/3810 4343/5665/3802 4344/5666/3813
f 4340/5662/3811 4339/5661/3810 4344/5666/3813
f 4340/5667/3811 4344/5668/3813 4345/5669/3814
s 167
f 4346/5670/753 4347/5671/756 4348/5672/3815
f 4346/5670/753 4348/5672/3815 4349/5673/3816
f 4347/5671/756 4350/5674/761 4351/5675/3817
f 4347/5671/756 4351/5675/3817 4348/5672/3815
f 4348/5672/3815 4351/5675/3817 4352/5676/3818
f 4348/5672/3815 4352/5676/3818 4353/5677/3819
f 4349/5673/3816 4348/5672/3815 4353/5677/3819
f 4349/5673/3816 4353/5677/3819 4354/5678/3805
s 168
f 4355/5679/766 4356/5680/765 4357/5681/3820
f 4355/5679/766 4357/5681/3820 4358/5682/3821
f 4356/5680/765 4359/5683/3822 4360/5684/3811
f 4356/5680/765 4360/5684/3811 4357/5681/3820
f 4357/5681/3820 4360/5684/3811 4361/5685/3823
f 4357/5681/3820 4361/5685/3823 4362/5686/3824
f 4358/5682/3821 4357/5681/3820 4362/5686/3824
f 4358/5682/3821 4362/5686/3824 4363/5687/3825
s 169
f 4364/5688/761 4365/5689/770 4366/5690/3826
f 4364/5688/761 4366/5690/3826 4367/5691/3817
f 4365/5689/770 4368/5692/775 4369/5693/3827
f 4365/5689/770 4369/5693/3827 4366/5690/3826
f 4366/5690/3826 4369/5693/3827 4370/5694/3828
f 4366/5690/3826 4370/5694/3828 4371/5695/3829
f 4367/5691/3817 4366/5690/3826 4371/5695/3829
f 4367/5691/3817 4371/5695/3829 4372/5696/3830
s 170
f 4373/5697/3831 4374/5698/3832 4375/5699/3833
f 4373/5697/3831 4375/5699/3833 4376/5700/3827
f 4374/5698/3832 4377/5701/766 4378/5702/3821
f 4374/5698/3832 4378/5702/3821 4375/5699/3833
f 4375/5699/3833 4378/5702/3821 4379/5703/3825
f 4375/5699/3833 4379/5703/3825 4380/5704/3834
f 4376/5700/3827 4375/5699/3833 4380/5704/3834
f 4376/5700/3827 4380/5704/3834 4381/5705/3828
s 171
f 4382/5706/3835 4383/5707/3836 4384/5708/3837
f 4382/5706/3835 4384/5708/3837 4385/5709/3838
f 4386/5710/3839 4387/5711/3840 4384/5712/3837
f 4386/5713/3839 4384/5708/3837 4383/5707/3836
f 4388/5714/3841 4385/5715/3838 4384/5716/3837
f 4388/5714/3841 4384/5716/3837 4387/5717/3840
f 4389/5718/3842 4390/5719/3843 4391/5720/3844
f 4389/5718/3842 4391/5720/3844 4392/5721/3845
f 4382/5706/3835 4385/5709/3838 4391/5722/3844
f 4382/5706/3835 4391/5722/3844 4390/5723/3843
f 4388/5714/3841 4392/5724/3845 4391/5725/3844
f 4388/5714/3841 4391/5725/3844 4385/5715/3838
f 4393/5726/3846 4394/5727/3847 4395/5728/3848
f 4393/5726/3846 4395/5728/3848 4396/5729/3849
f 4389/5718/3842 4392/5721/3845 4395/5728/3848
f 4389/5718/3842 4395/5728/3848 4394/5727/3847
f 4388/5714/3841 4396/5730/3849 4395/5731/3848
f 4388/5714/3841 4395/5731/3848 4392/5724/3845
f 4397/5732/3850 4398/5733/3851 4399/5734/3852
f 4397/5732/3850 4399/5734/3852 4400/5735/3853
f 4393/5726/3846 4396/5729/3849 4399/5736/3852
f 4393/5726/3846 4399/5736/3852 4398/5737/3851
f 4388/5714/3841 4400/5738/3853 4399/5739/3852
f 4388/5714/3841 4399/5739/3852 4396/5730/3849
f 4401/5740/3854 4402/5741/3855 4403/5742/3856
f 4401/5740/3854 4403/5742/3856 4404/5743/3857
f 4397/5732/3850 4400/5735/3853 4403/5742/3856
f 4397/5732/3850 4403/5742/3856 4402/5741/3855
f 4388/5714/3841 4404/5744/3857 4403/5745/3856
f 4388/5714/3841 4403/5745/3856 4400/5738/3853
f 4405/5746/3858 4406/5747/3859 4407/5748/3860
f 4405/5746/3858 4407/5748/3860 4408/5749/3861
f 4401/5740/3854 4404/5743/3857 4407/5750/3860
f 4401/5740/3854 4407/5750/3860 4406/5751/3859
f 4388/5714/3841 4408/5752/3861 4407/5753/3860
f 4388/5714/3841 4407/5753/3860 4404/5744/3857
f 4386/5754/3839 4409/5755/3862 4410/5756/3863
f 4386/5757/3839 4410/5758/3863 4387/5759/3840
f 4405/5746/3858 4408/5749/3861 4410/5756/3863
f 4405/5746/3858 4410/5756/3863 4409/5755/3862
f 4388/5714/3841 4387/5717/3840 4410/5760/3863
f 4388/5714/3841 4410/5760/3863 4408/5752/3861
s 172
f 4411/5761/3864 4412/5762/3836 4413/5763/3865
f 4411/5761/3864 4413/5763/3865 4414/5764/3866
f 4412/5762/3836 4415/5765/3867 4416/5766/3868
f 4412/5762/3836 4416/5766/3868 4413/5763/3865
f 4413/5763/3865 4416/5766/3868 4417/5767/3869
f 4413/5763/3865 4417/5767/3869 4418/5768/3870
f 4414/5764/3866 4413/5763/3865 4418/5768/3870
f 4414/5764/3866 4418/5768/3870 4419/5769/3871
f 4415/5765/3867 4420/5770/3843 4421/5771/3872
f 4415/5765/3867 4421/5771/3872 4416/5766/3868
f 4420/5772/3843 4422/5773/3873 4423/5774/3874
f 4420/5772/3843 4423/5774/3874 4421/5775/3872
f 4421/5775/3872 4423/5774/3874 4424/5776/3875
f 4421/5775/3872 4424/5776/3875 4425/5777/3876
f 4416/5766/3868 4421/5771/3872 4425/5778/3876
f 4416/5766/3868 4425/5778/3876 4417/5767/3869
f 4422/5773/3873 4426/5779/3847 4427/5780/3877
f 4422/5773/3873 4427/5780/3877 4423/5774/3874
f 4426/5779/3847 4428/5781/3846 4429/5782/3878
f 4426/5779/3847 4429/5782/3878 4427/5780/3877
f 4427/5780/3877 4429/5782/3878 4430/5783/3879
f 4427/5780/3877 4430/5783/3879 4431/5784/3880
f 4423/5774/3874 4427/5780/3877 4431/5784/3880
f 4423/5774/3874 4431/5784/3880 4424/5776/3875
f 4428/5781/3846 4432/5785/3851 4433/5786/3881
f 4428/5781/3846 4433/5786/3881 4429/5782/3878
f 4432/5787/3851 4434/5788/3882 4435/5789/3883
f 4432/5787/3851 4435/5789/3883 4433/5790/3881
f 4433/5790/3881 4435/5789/3883 4436/5791/3884
f 4433/5790/3881 4436/5791/3884 4437/5792/3885
f 4429/5782/3878 4433/5786/3881 4437/5793/3885
f 4429/5782/3878 4437/5793/3885 4430/5783/3879
f 4434/5788/3882 4438/5794/3855 4439/5795/3886
f 4434/5788/3882 4439/5795/3886 4435/5789/3883
f 4438/5794/3855 4440/5796/3854 4441/5797/3887
f 4438/5794/3855 4441/5797/3887 4439/5795/3886
f 4439/5795/3886 4441/5797/3887 4442/5798/3888
f 4439/5795/3886 4442/5798/3888 4443/5799/3889
f 4435/5789/3883 4439/5795/3886 4443/5799/3889
f 4435/5789/3883 4443/5799/3889 4436/5791/3884
f 4440/5800/3854 4444/5801/3859 4445/5802/3890
f 4440/5803/3854 4445/5804/3890 4441/5805/3887
f 4444/5806/3859 4446/5807/3891 4447/5808/3892
f 4444/5806/3859 4447/5808/3892 4445/5804/3890
f 4445/5804/3890 4447/5808/3892 4448/5809/3893
f 4445/5804/3890 4448/5809/3893 4449/5810/3894
f 4441/5805/3887 4445/5804/3890 4449/5810/3894
f 4441/5805/3887 4449/5810/3894 4442/5811/3888
f 4446/5807/3891 4450/5812/3895 4451/5813/3896
f 4446/5807/3891 4451/5813/3896 4447/5808/3892
f 4450/5812/3895 4452/5814/3839 4453/5815/3866
f 4450/5812/3895 4453/5815/3866 4451/5813/3896
f 4451/5813/3896 4453/5815/3866 4454/5816/3897
f 4451/5813/3896 4454/5816/3897 4455/5817/3898
f 4447/5808/3892 4451/5813/3896 4455/5817/3898
f 4447/5808/3892 4455/5817/3898 4448/5809/3893
f 4456/5818/3899 4457/5819/3900 4458/5820/3901
f 4456/5818/3899 4458/5820/3901 4459/5821/3902
f 4457/5822/3900 4460/5823/3903 4461/5824/3904
f 4457/5822/3900 4461/5824/3904 4458/5825/3901
f 4458/5825/3901 4461/5824/3904 4462/5826/3905
f 4458/5825/3901 4462/5826/3905 4463/5827/3906
f 4459/5821/3902 4458/5820/3901 4463/5828/3906
f 4459/5821/3902 4463/5828/3906 4464/5829/3907
f 4465/5830/3908 4466/5831/3900 4467/5832/3909
f 4465/5830/3908 4467/5832/3909 4468/5833/3910
f 4466/5834/3900 4469/5835/3911 4470/5836/3912
f 4466/5834/3900 4470/5836/3912 4467/5837/3909
f 4467/5837/3909 4470/5836/3912 4471/5838/3913
f 4467/5837/3909 4471/5838/3913 4472/5839/3914
f 4468/5833/3910 4467/5832/3909 4472/5840/3914
f 4468/5833/3910 4472/5840/3914 4473/5841/3915
f 4474/5842/3916 4475/5843/3917 4476/5844/3918
f 4474/5842/3916 4476/5844/3918 4477/5845/3919
f 4475/5827/3917 4462/5826/3905 4478/5846/3920
f 4475/5827/3917 4478/5846/3920 4476/5847/3918
f 4476/5848/3918 4478/5849/3920 4479/5850/3921
f 4476/5848/3918 4479/5850/3921 4480/5851/3922
f 4477/5845/3919 4476/5844/3918 4480/5852/3922
f 4477/5845/3919 4480/5852/3922 4481/5853/3923
f 4482/5854/3923 4483/5855/3922 4484/5856/3924
f 4482/5854/3923 4484/5856/3924 4485/5857/3925
f 4483/5851/3922 4479/5850/3921 4486/5858/3926
f 4483/5851/3922 4486/5858/3926 4484/5859/3924
f 4484/5859/3924 4486/5858/3926 4487/5860/3927
f 4484/5859/3924 4487/5860/3927 4488/5861/3928
f 4485/5857/3925 4484/5856/3924 4488/5862/3928
f 4485/5857/3925 4488/5862/3928 4489/5863/3929
f 4490/5864/3930 4491/5865/3931 4492/5866/3932
f 4490/5864/3930 4492/5866/3932 4493/5867/3933
f 4491/5861/3931 4487/5860/3927 4494/5868/3934
f 4491/5861/3931 4494/5868/3934 4492/5869/3932
f 4492/5870/3932 4494/5871/3934 4495/5872/3935
f 4492/5870/3932 4495/5872/3935 4496/5873/3936
f 4493/5867/3933 4492/5866/3932 4496/5874/3936
f 4493/5867/3933 4496/5874/3936 4497/5875/3937
f 4498/5876/3937 4499/5877/3938 4500/5878/3939
f 4498/5876/3937 4500/5878/3939 4501/5879/3940
f 4499/5873/3938 4495/5872/3935 4502/5880/3941
f 4499/5873/3938 4502/5880/3941 4500/5881/3939
f 4500/5881/3939 4502/5880/3941 4503/5882/3942
f 4500/5881/3939 4503/5882/3942 4504/5883/3943
f 4501/5879/3940 4500/5878/3939 4504/5884/3943
f 4501/5879/3940 4504/5884/3943 4505/5885/3944
f 4506/5886/3944 4507/5887/3945 4508/5888/3946
f 4506/5886/3944 4508/5888/3946 4509/5889/3947
f 4507/5890/3945 4503/5891/3942 4510/5892/3948
f 4507/5890/3945 4510/5892/3948 4508/5893/3946
f 4508/5893/3946 4510/5892/3948 4473/5841/3915
f 4508/5893/3946 4473/5841/3915 4511/5840/3914
f 4509/5889/3947 4508/5888/3946 4511/5894/3914
f 4509/5889/3947 4511/5894/3914 4512/5895/3949
f 4419/5769/3871 4418/5768/3870 4513/5896/3950
f 4419/5769/3871 4513/5896/3950 4514/5897/3951
f 4418/5768/3870 4417/5767/3869 4515/5898/3952
f 4418/5768/3870 4515/5898/3952 4513/5896/3950
f 4513/5896/3950 4515/5898/3952 4462/5826/3905
f 4513/5896/3950 4462/5826/3905 4461/5824/3904
f 4514/5897/3951 4513/5896/3950 4461/5824/3904
f 4514/5897/3951 4461/5824/3904 4460/5823/3903
f 4417/5767/3869 4425/5778/3876 4516/5899/3953
f 4417/5767/3869 4516/5899/3953 4515/5898/3952
f 4425/5777/3876 4424/5776/3875 4517/5900/3954
f 4425/5777/3876 4517/5900/3954 4516/5901/3953
f 4516/5901/3953 4517/5900/3954 4479/5850/3921
f 4516/5901/3953 4479/5850/3921 4478/5849/3920
f 4515/5898/3952 4516/5899/3953 4478/5846/3920
f 4515/5898/3952 4478/5846/3920 4462/5826/3905
f 4424/5776/3875 4431/5784/3880 4518/5902/3955
f 4424/5776/3875 4518/5902/3955 4517/5900/3954
f 4431/5784/3880 4430/5783/3879 4519/5903/3956
f 4431/5784/3880 4519/5903/3956 4518/5902/3955
f 4518/5902/3955 4519/5903/3956 4487/5860/3927
f 4518/5902/3955 4487/5860/3927 4486/5858/3926
f 4517/5900/3954 4518/5902/3955 4486/5858/3926
f 4517/5900/3954 4486/5858/3926 4479/5850/3921
f 4430/5783/3879 4437/5793/3885 4520/5904/3957
f 4430/5783/3879 4520/5904/3957 4519/5903/3956
f 4437/5792/3885 4436/5791/3884 4521/5905/3958
f 4437/5792/3885 4521/5905/3958 4520/5906/3957
f 4520/5906/3957 4521/5905/3958 4495/5872/3935
f 4520/5906/3957 4495/5872/3935 4494/5871/3934
f 4519/5903/3956 4520/5904/3957 4494/5868/3934
f 4519/5903/3956 4494/5868/3934 4487/5860/3927
f 4436/5791/3884 4443/5799/3889 4522/5907/3959
f 4436/5791/3884 4522/5907/3959 4521/5905/3958
f 4443/5799/3889 4442/5798/3888 4523/5908/3960
f 4443/5799/3889 4523/5908/3960 4522/5907/3959
f 4522/5907/3959 4523/5908/3960 4503/5882/3942
f 4522/5907/3959 4503/5882/3942 4502/5880/3941
f 4521/5905/3958 4522/5907/3959 4502/5880/3941
f 4521/5905/3958 4502/5880/3941 4495/5872/3935
f 4442/5811/3888 4449/5810/3894 4524/5909/3961
f 4442/5811/3888 4524/5909/3961 4523/5910/3960
f 4449/5810/3894 4448/5809/3893 4525/5911/3962
f 4449/5810/3894 4525/5911/3962 4524/5909/3961
f 4524/5909/3961 4525/5911/3962 4473/5841/3915
f 4524/5909/3961 4473/5841/3915 4510/5892/3948
f 4523/5910/3960 4524/5909/3961 4510/5892/3948
f 4523/5910/3960 4510/5892/3948 4503/5891/3942
f 4448/5809/3893 4455/5817/3898 4526/5912/3963
f 4448/5809/3893 4526/5912/3963 4525/5911/3962
f 4455/5817/3898 4454/5816/3897 4527/5913/3964
f 4455/5817/3898 4527/5913/3964 4526/5912/3963
f 4526/5912/3963 4527/5913/3964 4465/5830/3908
f 4526/5912/3963 4465/5830/3908 4468/5833/3910
f 4525/5911/3962 4526/5912/3963 4468/5833/3910
f 4525/5911/3962 4468/5833/3910 4473/5841/3915
s 173
f 4528/5914/3899 4529/5915/3965 4530/5916/3966
f 4528/5914/3899 4530/5916/3966 4531/5917/3967
f 4532/5918/3916 4533/5919/3968 4530/5916/3966
f 4532/5918/3916 4530/5916/3966 4529/5915/3965
f 4534/5920/3969 4531/5917/3967 4530/5916/3966
f 4534/5920/3969 4530/5916/3966 4533/5919/3968
f 4532/5918/3916 4535/5921/3919 4536/5922/3970
f 4532/5918/3916 4536/5922/3970 4533/5919/3968
f 4537/5923/3923 4538/5924/3971 4536/5922/3970
f 4537/5923/3923 4536/5922/3970 4535/5921/3919
f 4534/5920/3969 4533/5919/3968 4536/5922/3970
f 4534/5920/3969 4536/5922/3970 4538/5924/3971
f 4537/5923/3923 4539/5925/3925 4540/5926/3972
f 4537/5923/3923 4540/5926/3972 4538/5924/3971
f 4541/5927/3929 4542/5928/3973 4540/5926/3972
f 4541/5927/3929 4540/5926/3972 4539/5925/3925
f 4534/5920/3969 4538/5924/3971 4540/5926/3972
f 4534/5920/3969 4540/5926/3972 4542/5928/3973
f 4541/5927/3929 4543/5929/3933 4544/5930/3974
f 4541/5927/3929 4544/5930/3974 4542/5928/3973
f 4545/5931/3975 4546/5932/3976 4544/5930/3974
f 4545/5931/3975 4544/5930/3974 4543/5929/3933
f 4534/5920/3969 4542/5928/3973 4544/5930/3974
f 4534/5920/3969 4544/5930/3974 4546/5932/3976
f 4545/5931/3975 4547/5933/3977 4548/5934/3978
f 4545/5931/3975 4548/5934/3978 4546/5932/3976
f 4549/5935/3979 4550/5936/3980 4548/5934/3978
f 4549/5935/3979 4548/5934/3978 4547/5933/3977
f 4534/5920/3969 4546/5932/3976 4548/5934/3978
f 4534/5920/3969 4548/5934/3978 4550/5936/3980
f 4549/5935/3979 4551/5937/3981 4552/5938/3982
f 4549/5935/3979 4552/5938/3982 4550/5936/3980
f 4553/5939/3983 4554/5940/3984 4552/5938/3982
f 4553/5939/3983 4552/5938/3982 4551/5937/3981
f 4534/5920/3969 4550/5936/3980 4552/5938/3982
f 4534/5920/3969 4552/5938/3982 4554/5940/3984
f 4553/5939/3983 4555/5941/3912 4556/5942/3985
f 4553/5939/3983 4556/5942/3985 4554/5940/3984
f 4528/5914/3899 4531/5917/3967 4556/5942/3985
f 4528/5914/3899 4556/5942/3985 4555/5941/3912
f 4534/5920/3969 4554/5940/3984 4556/5942/3985
f 4534/5920/3969 4556/5942/3985 4531/5917/3967
s 174
f 4557/5943/3986 4558/5944/3987 4559/5945/3988
f 4557/5943/3986 4559/5945/3988 4560/5946/3989
f 4558/5947/3987 4561/5948/3990 4562/5949/3991
f 4558/5947/3987 4562/5949/3991 4559/5950/3988
f 4559/5950/3988 4562/5949/3991 4563/5951/3992
f 4559/5950/3988 4563/5951/3992 4564/5952/3993
f 4560/5946/3989 4559/5945/3988 4564/5953/3993
f 4560/5946/3989 4564/5953/3993 4565/5954/3994
f 4566/5955/3990 4567/5956/3995 4568/5957/3996
f 4566/5955/3990 4568/5957/3996 4569/5958/3997
f 4567/5959/3995 4570/5960/3998 4571/5961/3999
f 4567/5959/3995 4571/5961/3999 4568/5962/3996
f 4568/5962/3996 4571/5961/3999 4572/5963/4000
f 4568/5962/3996 4572/5963/4000 4573/5964/4001
f 4569/5958/3997 4568/5957/3996 4573/5965/4001
f 4569/5958/3997 4573/5965/4001 4574/5966/4002
f 4575/5967/4002 4576/5968/4003 4577/5969/4004
f 4575/5967/4002 4577/5969/4004 4578/5970/4005
f 4576/5964/4003 4572/5963/4000 4579/5971/4006
f 4576/5964/4003 4579/5971/4006 4577/5972/4004
f 4577/5972/4004 4579/5971/4006 4580/5973/4007
f 4577/5972/4004 4580/5973/4007 4581/5974/4008
f 4578/5970/4005 4577/5969/4004 4581/5975/4008
f 4578/5970/4005 4581/5975/4008 4582/5976/4009
f 4583/5977/4009 4584/5978/4010 4585/5979/4011
f 4583/5977/4009 4585/5979/4011 4586/5980/4012
f 4584/5974/4010 4580/5973/4007 4587/5981/4013
f 4584/5974/4010 4587/5981/4013 4585/5982/4011
f 4585/5983/4011 4587/5984/4013 4588/5985/4014
f 4585/5983/4011 4588/5985/4014 4589/5986/4015
f 4586/5980/4012 4585/5979/4011 4589/5987/4015
f 4586/5980/4012 4589/5987/4015 4590/5988/4016
f 4591/5989/4016 4592/5990/4017 4593/5991/4018
f 4591/5989/4016 4593/5991/4018 4594/5992/4019
f 4592/5986/4017 4588/5985/4014 4595/5993/4020
f 4592/5986/4017 4595/5993/4020 4593/5994/4018
f 4593/5994/4018 4595/5993/4020 4596/5995/4021
f 4593/5994/4018 4596/5995/4021 4597/5996/4022
f 4594/5992/4019 4593/5991/4018 4597/5997/4022
f 4594/5992/4019 4597/5997/4022 4598/5998/4023
f 4599/5999/4023 4600/6000/4024 4601/6001/4025
f 4599/5999/4023 4601/6001/4025 4602/6002/4026
f 4600/5996/4024 4596/5995/4021 4603/6003/4027
f 4600/5996/4024 4603/6003/4027 4601/6004/4025
f 4601/6005/4025 4603/6006/4027 4604/6007/4028
f 4601/6005/4025 4604/6007/4028 4605/6008/4029
f 4602/6002/4026 4601/6001/4025 4605/6009/4029
f 4602/6002/4026 4605/6009/4029 4606/6010/4030
f 4607/6011/4031 4608/6012/4032 4609/6013/4033
f 4607/6011/4031 4609/6013/4033 4610/6014/4034
f 4608/6008/4032 4604/6007/4028 4611/6015/4035
f 4608/6008/4032 4611/6015/4035 4609/6016/4033
f 4609/6016/4033 4611/6015/4035 4612/6017/4036
f 4609/6016/4033 4612/6017/4036 4613/6018/4037
f 4610/6014/4034 4609/6013/4033 4613/6019/4037
f 4610/6014/4034 4613/6019/4037 4614/6020/4038
f 4615/6021/4038 4616/6022/4037 4617/6023/4039
f 4615/6021/4038 4617/6023/4039 4618/6024/4040
f 4616/6018/4037 4612/6017/4036 4619/6025/4041
f 4616/6018/4037 4619/6025/4041 4617/6026/4039
f 4617/6026/4039 4619/6025/4041 4620/6027/4042
f 4617/6026/4039 4620/6027/4042 4621/6028/4043
f 4618/6024/4040 4617/6023/4039 4621/6029/4043
f 4618/6024/4040 4621/6029/4043 4622/6030/4044
f 4623/6031/4044 4624/6032/4045 4625/6033/4046
f 4623/6031/4044 4625/6033/4046 4626/6034/4047
f 4624/6035/4045 4620/6036/4042 4627/6037/4048
f 4624/6035/4045 4627/6037/4048 4625/6038/4046
f 4625/6038/4046 4627/6037/4048 4565/5954/3994
f 4625/6038/4046 4565/5954/3994 4628/5953/4049
f 4626/6034/4047 4625/6033/4046 4628/6039/4049
f 4626/6034/4047 4628/6039/4049 4629/6040/3992
f 4630/6041/4050 4631/6042/4051 4632/6043/4052
f 4630/6041/4050 4632/6043/4052 4633/6044/4053
f 4572/5963/4000 4571/5961/3999 4632/6043/4052
f 4572/5963/4000 4632/6043/4052 4631/6042/4051
f 4570/5960/3998 4633/6044/4053 4632/6043/4052
f 4570/5960/3998 4632/6043/4052 4571/5961/3999
f 4630/6041/4050 4634/6045/4054 4635/6046/4055
f 4630/6041/4050 4635/6046/4055 4631/6042/4051
f 4580/5973/4007 4579/5971/4006 4635/6046/4055
f 4580/5973/4007 4635/6046/4055 4634/6045/4054
f 4572/5963/4000 4631/6042/4051 4635/6046/4055
f 4572/5963/4000 4635/6046/4055 4579/5971/4006
f 4630/6047/4050 4636/6048/4056 4637/6049/4057
f 4630/6047/4050 4637/6049/4057 4634/6050/4054
f 4588/5985/4014 4587/5984/4013 4637/6049/4057
f 4588/5985/4014 4637/6049/4057 4636/6048/4056
f 4580/5973/4007 4634/6045/4054 4637/6051/4057
f 4580/5973/4007 4637/6051/4057 4587/5981/4013
f 4630/6047/4050 4638/6052/4058 4639/6053/4059
f 4630/6047/4050 4639/6053/4059 4636/6048/4056
f 4596/5995/4021 4595/5993/4020 4639/6053/4059
f 4596/5995/4021 4639/6053/4059 4638/6052/4058
f 4588/5985/4014 4636/6048/4056 4639/6053/4059
f 4588/5985/4014 4639/6053/4059 4595/5993/4020
f 4630/6047/4050 4640/6054/4060 4641/6055/4061
f 4630/6047/4050 4641/6055/4061 4638/6052/4058
f 4604/6007/4028 4603/6006/4027 4641/6056/4061
f 4604/6007/4028 4641/6056/4061 4640/6057/4060
f 4596/5995/4021 4638/6052/4058 4641/6055/4061
f 4596/5995/4021 4641/6055/4061 4603/6003/4027
f 4630/6058/4050 4642/6059/4062 4643/6060/4063
f 4630/6058/4050 4643/6060/4063 4640/6057/4060
f 4612/6017/4036 4611/6015/4035 4643/6060/4063
f 4612/6017/4036 4643/6060/4063 4642/6059/4062
f 4604/6007/4028 4640/6057/4060 4643/6060/4063
f 4604/6007/4028 4643/6060/4063 4611/6015/4035
f 4630/6058/4050 4644/6061/4064 4645/6062/4065
f 4630/6058/4050 4645/6062/4065 4642/6059/4062
f 4620/6027/4042 4619/6025/4041 4645/6062/4065
f 4620/6027/4042 4645/6062/4065 4644/6061/4064
f 4612/6017/4036 4642/6059/4062 4645/6062/4065
f 4612/6017/4036 4645/6062/4065 4619/6025/4041
f 4630/6063/4050 4646/6064/4066 4647/6065/4067
f 4630/6063/4050 4647/6065/4067 4644/6066/4064
f 4565/5954/3994 4627/6037/4048 4647/6065/4067
f 4565/5954/3994 4647/6065/4067 4646/6064/4066
f 4620/6036/4042 4644/6066/4064 4647/6065/4067
f 4620/6036/4042 4647/6065/4067 4627/6037/4048
f 4630/6063/4050 4648/6067/4068 4649/6068/4069
f 4630/6063/4050 4649/6068/4069 4646/6064/4066
f 4557/5943/3986 4560/5946/3989 4649/6068/4069
f 4557/5943/3986 4649/6068/4069 4648/6067/4068
f 4565/5954/3994 4646/6064/4066 4649/6068/4069
f 4565/5954/3994 4649/6068/4069 4560/5946/3989
s 175
f 4650/6069/4070 4651/6070/4071 4652/6071/4072
f 4650/6069/4070 4652/6071/4072 4653/6072/4073
f 4654/6073/4002 4655/6074/4074 4652/6071/4072
f 4654/6073/4002 4652/6071/4072 4651/6070/4071
f 4656/6075/4075 4653/6072/4073 4652/6071/4072
f 4656/6075/4075 4652/6071/4072 4655/6074/4074
f 4654/6073/4002 4657/6076/4005 4658/6077/4076
f 4654/6073/4002 4658/6077/4076 4655/6074/4074
f 4659/6078/4009 4660/6079/4077 4658/6077/4076
f 4659/6078/4009 4658/6077/4076 4657/6076/4005
f 4656/6075/4075 4655/6074/4074 4658/6077/4076
f 4656/6075/4075 4658/6077/4076 4660/6079/4077
f 4659/6078/4009 4661/6080/4012 4662/6081/4078
f 4659/6078/4009 4662/6081/4078 4660/6079/4077
f 4663/6082/4016 4664/6083/4079 4662/6081/4078
f 4663/6082/4016 4662/6081/4078 4661/6080/4012
f 4656/6075/4075 4660/6079/4077 4662/6081/4078
f 4656/6075/4075 4662/6081/4078 4664/6083/4079
f 4663/6082/4016 4665/6084/4019 4666/6085/4080
f 4663/6082/4016 4666/6085/4080 4664/6083/4079
f 4667/6086/4023 4668/6087/4081 4666/6085/4080
f 4667/6086/4023 4666/6085/4080 4665/6084/4019
f 4656/6075/4075 4664/6083/4079 4666/6085/4080
f 4656/6075/4075 4666/6085/4080 4668/6087/4081
f 4667/6086/4023 4669/6088/4082 4670/6089/4083
f 4667/6086/4023 4670/6089/4083 4668/6087/4081
f 4671/6090/4031 4672/6091/4084 4670/6089/4083
f 4671/6090/4031 4670/6089/4083 4669/6088/4082
f 4656/6075/4075 4668/6087/4081 4670/6089/4083
f 4656/6075/4075 4670/6089/4083 4672/6091/4084
f 4671/6090/4031 4673/6092/4034 4674/6093/4085
f 4671/6090/4031 4674/6093/4085 4672/6091/4084
f 4675/6094/4038 4676/6095/4086 4674/6093/4085
f 4675/6094/4038 4674/6093/4085 4673/6092/4034
f 4656/6075/4075 4672/6091/4084 4674/6093/4085
f 4656/6075/4075 4674/6093/4085 4676/6095/4086
f 4675/6094/4038 4677/6096/4040 4678/6097/4087
f 4675/6094/4038 4678/6097/4087 4676/6095/4086
f 4679/6098/4044 4680/6099/4088 4678/6097/4087
f 4679/6098/4044 4678/6097/4087 4677/6096/4040
f 4656/6075/4075 4676/6095/4086 4678/6097/4087
f 4656/6075/4075 4678/6097/4087 4680/6099/4088
f 4679/6098/4044 4681/6100/4047 4682/6101/4089
f 4679/6098/4044 4682/6101/4089 4680/6099/4088
f 4683/6102/3992 4684/6103/4090 4682/6101/4089
f 4683/6102/3992 4682/6101/4089 4681/6100/4047
f 4656/6075/4075 4680/6099/4088 4682/6101/4089
f 4656/6075/4075 4682/6101/4089 4684/6103/4090
f 4683/6102/3992 4685/6104/3991 4686/6105/4091
f 4683/6102/3992 4686/6105/4091 4684/6103/4090
f 4650/6069/4070 4653/6072/4073 4686/6105/4091
f 4650/6069/4070 4686/6105/4091 4685/6104/3991
f 4656/6075/4075 4684/6103/4090 4686/6105/4091
f 4656/6075/4075 4686/6105/4091 4653/6072/4073
s 176
f 4687/6106/4092 4688/6107/4093 4689/6108/4094
f 4687/6106/4092 4689/6108/4094 4690/6109/4095
f 4688/6107/4093 4691/6110/4096 4692/6111/4097
f 4688/6107/4093 4692/6111/4097 4689/6108/4094
f 4689/6108/4094 4692/6111/4097 4693/6112/4098
f 4689/6108/4094 4693/6112/4098 4694/6113/4099
f 4690/6109/4095 4689/6108/4094 4694/6113/4099
f 4690/6109/4095 4694/6113/4099 4695/6114/4100
f 4691/6110/4096 4696/6115/4101 4697/6116/4102
f 4691/6110/4096 4697/6116/4102 4692/6111/4097
f 4696/6115/4101 4698/6117/4103 4699/6118/4104
f 4696/6115/4101 4699/6118/4104 4697/6116/4102
f 4697/6116/4102 4699/6118/4104 4700/6119/4105
f 4697/6116/4102 4700/6119/4105 4701/6120/4106
f 4692/6111/4097 4697/6116/4102 4701/6120/4106
f 4692/6111/4097 4701/6120/4106 4693/6112/4098
f 4698/6117/4103 4702/6121/4107 4703/6122/4108
f 4698/6117/4103 4703/6122/4108 4699/6118/4104
f 4702/6121/4107 4704/6123/4109 4705/6124/4110
f 4702/6121/4107 4705/6124/4110 4703/6122/4108
f 4703/6122/4108 4705/6124/4110 4706/6125/4111
f 4703/6122/4108 4706/6125/4111 4707/6126/4112
f 4699/6118/4104 4703/6122/4108 4707/6126/4112
f 4699/6118/4104 4707/6126/4112 4700/6119/4105
f 4704/6123/4109 4708/6127/4113 4709/6128/4114
f 4704/6123/4109 4709/6128/4114 4705/6124/4110
f 4708/6129/4113 4710/6130/4115 4711/6131/4116
f 4708/6129/4113 4711/6131/4116 4709/6132/4114
f 4709/6132/4114 4711/6131/4116 4712/6133/4117
f 4709/6132/4114 4712/6133/4117 4713/6134/4118
f 4705/6135/4110 4709/6132/4114 4713/6134/4118
f 4705/6135/4110 4713/6134/4118 4706/6136/4111
f 4710/6130/4115 4714/6137/4119 4715/6138/4120
f 4710/6130/4115 4715/6138/4120 4711/6131/4116
f 4714/6139/4119 4716/6140/4121 4717/6141/4122
f 4714/6139/4119 4717/6141/4122 4715/6142/4120
f 4715/6142/4120 4717/6141/4122 4718/6143/4123
f 4715/6142/4120 4718/6143/4123 4719/6144/4124
f 4711/6131/4116 4715/6138/4120 4719/6145/4124
f 4711/6131/4116 4719/6145/4124 4712/6133/4117
f 4716/6140/4121 4720/6146/4125 4721/6147/4126
f 4716/6140/4121 4721/6147/4126 4717/6141/4122
f 4720/6146/4125 4722/6148/4127 4723/6149/4128
f 4720/6146/4125 4723/6149/4128 4721/6147/4126
f 4721/6147/4126 4723/6149/4128 4724/6150/4129
f 4721/6147/4126 4724/6150/4129 4725/6151/4130
f 4717/6141/4122 4721/6147/4126 4725/6151/4130
f 4717/6141/4122 4725/6151/4130 4718/6143/4123
f 4722/6148/4127 4726/6152/4131 4727/6153/4132
f 4722/6148/4127 4727/6153/4132 4723/6149/4128
f 4726/6152/4131 4728/6154/4133 4729/6155/4134
f 4726/6152/4131 4729/6155/4134 4727/6153/4132
f 4727/6153/4132 4729/6155/4134 4730/6156/4135
f 4727/6153/4132 4730/6156/4135 4731/6157/4136
f 4723/6149/4128 4727/6153/4132 4731/6157/4136
f 4723/6149/4128 4731/6157/4136 4724/6150/4129
f 4728/6154/4133 4732/6158/4137 4733/6159/4138
f 4728/6154/4133 4733/6159/4138 4729/6155/4134
f 4732/6158/4137 4734/6160/4139 4735/6161/4140
f 4732/6158/4137 4735/6161/4140 4733/6159/4138
f 4733/6162/4138 4735/6163/4140 4736/6164/4141
f 4733/6162/4138 4736/6164/4141 4737/6165/4142
f 4729/6155/4134 4733/6159/4138 4737/6166/4142
f 4729/6155/4134 4737/6166/4142 4730/6156/4135
f 4734/6167/4139 4738/6168/4143 4739/6169/4144
f 4734/6170/4139 4739/6171/4144 4735/6172/4140
f 4738/6173/4143 4740/6174/4145 4741/6175/4146
f 4738/6173/4143 4741/6175/4146 4739/6176/4144
f 4739/6177/4144 4741/6178/4146 4742/6179/4147
f 4739/6177/4144 4742/6179/4147 4743/6180/4148
f 4735/6163/4140 4739/6177/4144 4743/6180/4148
f 4735/6163/4140 4743/6180/4148 4736/6164/4141
f 4740/6174/4145 4744/6181/4149 4745/6182/4150
f 4740/6174/4145 4745/6182/4150 4741/6175/4146
f 4744/6181/4149 4746/6183/4092 4747/6184/4095
f 4744/6181/4149 4747/6184/4095 4745/6182/4150
f 4745/6182/4150 4747/6184/4095 4748/6185/4151
f 4745/6182/4150 4748/6185/4151 4749/6186/4152
f 4741/6175/4146 4745/6182/4150 4749/6186/4152
f 4741/6175/4146 4749/6186/4152 4742/6187/4147
f 4695/6114/4100 4694/6113/4099 4750/6188/4153
f 4695/6114/4100 4750/6188/4153 4751/6189/4154
f 4694/6113/4099 4693/6112/4098 4752/6190/4155
f 4694/6113/4099 4752/6190/4155 4750/6188/4153
f 4750/6188/4153 4752/6190/4155 4753/6191/4156
f 4750/6188/4153 4753/6191/4156 4754/6192/4157
f 4751/6189/4154 4750/6188/4153 4754/6192/4157
f 4751/6189/4154 4754/6192/4157 4755/6193/4158
f 4693/6112/4098 4701/6120/4106 4756/6194/4159
f 4693/6112/4098 4756/6194/4159 4752/6190/4155
f 4701/6120/4106 4700/6119/4105 4757/6195/4160
f 4701/6120/4106 4757/6195/4160 4756/6194/4159
f 4756/6194/4159 4757/6195/4160 4758/6196/4161
f 4756/6194/4159 4758/6196/4161 4759/6197/4162
f 4752/6190/4155 4756/6194/4159 4759/6197/4162
f 4752/6190/4155 4759/6197/4162 4753/6191/4156
f 4700/6119/4105 4707/6126/4112 4760/6198/4163
f 4700/6119/4105 4760/6198/4163 4757/6195/4160
f 4707/6199/4112 4706/6136/4111 4761/6200/4164
f 4707/6199/4112 4761/6200/4164 4760/6201/4163
f 4760/6201/4163 4761/6200/4164 4762/6202/4165
f 4760/6201/4163 4762/6202/4165 4763/6203/4166
f 4757/6195/4160 4760/6198/4163 4763/6204/4166
f 4757/6195/4160 4763/6204/4166 4758/6196/4161
f 4706/6136/4111 4713/6134/4118 4764/6205/4167
f 4706/6136/4111 4764/6205/4167 4761/6200/4164
f 4713/6134/4118 4712/6133/4117 4765/6206/4168
f 4713/6134/4118 4765/6206/4168 4764/6205/4167
f 4764/6205/4167 4765/6206/4168 4766/6207/4169
f 4764/6205/4167 4766/6207/4169 4767/6208/4170
f 4761/6200/4164 4764/6205/4167 4767/6208/4170
f 4761/6200/4164 4767/6208/4170 4762/6202/4165
f 4712/6133/4117 4719/6145/4124 4768/6209/4171
f 4712/6133/4117 4768/6209/4171 4765/6206/4168
f 4719/6144/4124 4718/6143/4123 4769/6210/4172
f 4719/6144/4124 4769/6210/4172 4768/6211/4171
f 4768/6209/4171 4769/6212/4172 4770/6213/4173
f 4768/6209/4171 4770/6213/4173 4771/6214/4174
f 4765/6206/4168 4768/6209/4171 4771/6214/4174
f 4765/6206/4168 4771/6214/4174 4766/6207/4169
f 4718/6143/4123 4725/6151/4130 4772/6215/4175
f 4718/6143/4123 4772/6215/4175 4769/6210/4172
f 4725/6151/4130 4724/6150/4129 4773/6216/4176
f 4725/6151/4130 4773/6216/4176 4772/6215/4175
f 4772/6215/4175 4773/6216/4176 4774/6217/4177
f 4772/6215/4175 4774/6217/4177 4775/6218/4178
f 4769/6210/4172 4772/6215/4175 4775/6218/4178
f 4769/6210/4172 4775/6218/4178 4770/6219/4173
f 4724/6150/4129 4731/6157/4136 4776/6220/4179
f 4724/6150/4129 4776/6220/4179 4773/6216/4176
f 4731/6157/4136 4730/6156/4135 4777/6221/4180
f 4731/6157/4136 4777/6221/4180 4776/6220/4179
f 4776/6220/4179 4777/6221/4180 4778/6222/4181
f 4776/6220/4179 4778/6222/4181 4779/6223/4182
f 4773/6216/4176 4776/6220/4179 4779/6223/4182
f 4773/6216/4176 4779/6223/4182 4774/6217/4177
f 4730/6156/4135 4737/6166/4142 4780/6224/4183
f 4730/6156/4135 4780/6224/4183 4777/6221/4180
f 4737/6165/4142 4736/6164/4141 4781/6225/4184
f 4737/6165/4142 4781/6225/4184 4780/6226/4183
f 4780/6226/4183 4781/6225/4184 4782/6227/4185
f 4780/6226/4183 4782/6227/4185 4783/6228/4186
f 4777/6221/4180 4780/6224/4183 4783/6229/4186
f 4777/6221/4180 4783/6229/4186 4778/6222/4181
f 4736/6164/4141 4743/6180/4148 4784/6230/4187
f 4736/6164/4141 4784/6230/4187 4781/6225/4184
f 4743/6180/4148 4742/6179/4147 4785/6231/4188
f 4743/6180/4148 4785/6231/4188 4784/6230/4187
f 4784/6230/4187 4785/6231/4188 4786/6232/4189
f 4784/6230/4187 4786/6232/4189 4787/6233/4190
f 4781/6225/4184 4784/6230/4187 4787/6233/4190
f 4781/6225/4184 4787/6233/4190 4782/6227/4185
f 4742/6179/4147 4749/6234/4152 4788/6235/4191
f 4742/6179/4147 4788/6235/4191 4785/6231/4188
f 4749/6186/4152 4748/6185/4151 4789/6236/4192
f 4749/6186/4152 4789/6236/4192 4788/6237/4191
f 4788/6237/4191 4789/6236/4192 4790/6238/4193
f 4788/6237/4191 4790/6238/4193 4791/6239/4194
f 4785/6231/4188 4788/6235/4191 4791/6240/4194
f 4785/6231/4188 4791/6240/4194 4786/6232/4189
f 4755/6193/4158 4754/6192/4157 4792/6241/4195
f 4755/6193/4158 4792/6241/4195 4793/6242/4196
f 4754/6192/4157 4753/6191/4156 4794/6243/4197
f 4754/6192/4157 4794/6243/4197 4792/6241/4195
f 4792/6241/4195 4794/6243/4197 4795/6244/4198
f 4792/6241/4195 4795/6244/4198 4796/6245/4199
f 4793/6242/4196 4792/6241/4195 4796/6245/4199
f 4793/6242/4196 4796/6245/4199 4797/6246/4200
f 4753/6191/4156 4759/6197/4162 4798/6247/4201
f 4753/6191/4156 4798/6247/4201 4794/6243/4197
f 4759/6197/4162 4758/6196/4161 4799/6248/4202
f 4759/6197/4162 4799/6248/4202 4798/6247/4201
f 4798/6247/4201 4799/6248/4202 4800/6249/4203
f 4798/6247/4201 4800/6249/4203 4801/6250/4204
f 4794/6243/4197 4798/6247/4201 4801/6250/4204
f 4794/6243/4197 4801/6250/4204 4795/6244/4198
f 4758/6196/4161 4763/6204/4166 4802/6251/4205
f 4758/6196/4161 4802/6251/4205 4799/6248/4202
f 4763/6203/4166 4762/6202/4165 4803/6252/4206
f 4763/6203/4166 4803/6252/4206 4802/6253/4205
f 4802/6253/4205 4803/6252/4206 4804/6254/4207
f 4802/6253/4205 4804/6254/4207 4805/6255/4208
f 4799/6256/4202 4802/6253/4205 4805/6255/4208
f 4799/6256/4202 4805/6255/4208 4800/6257/4203
f 4762/6202/4165 4767/6208/4170 4806/6258/4209
f 4762/6202/4165 4806/6258/4209 4803/6252/4206
f 4767/6208/4170 4766/6207/4169 4807/6259/4210
f 4767/6208/4170 4807/6259/4210 4806/6258/4209
f 4806/6258/4209 4807/6259/4210 4808/6260/4211
f 4806/6258/4209 4808/6260/4211 4809/6261/4212
f 4803/6252/4206 4806/6258/4209 4809/6261/4212
f 4803/6252/4206 4809/6261/4212 4804/6254/4207
f 4766/6207/4169 4771/6214/4174 4810/6262/4213
f 4766/6207/4169 4810/6262/4213 4807/6259/4210
f 4771/6214/4174 4770/6213/4173 4811/6263/4214
f 4771/6214/4174 4811/6263/4214 4810/6262/4213
f 4810/6262/4213 4811/6263/4214 4812/6264/4215
f 4810/6262/4213 4812/6264/4215 4813/6265/4216
f 4807/6259/4210 4810/6262/4213 4813/6265/4216
f 4807/6259/4210 4813/6265/4216 4808/6260/4211
f 4770/6219/4173 4775/6218/4178 4814/6266/4217
f 4770/6219/4173 4814/6266/4217 4811/6267/4214
f 4775/6218/4178 4774/6217/4177 4815/6268/4218
f 4775/6218/4178 4815/6268/4218 4814/6266/4217
f 4814/6266/4217 4815/6268/4218 4816/6269/4219
f 4814/6266/4217 4816/6269/4219 4817/6270/4220
f 4811/6267/4214 4814/6266/4217 4817/6270/4220
f 4811/6267/4214 4817/6270/4220 4812/6271/4215
f 4774/6217/4177 4779/6223/4182 4818/6272/4221
f 4774/6217/4177 4818/6272/4221 4815/6268/4218
f 4779/6223/4182 4778/6222/4181 4819/6273/4222
f 4779/6223/4182 4819/6273/4222 4818/6272/4221
f 4818/6272/4221 4819/6273/4222 4820/6274/4223
f 4818/6272/4221 4820/6274/4223 4821/6275/4224
f 4815/6268/4218 4818/6272/4221 4821/6275/4224
f 4815/6268/4218 4821/6275/4224 4816/6269/4219
f 4778/6222/4181 4783/6229/4186 4822/6276/4225
f 4778/6222/4181 4822/6276/4225 4819/6273/4222
f 4783/6228/4186 4782/6227/4185 4823/6277/4226
f 4783/6228/4186 4823/6277/4226 4822/6278/4225
f 4822/6278/4225 4823/6277/4226 4824/6279/4227
f 4822/6278/4225 4824/6279/4227 4825/6280/4228
f 4819/6273/4222 4822/6276/4225 4825/6281/4228
f 4819/6273/4222 4825/6281/4228 4820/6274/4223
f 4782/6227/4185 4787/6233/4190 4826/6282/4229
f 4782/6227/4185 4826/6282/4229 4823/6277/4226
f 4787/6233/4190 4786/6232/4189 4827/6283/4230
f 4787/6233/4190 4827/6283/4230 4826/6282/4229
f 4826/6282/4229 4827/6283/4230 4828/6284/4231
f 4826/6282/4229 4828/6284/4231 4829/6285/4232
f 4823/6277/4226 4826/6282/4229 4829/6285/4232
f 4823/6277/4226 4829/6285/4232 4824/6279/4227
f 4786/6232/4189 4791/6240/4194 4830/6286/4233
f 4786/6232/4189 4830/6286/4233 4827/6283/4230
f 4791/6240/4194 4790/6287/4193 4831/6288/4234
f 4791/6240/4194 4831/6288/4234 4830/6286/4233
f 4830/6286/4233 4831/6288/4234 4832/6289/4200
f 4830/6286/4233 4832/6289/4200 4833/6290/4235
f 4827/6283/4230 4830/6286/4233 4833/6290/4235
f 4827/6283/4230 4833/6290/4235 4828/6284/4231
f 4797/6291/4200 4796/6292/4199 4834/6293/4236
f 4797/6291/4200 4834/6293/4236 4835/6294/4237
f 4796/6292/4199 4795/6295/4198 4836/6296/4238
f 4796/6292/4199 4836/6296/4238 4834/6293/4236
f 4834/6293/4236 4836/6296/4238 4837/6297/4239
f 4834/6293/4236 4837/6297/4239 4838/6298/4240
f 4835/6294/4237 4834/6293/4236 4838/6298/4240
f 4835/6294/4237 4838/6298/4240 4839/6299/4241
f 4795/6295/4198 4801/6300/4204 4840/6301/4242
f 4795/6295/4198 4840/6301/4242 4836/6296/4238
f 4801/6300/4204 4800/6302/4203 4841/6303/4243
f 4801/6300/4204 4841/6303/4243 4840/6301/4242
f 4840/6301/4242 4841/6303/4243 4842/6304/4244
f 4840/6301/4242 4842/6304/4244 4843/6305/4245
f 4836/6296/4238 4840/6301/4242 4843/6305/4245
f 4836/6296/4238 4843/6305/4245 4837/6297/4239
f 4800/6257/4203 4805/6255/4208 4844/6306/4246
f 4800/6257/4203 4844/6306/4246 4841/6307/4243
f 4805/6255/4208 4804/6254/4207 4845/6308/4247
f 4805/6255/4208 4845/6308/4247 4844/6306/4246
f 4844/6306/4246 4845/6308/4247 4846/6309/4248
f 4844/6306/4246 4846/6309/4248 4847/6310/4249
f 4841/6307/4243 4844/6306/4246 4847/6310/4249
f 4841/6307/4243 4847/6310/4249 4842/6311/4244
f 4804/6254/4207 4809/6261/4212 4848/6312/4250
f 4804/6254/4207 4848/6312/4250 4845/6308/4247
f 4809/6261/4212 4808/6260/4211 4849/6313/4251
f 4809/6261/4212 4849/6313/4251 4848/6312/4250
f 4848/6312/4250 4849/6313/4251 4850/6314/4252
f 4848/6312/4250 4850/6314/4252 4851/6315/4253
f 4845/6308/4247 4848/6312/4250 4851/6315/4253
f 4845/6308/4247 4851/6315/4253 4846/6309/4248
f 4808/6260/4211 4813/6265/4216 4852/6316/4254
f 4808/6260/4211 4852/6316/4254 4849/6313/4251
f 4813/6265/4216 4812/6264/4215 4853/6317/4255
f 4813/6265/4216 4853/6317/4255 4852/6316/4254
f 4852/6316/4254 4853/6317/4255 4854/6318/4256
f 4852/6316/4254 4854/6318/4256 4855/6319/4257
f 4849/6313/4251 4852/6316/4254 4855/6319/4257
f 4849/6313/4251 4855/6319/4257 4850/6314/4252
f 4812/6271/4215 4817/6270/4220 4856/6320/4258
f 4812/6271/4215 4856/6320/4258 4853/6321/4255
f 4817/6270/4220 4816/6269/4219 4857/6322/4259
f 4817/6270/4220 4857/6322/4259 4856/6320/4258
f 4856/6320/4258 4857/6322/4259 4858/6323/4260
f 4856/6320/4258 4858/6323/4260 4859/6324/4261
f 4853/6321/4255 4856/6320/4258 4859/6324/4261
f 4853/6321/4255 4859/6324/4261 4854/6325/4256
f 4816/6269/4219 4821/6275/4224 4860/6326/4262
f 4816/6269/4219 4860/6326/4262 4857/6322/4259
f 4821/6275/4224 4820/6274/4223 4861/6327/4263
f 4821/6275/4224 4861/6327/4263 4860/6326/4262
f 4860/6326/4262 4861/6327/4263 4862/6328/4264
f 4860/6326/4262 4862/6328/4264 4863/6329/4265
f 4857/6322/4259 4860/6326/4262 4863/6329/4265
f 4857/6322/4259 4863/6329/4265 4858/6323/4260
f 4820/6274/4223 4825/6281/4228 4864/6330/4266
f 4820/6274/4223 4864/6330/4266 4861/6327/4263
f 4825/6280/4228 4824/6279/4227 4865/6331/4267
f 4825/6280/4228 4865/6331/4267 4864/6332/4266
f 4864/6332/4266 4865/6331/4267 4866/6333/4268
f 4864/6332/4266 4866/6333/4268 4867/6334/4269
f 4861/6327/4263 4864/6330/4266 4867/6335/4269
f 4861/6327/4263 4867/6335/4269 4862/6328/4264
f 4824/6279/4227 4829/6285/4232 4868/6336/4270
f 4824/6279/4227 4868/6336/4270 4865/6331/4267
f 4829/6285/4232 4828/6284/4231 4869/6337/4271
f 4829/6285/4232 4869/6337/4271 4868/6336/4270
f 4868/6336/4270 4869/6337/4271 4870/6338/4272
f 4868/6336/4270 4870/6338/4272 4871/6339/4273
f 4865/6331/4267 4868/6336/4270 4871/6339/4273
f 4865/6331/4267 4871/6339/4273 4866/6333/4268
f 4828/6284/4231 4833/6290/4235 4872/6340/4274
f 4828/6284/4231 4872/6340/4274 4869/6337/4271
f 4833/6290/4235 4832/6289/4200 4873/6341/4237
f 4833/6290/4235 4873/6341/4237 4872/6340/4274
f 4872/6340/4274 4873/6341/4237 4874/6342/4275
f 4872/6340/4274 4874/6342/4275 4875/6343/4276
f 4869/6337/4271 4872/6340/4274 4875/6343/4276
f 4869/6337/4271 4875/6343/4276 4870/6338/4272
f 4839/6299/4241 4838/6298/4240 4876/6344/4277
f 4839/6299/4241 4876/6344/4277 4877/6345/4278
f 4838/6298/4240 4837/6297/4239 4878/6346/4279
f 4838/6298/4240 4878/6346/4279 4876/6344/4277
f 4876/6344/4277 4878/6346/4279 4879/6347/4280
f 4876/6344/4277 4879/6347/4280 4880/6348/4281
f 4877/6345/4278 4876/6344/4277 4880/6348/4281
f 4877/6345/4278 4880/6348/4281 4881/6349/4282
f 4837/6297/4239 4843/6305/4245 4882/6350/4283
f 4837/6297/4239 4882/6350/4283 4878/6346/4279
f 4843/6305/4245 4842/6304/4244 4883/6351/4284
f 4843/6305/4245 4883/6351/4284 4882/6350/4283
f 4882/6350/4283 4883/6351/4284 4884/6352/4285
f 4882/6350/4283 4884/6352/4285 4885/6353/4286
f 4878/6346/4279 4882/6350/4283 4885/6353/4286
f 4878/6346/4279 4885/6353/4286 4879/6347/4280
f 4842/6311/4244 4847/6310/4249 4886/6354/4287
f 4842/6311/4244 4886/6354/4287 4883/6355/4284
f 4847/6310/4249 4846/6309/4248 4887/6356/4288
f 4847/6310/4249 4887/6356/4288 4886/6354/4287
f 4886/6354/4287 4887/6356/4288 4888/6357/4289
f 4886/6354/4287 4888/6357/4289 4889/6358/4290
f 4883/6355/4284 4886/6354/4287 4889/6358/4290
f 4883/6355/4284 4889/6358/4290 4884/6359/4285
f 4846/6309/4248 4851/6315/4253 4890/6360/4291
f 4846/6309/4248 4890/6360/4291 4887/6356/4288
f 4851/6315/4253 4850/6314/4252 4891/6361/4292
f 4851/6315/4253 4891/6361/4292 4890/6360/4291
f 4890/6360/4291 4891/6361/4292 4892/6362/4293
f 4890/6360/4291 4892/6362/4293 4893/6363/4294
f 4887/6356/4288 4890/6360/4291 4893/6363/4294
f 4887/6356/4288 4893/6363/4294 4888/6357/4289
f 4850/6314/4252 4855/6319/4257 4894/6364/4295
f 4850/6314/4252 4894/6364/4295 4891/6361/4292
f 4855/6319/4257 4854/6318/4256 4895/6365/4296
f 4855/6319/4257 4895/6365/4296 4894/6364/4295
f 4894/6364/4295 4895/6365/4296 4896/6366/4297
f 4894/6364/4295 4896/6366/4297 4897/6367/4298
f 4891/6361/4292 4894/6364/4295 4897/6367/4298
f 4891/6361/4292 4897/6367/4298 4892/6362/4293
f 4854/6325/4256 4859/6324/4261 4898/6368/4299
f 4854/6325/4256 4898/6368/4299 4895/6369/4296
f 4859/6324/4261 4858/6323/4260 4899/6370/4300
f 4859/6324/4261 4899/6370/4300 4898/6368/4299
f 4898/6368/4299 4899/6370/4300 4900/6371/4301
f 4898/6368/4299 4900/6371/4301 4901/6372/4302
f 4895/6369/4296 4898/6368/4299 4901/6372/4302
f 4895/6369/4296 4901/6372/4302 4896/6373/4297
f 4858/6323/4260 4863/6329/4265 4902/6374/4303
f 4858/6323/4260 4902/6374/4303 4899/6370/4300
f 4863/6329/4265 4862/6328/4264 4903/6375/4304
f 4863/6329/4265 4903/6375/4304 4902/6374/4303
f 4902/6374/4303 4903/6375/4304 4904/6376/4305
f 4902/6374/4303 4904/6376/4305 4905/6377/4306
f 4899/6370/4300 4902/6374/4303 4905/6377/4306
f 4899/6370/4300 4905/6377/4306 4900/6371/4301
f 4862/6328/4264 4867/6335/4269 4906/6378/4307
f 4862/6328/4264 4906/6378/4307 4903/6375/4304
f 4867/6334/4269 4866/6333/4268 4907/6379/4308
f 4867/6334/4269 4907/6379/4308 4906/6380/4307
f 4906/6380/4307 4907/6379/4308 4908/6381/4309
f 4906/6380/4307 4908/6381/4309 4909/6382/4310
f 4903/6375/4304 4906/6378/4307 4909/6383/4310
f 4903/6375/4304 4909/6383/4310 4904/6376/4305
f 4866/6333/4268 4871/6339/4273 4910/6384/4311
f 4866/6333/4268 4910/6384/4311 4907/6379/4308
f 4871/6339/4273 4870/6338/4272 4911/6385/4312
f 4871/6339/4273 4911/6385/4312 4910/6384/4311
f 4910/6384/4311 4911/6385/4312 4912/6386/4313
f 4910/6384/4311 4912/6386/4313 4913/6387/4314
f 4907/6379/4308 4910/6384/4311 4913/6387/4314
f 4907/6379/4308 4913/6387/4314 4908/6381/4309
f 4870/6338/4272 4875/6343/4276 4914/6388/4315
f 4870/6338/4272 4914/6388/4315 4911/6385/4312
f 4875/6343/4276 4874/6342/4275 4915/6389/4316
f 4875/6343/4276 4915/6389/4316 4914/6388/4315
f 4914/6388/4315 4915/6389/4316 4916/6390/4317
f 4914/6388/4315 4916/6390/4317 4917/6391/4318
f 4911/6385/4312 4914/6388/4315 4917/6391/4318
f 4911/6385/4312 4917/6391/4318 4912/6386/4313
f 4881/6349/4282 4880/6348/4281 4918/6392/4319
f 4881/6349/4282 4918/6392/4319 4919/6393/4320
f 4880/6348/4281 4879/6347/4280 4920/6394/4321
f 4880/6348/4281 4920/6394/4321 4918/6392/4319
f 4918/6392/4319 4920/6394/4321 4921/6395/4322
f 4918/6392/4319 4921/6395/4322 4922/6396/4323
f 4919/6393/4320 4918/6392/4319 4922/6396/4323
f 4919/6393/4320 4922/6396/4323 4923/6397/4324
f 4879/6347/4280 4885/6353/4286 4924/6398/4325
f 4879/6347/4280 4924/6398/4325 4920/6394/4321
f 4885/6353/4286 4884/6352/4285 4925/6399/4326
f 4885/6353/4286 4925/6399/4326 4924/6398/4325
f 4924/6398/4325 4925/6399/4326 4926/6400/4327
f 4924/6398/4325 4926/6400/4327 4927/6401/4328
f 4920/6394/4321 4924/6398/4325 4927/6401/4328
f 4920/6394/4321 4927/6401/4328 4921/6395/4322
f 4884/6352/4285 4889/6402/4290 4928/6403/4329
f 4884/6352/4285 4928/6403/4329 4925/6399/4326
f 4889/6358/4290 4888/6357/4289 4929/6404/4330
f 4889/6358/4290 4929/6404/4330 4928/6405/4329
f 4928/6405/4329 4929/6404/4330 4930/6406/4331
f 4928/6405/4329 4930/6406/4331 4931/6407/4332
f 4925/6399/4326 4928/6403/4329 4931/6408/4332
f 4925/6399/4326 4931/6408/4332 4926/6400/4327
f 4888/6357/4289 4893/6363/4294 4932/6409/4333
f 4888/6357/4289 4932/6409/4333 4929/6404/4330
f 4893/6363/4294 4892/6362/4293 4933/6410/4334
f 4893/6363/4294 4933/6410/4334 4932/6409/4333
f 4932/6409/4333 4933/6410/4334 4934/6411/4335
f 4932/6409/4333 4934/6411/4335 4935/6412/4336
f 4929/6404/4330 4932/6409/4333 4935/6412/4336
f 4929/6404/4330 4935/6412/4336 4930/6406/4331
f 4892/6362/4293 4897/6367/4298 4936/6413/4337
f 4892/6362/4293 4936/6413/4337 4933/6410/4334
f 4897/6367/4298 4896/6366/4297 4937/6414/4338
f 4897/6367/4298 4937/6414/4338 4936/6413/4337
f 4936/6413/4337 4937/6414/4338 4938/6415/4339
f 4936/6413/4337 4938/6415/4339 4939/6416/4340
f 4933/6410/4334 4936/6413/4337 4939/6416/4340
f 4933/6410/4334 4939/6416/4340 4934/6411/4335
f 4896/6373/4297 4901/6372/4302 4940/6417/4341
f 4896/6373/4297 4940/6417/4341 4937/6418/4338
f 4901/6372/4302 4900/6371/4301 4941/6419/4342
f 4901/6372/4302 4941/6419/4342 4940/6417/4341
f 4940/6417/4341 4941/6419/4342 4942/6420/4343
f 4940/6417/4341 4942/6420/4343 4943/6421/4344
f 4937/6418/4338 4940/6417/4341 4943/6421/4344
f 4937/6418/4338 4943/6421/4344 4938/6422/4339
f 4900/6371/4301 4905/6377/4306 4944/6423/4345
f 4900/6371/4301 4944/6423/4345 4941/6419/4342
f 4905/6377/4306 4904/6376/4305 4945/6424/4346
f 4905/6377/4306 4945/6424/4346 4944/6423/4345
f 4944/6423/4345 4945/6424/4346 4946/6425/4347
f 4944/6423/4345 4946/6425/4347 4947/6426/4348
f 4941/6419/4342 4944/6423/4345 4947/6426/4348
f 4941/6419/4342 4947/6426/4348 4942/6420/4343
f 4904/6427/4305 4909/6382/4310 4948/6428/4349
f 4904/6427/4305 4948/6428/4349 4945/6429/4346
f 4909/6382/4310 4908/6381/4309 4949/6430/4350
f 4909/6382/4310 4949/6430/4350 4948/6428/4349
f 4948/6428/4349 4949/6430/4350 4950/6431/4351
f 4948/6428/4349 4950/6431/4351 4951/6432/4352
f 4945/6429/4346 4948/6428/4349 4951/6432/4352
f 4945/6429/4346 4951/6432/4352 4946/6433/4347
f 4908/6381/4309 4913/6387/4314 4952/6434/4353
f 4908/6381/4309 4952/6434/4353 4949/6430/4350
f 4913/6387/4314 4912/6386/4313 4953/6435/4354
f 4913/6387/4314 4953/6435/4354 4952/6434/4353
f 4952/6434/4353 4953/6435/4354 4954/6436/4355
f 4952/6434/4353 4954/6436/4355 4955/6437/4356
f 4949/6430/4350 4952/6434/4353 4955/6437/4356
f 4949/6430/4350 4955/6437/4356 4950/6431/4351
f 4912/6386/4313 4917/6391/4318 4956/6438/4357
f 4912/6386/4313 4956/6438/4357 4953/6435/4354
f 4917/6439/4318 4916/6440/4317 4957/6441/4358
f 4917/6439/4318 4957/6441/4358 4956/6442/4357
f 4956/6442/4357 4957/6441/4358 4958/6443/4359
f 4956/6442/4357 4958/6443/4359 4959/6444/4360
f 4953/6435/4354 4956/6438/4357 4959/6445/4360
f 4953/6435/4354 4959/6445/4360 4954/6436/4355
f 4923/6397/4324 4922/6396/4323 4960/6446/4361
f 4923/6397/4324 4960/6446/4361 4961/6447/4362
f 4922/6396/4323 4921/6395/4322 4962/6448/4363
f 4922/6396/4323 4962/6448/4363 4960/6446/4361
f 4960/6446/4361 4962/6448/4363 4963/6449/4364
f 4960/6446/4361 4963/6449/4364 4964/6450/4365
f 4961/6447/4362 4960/6446/4361 4964/6450/4365
f 4961/6447/4362 4964/6450/4365 4965/6451/4366
f 4921/6395/4322 4927/6401/4328 4966/6452/4367
f 4921/6395/4322 4966/6452/4367 4962/6448/4363
f 4927/6401/4328 4926/6400/4327 4967/6453/4368
f 4927/6401/4328 4967/6453/4368 4966/6452/4367
f 4966/6452/4367 4967/6453/4368 4968/6454/4369
f 4966/6452/4367 4968/6454/4369 4969/6455/4370
f 4962/6448/4363 4966/6452/4367 4969/6455/4370
f 4962/6448/4363 4969/6455/4370 4963/6449/4364
f 4926/6400/4327 4931/6408/4332 4970/6456/4371
f 4926/6400/4327 4970/6456/4371 4967/6453/4368
f 4931/6407/4332 4930/6406/4331 4971/6457/4372
f 4931/6407/4332 4971/6457/4372 4970/6458/4371
f 4970/6458/4371 4971/6457/4372 4972/6459/4373
f 4970/6458/4371 4972/6459/4373 4973/6460/4374
f 4967/6453/4368 4970/6456/4371 4973/6461/4374
f 4967/6453/4368 4973/6461/4374 4968/6454/4369
f 4930/6406/4331 4935/6412/4336 4974/6462/4375
f 4930/6406/4331 4974/6462/4375 4971/6457/4372
f 4935/6412/4336 4934/6411/4335 4975/6463/4376
f 4935/6412/4336 4975/6463/4376 4974/6462/4375
f 4974/6462/4375 4975/6463/4376 4976/6464/4377
f 4974/6462/4375 4976/6464/4377 4977/6465/4378
f 4971/6457/4372 4974/6462/4375 4977/6465/4378
f 4971/6457/4372 4977/6465/4378 4972/6459/4373
f 4934/6411/4335 4939/6416/4340 4978/6466/4379
f 4934/6411/4335 4978/6466/4379 4975/6463/4376
f 4939/6416/4340 4938/6415/4339 4979/6467/4380
f 4939/6416/4340 4979/6467/4380 4978/6466/4379
f 4978/6468/4379 4979/6469/4380 4980/6470/4381
f 4978/6468/4379 4980/6470/4381 4981/6471/4382
f 4975/6463/4376 4978/6466/4379 4981/6472/4382
f 4975/6463/4376 4981/6472/4382 4976/6464/4377
f 4938/6422/4339 4943/6421/4344 4982/6473/4383
f 4938/6422/4339 4982/6473/4383 4979/6474/4380
f 4943/6421/4344 4942/6420/4343 4983/6475/4384
f 4943/6421/4344 4983/6475/4384 4982/6473/4383
f 4982/6476/4383 4983/6477/4384 4984/6478/4385
f 4982/6476/4383 4984/6478/4385 4985/6479/4386
f 4979/6469/4380 4982/6476/4383 4985/6479/4386
f 4979/6469/4380 4985/6479/4386 4980/6470/4381
f 4942/6420/4343 4947/6426/4348 4986/6480/4387
f 4942/6420/4343 4986/6480/4387 4983/6475/4384
f 4947/6426/4348 4946/6425/4347 4987/6481/4388
f 4947/6426/4348 4987/6481/4388 4986/6480/4387
f 4986/6482/4387 4987/6483/4388 4988/6484/4389
f 4986/6482/4387 4988/6484/4389 4989/6485/4390
f 4983/6477/4384 4986/6482/4387 4989/6485/4390
f 4983/6477/4384 4989/6485/4390 4984/6478/4385
f 4946/6433/4347 4951/6432/4352 4990/6486/4391
f 4946/6433/4347 4990/6486/4391 4987/6487/4388
f 4951/6432/4352 4950/6431/4351 4991/6488/4392
f 4951/6432/4352 4991/6488/4392 4990/6486/4391
f 4990/6486/4391 4991/6488/4392 4992/6489/4393
f 4990/6486/4391 4992/6489/4393 4993/6490/4394
f 4987/6483/4388 4990/6491/4391 4993/6492/4394
f 4987/6483/4388 4993/6492/4394 4988/6484/4389
f 4950/6431/4351 4955/6437/4356 4994/6493/4395
f 4950/6431/4351 4994/6493/4395 4991/6488/4392
f 4955/6437/4356 4954/6436/4355 4995/6494/4396
f 4955/6437/4356 4995/6494/4396 4994/6493/4395
f 4994/6493/4395 4995/6494/4396 4996/6495/4397
f 4994/6493/4395 4996/6495/4397 4997/6496/4398
f 4991/6488/4392 4994/6493/4395 4997/6496/4398
f 4991/6488/4392 4997/6496/4398 4992/6489/4393
f 4954/6436/4355 4959/6445/4360 4998/6497/4399
f 4954/6436/4355 4998/6497/4399 4995/6494/4396
f 4959/6444/4360 4958/6443/4359 4999/6498/4400
f 4959/6444/4360 4999/6498/4400 4998/6499/4399
f 4998/6499/4399 4999/6498/4400 5000/6500/4401
f 4998/6499/4399 5000/6500/4401 5001/6501/4402
f 4995/6494/4396 4998/6497/4399 5001/6502/4402
f 4995/6494/4396 5001/6502/4402 4996/6495/4397
f 4965/6451/4366 4964/6450/4365 5002/6503/4403
f 4965/6451/4366 5002/6503/4403 5003/6504/4404
f 4964/6450/4365 4963/6449/4364 5004/6505/4405
f 4964/6450/4365 5004/6505/4405 5002/6503/4403
f 5002/6503/4403 5004/6505/4405 5005/6506/4406
f 5002/6503/4403 5005/6506/4406 5006/6507/4407
f 5003/6504/4404 5002/6503/4403 5006/6507/4407
f 5003/6504/4404 5006/6507/4407 5007/6508/4408
f 4963/6449/4364 4969/6455/4370 5008/6509/4409
f 4963/6449/4364 5008/6509/4409 5004/6505/4405
f 4969/6455/4370 4968/6454/4369 5009/6510/4410
f 4969/6455/4370 5009/6510/4410 5008/6509/4409
f 5008/6509/4409 5009/6510/4410 5010/6511/4411
f 5008/6509/4409 5010/6511/4411 5011/6512/4412
f 5004/6505/4405 5008/6509/4409 5011/6512/4412
f 5004/6505/4405 5011/6512/4412 5005/6506/4406
f 4968/6454/4369 4973/6461/4374 5012/6513/4413
f 4968/6454/4369 5012/6513/4413 5009/6510/4410
f 4973/6514/4374 4972/6515/4373 5013/6516/4414
f 4973/6514/4374 5013/6516/4414 5012/6517/4413
f 5012/6517/4413 5013/6516/4414 5014/6518/4415
f 5012/6517/4413 5014/6518/4415 5015/6519/4416
f 5009/6510/4410 5012/6513/4413 5015/6520/4416
f 5009/6510/4410 5015/6520/4416 5010/6511/4411
f 4972/6515/4373 4977/6521/4378 5016/6522/4417
f 4972/6515/4373 5016/6522/4417 5013/6516/4414
f 4977/6521/4378 4976/6523/4377 5017/6524/4418
f 4977/6521/4378 5017/6524/4418 5016/6522/4417
f 5016/6522/4417 5017/6524/4418 5018/6525/4419
f 5016/6522/4417 5018/6525/4419 5019/6526/4420
f 5013/6516/4414 5016/6522/4417 5019/6526/4420
f 5013/6516/4414 5019/6526/4420 5014/6518/4415
f 4976/6523/4377 4981/6471/4382 5020/6527/4421
f 4976/6523/4377 5020/6527/4421 5017/6524/4418
f 4981/6471/4382 4980/6470/4381 5021/6528/4422
f 4981/6471/4382 5021/6528/4422 5020/6527/4421
f 5020/6527/4421 5021/6528/4422 5022/6529/4423
f 5020/6527/4421 5022/6529/4423 5023/6530/4424
f 5017/6524/4418 5020/6527/4421 5023/6530/4424
f 5017/6524/4418 5023/6530/4424 5018/6525/4419
f 4980/6470/4381 4985/6479/4386 5024/6531/4425
f 4980/6470/4381 5024/6531/4425 5021/6528/4422
f 4985/6479/4386 4984/6478/4385 5025/6532/4426
f 4985/6479/4386 5025/6532/4426 5024/6531/4425
f 5024/6531/4425 5025/6532/4426 5026/6533/4427
f 5024/6531/4425 5026/6533/4427 5027/6534/4428
f 5021/6528/4422 5024/6531/4425 5027/6534/4428
f 5021/6528/4422 5027/6534/4428 5022/6529/4423
f 4984/6478/4385 4989/6485/4390 5028/6535/4429
f 4984/6478/4385 5028/6535/4429 5025/6532/4426
f 4989/6485/4390 4988/6484/4389 5029/6536/4430
f 4989/6485/4390 5029/6536/4430 5028/6535/4429
f 5028/6535/4429 5029/6536/4430 5030/6537/4431
f 5028/6535/4429 5030/6537/4431 5031/6538/4432
f 5025/6532/4426 5028/6535/4429 5031/6538/4432
f 5025/6532/4426 5031/6538/4432 5026/6533/4427
f 4988/6484/4389 4993/6492/4394 5032/6539/4433
f 4988/6484/4389 5032/6539/4433 5029/6536/4430
f 4993/6492/4394 4992/6540/4393 5033/6541/4434
f 4993/6492/4394 5033/6541/4434 5032/6539/4433
f 5032/6539/4433 5033/6541/4434 5034/6542/4435
f 5032/6539/4433 5034/6542/4435 5035/6543/4436
f 5029/6536/4430 5032/6539/4433 5035/6543/4436
f 5029/6536/4430 5035/6543/4436 5030/6537/4431
f 4992/6489/4393 4997/6496/4398 5036/6544/4437
f 4992/6489/4393 5036/6544/4437 5033/6545/4434
f 4997/6496/4398 4996/6495/4397 5037/6546/4438
f 4997/6496/4398 5037/6546/4438 5036/6544/4437
f 5036/6547/4437 5037/6548/4438 5038/6549/4439
f 5036/6547/4437 5038/6549/4439 5039/6550/4440
f 5033/6541/4434 5036/6547/4437 5039/6550/4440
f 5033/6541/4434 5039/6550/4440 5034/6542/4435
f 4996/6495/4397 5001/6502/4402 5040/6551/4441
f 4996/6495/4397 5040/6551/4441 5037/6546/4438
f 5001/6501/4402 5000/6500/4401 5041/6552/4442
f 5001/6501/4402 5041/6552/4442 5040/6553/4441
f 5040/6553/4441 5041/6552/4442 5042/6554/4443
f 5040/6553/4441 5042/6554/4443 5043/6555/4444
f 5037/6548/4438 5040/6556/4441 5043/6557/4444
f 5037/6548/4438 5043/6557/4444 5038/6549/4439
f 4691/6110/4096 4688/6107/4093 5044/6558/4445
f 4691/6110/4096 5044/6558/4445 5045/6559/4446
f 4687/6106/4092 5046/6560/4447 5044/6558/4445
f 4687/6106/4092 5044/6558/4445 4688/6107/4093
f 5047/6561/4448 5045/6559/4446 5044/6558/4445
f 5047/6561/4448 5044/6558/4445 5046/6560/4447
f 4698/6117/4103 4696/6115/4101 5048/6562/4449
f 4698/6117/4103 5048/6562/4449 5049/6563/4450
f 4691/6110/4096 5050/6559/4446 5048/6562/4449
f 4691/6110/4096 5048/6562/4449 4696/6115/4101
f 5051/6561/4451 5049/6563/4450 5048/6562/4449
f 5051/6561/4451 5048/6562/4449 5050/6559/4446
f 4704/6123/4109 4702/6121/4107 5052/6564/4452
f 4704/6123/4109 5052/6564/4452 5053/6565/4453
f 4698/6117/4103 5054/6563/4454 5052/6564/4452
f 4698/6117/4103 5052/6564/4452 4702/6121/4107
f 5055/6561/4455 5053/6565/4453 5052/6564/4452
f 5055/6561/4455 5052/6564/4452 5054/6563/4454
f 4710/6566/4115 4708/6127/4113 5056/6567/4456
f 4710/6566/4115 5056/6567/4456 5057/6568/4457
f 4704/6123/4109 5058/6565/4453 5056/6567/4456
f 4704/6123/4109 5056/6567/4456 4708/6127/4113
f 5059/6561/4458 5057/6568/4457 5056/6567/4456
f 5059/6561/4458 5056/6567/4456 5058/6565/4453
f 4716/6140/4121 4714/6139/4119 5060/6569/4459
f 4716/6140/4121 5060/6569/4459 5061/6570/4460
f 4710/6571/4115 5062/6572/4461 5060/6573/4459
f 4710/6571/4115 5060/6573/4459 4714/6574/4119
f 5063/6575/4462 5061/6576/4460 5060/6573/4459
f 5063/6575/4462 5060/6573/4459 5062/6572/4461
f 4722/6148/4127 4720/6146/4125 5064/6577/4463
f 4722/6148/4127 5064/6577/4463 5065/6578/4464
f 4716/6140/4121 5066/6570/4465 5064/6577/4463
f 4716/6140/4121 5064/6577/4463 4720/6146/4125
f 5067/6579/4466 5065/6580/4464 5064/6581/4463
f 5067/6579/4466 5064/6581/4463 5066/6582/4465
f 4728/6154/4133 4726/6152/4131 5068/6583/4467
f 4728/6154/4133 5068/6583/4467 5069/6584/4468
f 4722/6148/4127 5070/6578/4464 5068/6583/4467
f 4722/6148/4127 5068/6583/4467 4726/6152/4131
f 5071/6585/4469 5069/6586/4468 5068/6587/4467
f 5071/6585/4469 5068/6587/4467 5070/6588/4464
f 4734/6589/4139 4732/6590/4137 5072/6591/4470
f 4734/6589/4139 5072/6591/4470 5073/6592/4471
f 4728/6154/4133 5074/6584/4472 5072/6593/4470
f 4728/6154/4133 5072/6593/4470 4732/6158/4137
f 5075/6594/4469 5073/6592/4471 5072/6591/4470
f 5075/6594/4469 5072/6591/4470 5074/6595/4472
f 4740/6174/4145 4738/6173/4143 5076/6596/4473
f 4740/6174/4145 5076/6596/4473 5077/6597/4474
f 4734/6598/4139 5078/6599/4471 5076/6596/4473
f 4734/6598/4139 5076/6596/4473 4738/6173/4143
f 5079/6600/4475 5077/6597/4474 5076/6596/4473
f 5079/6600/4475 5076/6596/4473 5078/6599/4471
f 4746/6183/4092 4744/6181/4149 5080/6601/4476
f 4746/6183/4092 5080/6601/4476 5081/6602/4447
f 4740/6174/4145 5082/6597/4477 5080/6601/4476
f 4740/6174/4145 5080/6601/4476 4744/6181/4149
f 5083/6600/4448 5081/6602/4447 5080/6601/4476
f 5083/6600/4448 5080/6601/4476 5082/6597/4477
f 5007/6603/4408 5006/6604/4407 5084/6605/4478
f 5007/6603/4408 5084/6605/4478 5085/6606/4479
f 5005/6607/4406 5086/6608/4480 5084/6605/4478
f 5005/6506/4406 5084/6609/4478 5006/6507/4407
f 5087/6610/4481 5085/6606/4479 5084/6605/4478
f 5087/6610/4481 5084/6605/4478 5086/6608/4480
f 5005/6611/4406 5011/6612/4412 5088/6613/4482
f 5005/6611/4406 5088/6613/4482 5089/6614/4483
f 5010/6615/4411 5090/6616/4484 5088/6613/4482
f 5010/6615/4411 5088/6613/4482 5011/6612/4412
f 5091/6617/4485 5089/6614/4483 5088/6613/4482
f 5091/6617/4485 5088/6613/4482 5090/6616/4484
f 5010/6618/4411 5015/6519/4416 5092/6619/4486
f 5010/6618/4411 5092/6619/4486 5093/6620/4487
f 5014/6518/4415 5094/6621/4488 5092/6619/4486
f 5014/6518/4415 5092/6619/4486 5015/6519/4416
f 5095/6622/4485 5093/6620/4487 5092/6619/4486
f 5095/6622/4485 5092/6619/4486 5094/6621/4488
f 5014/6518/4415 5019/6526/4420 5096/6623/4489
f 5014/6518/4415 5096/6623/4489 5097/6621/4488
f 5018/6525/4419 5098/6624/4490 5096/6623/4489
f 5018/6525/4419 5096/6623/4489 5019/6526/4420
f 5099/6622/4491 5097/6621/4488 5096/6623/4489
f 5099/6622/4491 5096/6623/4489 5098/6624/4490
f 5018/6525/4419 5023/6530/4424 5100/6625/4492
f 5018/6525/4419 5100/6625/4492 5101/6624/4490
f 5022/6529/4423 5102/6626/4493 5100/6625/4492
f 5022/6529/4423 5100/6625/4492 5023/6530/4424
f 5103/6622/4494 5101/6624/4490 5100/6625/4492
f 5103/6622/4494 5100/6625/4492 5102/6626/4493
f 5022/6529/4423 5027/6534/4428 5104/6627/4495
f 5022/6529/4423 5104/6627/4495 5105/6626/4493
f 5026/6533/4427 5106/6628/4496 5104/6627/4495
f 5026/6533/4427 5104/6627/4495 5027/6534/4428
f 5107/6622/4494 5105/6626/4493 5104/6627/4495
f 5107/6622/4494 5104/6627/4495 5106/6628/4496
f 5026/6533/4427 5031/6538/4432 5108/6629/4497
f 5026/6533/4427 5108/6629/4497 5109/6628/4496
f 5030/6537/4431 5110/6630/4498 5108/6629/4497
f 5030/6537/4431 5108/6629/4497 5031/6538/4432
f 5111/6622/4499 5109/6628/4496 5108/6629/4497
f 5111/6622/4499 5108/6629/4497 5110/6630/4498
f 5030/6537/4431 5035/6543/4436 5112/6631/4500
f 5030/6537/4431 5112/6631/4500 5113/6630/4501
f 5034/6542/4435 5114/6632/4502 5112/6631/4500
f 5034/6542/4435 5112/6631/4500 5035/6543/4436
f 5115/6622/4499 5113/6630/4501 5112/6631/4500
f 5115/6622/4499 5112/6631/4500 5114/6632/4502
f 5034/6542/4435 5039/6550/4440 5116/6633/4503
f 5034/6542/4435 5116/6633/4503 5117/6632/4504
f 5038/6549/4439 5118/6634/4505 5116/6633/4503
f 5038/6549/4439 5116/6633/4503 5039/6550/4440
f 5119/6622/4481 5117/6632/4504 5116/6633/4503
f 5119/6622/4481 5116/6633/4503 5118/6634/4505
f 5038/6549/4439 5043/6557/4444 5120/6635/4506
f 5038/6549/4439 5120/6635/4506 5121/6634/4505
f 5042/6636/4443 5122/6637/4507 5120/6635/4506
f 5042/6636/4443 5120/6635/4506 5043/6557/4444
f 5123/6622/4481 5121/6634/4505 5120/6635/4506
f 5123/6622/4481 5120/6635/4506 5122/6637/4507
s 177
g pasted__polySurface3_pasted__lambert12_0_Material.008
usemtl Material.008
f 5124/6638/4508 5126/6639/4509 5125/6640/4510
f 5127/6641/4511 5125/6640/4510 5126/6639/4509
s 178
f 5128/6642/4512 5129/6643/4513 5130/6644/4514
f 5128/6642/4512 5130/6644/4514 5131/6645/4515
f 5132/6646/4516 5133/6647/4517 5130/6644/4514
f 5132/6646/4516 5130/6644/4514 5129/6643/4513
f 5134/6648/4518 5131/6645/4515 5130/6644/4514
f 5134/6648/4518 5130/6644/4514 5133/6647/4517
s 179
f 5135/6649/4519 5136/6650/4520 5137/6651/4521
f 5135/6649/4519 5137/6651/4521 5138/6652/4522
f 5139/6653/4523 5140/6654/4524 5137/6651/4521
f 5139/6653/4523 5137/6651/4521 5136/6650/4520
f 5141/6655/4525 5138/6652/4522 5137/6651/4521
f 5141/6655/4525 5137/6651/4521 5140/6654/4524
s 178
f 5142/6656/4526 5143/6657/4527 5144/6658/4528
f 5142/6656/4526 5144/6658/4528 5145/6659/4529
f 5143/6657/4527 5128/6642/4512 5146/6660/4530
f 5143/6657/4527 5146/6660/4530 5144/6658/4528
f 5144/6658/4528 5146/6660/4530 5147/6660/4531
f 5144/6658/4528 5147/6660/4531 5148/6658/4532
f 5145/6659/4529 5144/6658/4528 5148/6658/4532
f 5145/6659/4529 5148/6658/4532 5149/6659/4533
f 5128/6642/4512 5131/6645/4515 5150/6661/4534
f 5128/6642/4512 5150/6661/4534 5146/6660/4530
f 5131/6645/4515 5134/6648/4518 5151/6662/4535
f 5131/6645/4515 5151/6662/4535 5150/6661/4534
f 5150/6661/4534 5151/6662/4535 5152/6662/4536
f 5150/6661/4534 5152/6662/4536 5153/6661/4537
f 5146/6660/4530 5150/6661/4534 5153/6661/4537
f 5146/6660/4530 5153/6661/4537 5147/6660/4531
f 5134/6648/4518 5154/6663/4524 5155/6663/4538
f 5134/6648/4518 5155/6663/4538 5151/6662/4535
f 5154/6663/4524 5142/6656/4526 5145/6659/4529
f 5154/6663/4524 5145/6659/4529 5155/6663/4538
f 5155/6663/4538 5145/6659/4529 5149/6659/4533
f 5155/6663/4538 5149/6659/4533 5156/6663/4539
f 5151/6662/4535 5155/6663/4538 5156/6663/4539
f 5151/6662/4535 5156/6663/4539 5152/6662/4536
f 5149/6659/4533 5148/6658/4532 5157/6658/4540
f 5149/6659/4533 5157/6658/4540 5158/6659/4541
f 5148/6658/4532 5147/6660/4531 5159/6660/4542
f 5148/6658/4532 5159/6660/4542 5157/6658/4540
f 5157/6658/4540 5159/6660/4542 5160/6660/4543
f 5157/6658/4540 5160/6660/4543 5161/6658/4544
f 5158/6659/4541 5157/6658/4540 5161/6658/4544
f 5158/6659/4541 5161/6658/4544 5162/6659/4545
f 5147/6660/4531 5153/6661/4537 5163/6661/4546
f 5147/6660/4531 5163/6661/4546 5159/6660/4542
f 5153/6661/4537 5152/6662/4536 5164/6662/4547
f 5153/6661/4537 5164/6662/4547 5163/6661/4546
f 5163/6661/4546 5164/6662/4547 5165/6662/4548
f 5163/6661/4546 5165/6662/4548 5166/6661/4549
f 5159/6660/4542 5163/6661/4546 5166/6661/4549
f 5159/6660/4542 5166/6661/4549 5160/6660/4543
f 5152/6662/4536 5156/6663/4539 5167/6663/4550
f 5152/6662/4536 5167/6663/4550 5164/6662/4547
f 5156/6663/4539 5149/6659/4533 5158/6659/4541
f 5156/6663/4539 5158/6659/4541 5167/6663/4550
f 5167/6663/4550 5158/6659/4541 5162/6659/4545
f 5167/6663/4550 5162/6659/4545 5168/6663/4551
f 5164/6662/4547 5167/6663/4550 5168/6663/4551
f 5164/6662/4547 5168/6663/4551 5165/6662/4548
f 5162/6659/4545 5161/6658/4544 5169/6658/4552
f 5162/6659/4545 5169/6658/4552 5170/6659/4553
f 5161/6658/4544 5160/6660/4543 5171/6660/4554
f 5161/6658/4544 5171/6660/4554 5169/6658/4552
f 5169/6658/4552 5171/6660/4554 5172/6660/4555
f 5169/6658/4552 5172/6660/4555 5173/6658/4556
f 5170/6659/4553 5169/6658/4552 5173/6658/4556
f 5170/6659/4553 5173/6658/4556 5174/6659/4557
f 5160/6660/4543 5166/6661/4549 5175/6661/4558
f 5160/6660/4543 5175/6661/4558 5171/6660/4554
f 5166/6661/4549 5165/6662/4548 5176/6662/4559
f 5166/6661/4549 5176/6662/4559 5175/6661/4558
f 5175/6661/4558 5176/6662/4559 5177/6662/4560
f 5175/6661/4558 5177/6662/4560 5178/6661/4561
f 5171/6660/4554 5175/6661/4558 5178/6661/4561
f 5171/6660/4554 5178/6661/4561 5172/6660/4555
f 5165/6662/4548 5168/6663/4551 5179/6663/4562
f 5165/6662/4548 5179/6663/4562 5176/6662/4559
f 5168/6663/4551 5162/6659/4545 5170/6659/4553
f 5168/6663/4551 5170/6659/4553 5179/6663/4562
f 5179/6663/4562 5170/6659/4553 5174/6659/4557
f 5179/6663/4562 5174/6659/4557 5180/6663/4563
f 5176/6662/4559 5179/6663/4562 5180/6663/4563
f 5176/6662/4559 5180/6663/4563 5177/6662/4560
f 5174/6659/4557 5173/6658/4556 5181/6658/4564
f 5174/6659/4557 5181/6658/4564 5182/6659/4565
f 5173/6658/4556 5172/6660/4555 5183/6660/4566
f 5173/6658/4556 5183/6660/4566 5181/6658/4564
f 5181/6658/4564 5183/6660/4566 5184/6660/4567
f 5181/6658/4564 5184/6660/4567 5185/6658/4568
f 5182/6659/4565 5181/6658/4564 5185/6658/4568
f 5182/6659/4565 5185/6658/4568 5186/6659/4569
f 5172/6660/4555 5178/6661/4561 5187/6661/4570
f 5172/6660/4555 5187/6661/4570 5183/6660/4566
f 5178/6661/4561 5177/6662/4560 5188/6662/4571
f 5178/6661/4561 5188/6662/4571 5187/6661/4570
f 5187/6661/4570 5188/6662/4571 5189/6662/4572
f 5187/6661/4570 5189/6662/4572 5190/6661/4573
f 5183/6660/4566 5187/6661/4570 5190/6661/4573
f 5183/6660/4566 5190/6661/4573 5184/6660/4567
f 5177/6662/4560 5180/6663/4563 5191/6663/4574
f 5177/6662/4560 5191/6663/4574 5188/6662/4571
f 5180/6663/4563 5174/6659/4557 5182/6659/4565
f 5180/6663/4563 5182/6659/4565 5191/6663/4574
f 5191/6663/4574 5182/6659/4565 5186/6659/4569
f 5191/6663/4574 5186/6659/4569 5192/6663/4575
f 5188/6662/4571 5191/6663/4574 5192/6663/4575
f 5188/6662/4571 5192/6663/4575 5189/6662/4572
f 5193/6659/4576 5194/6658/4577 5195/6658/4578
f 5193/6659/4576 5195/6658/4578 5196/6659/4579
f 5194/6658/4577 5197/6660/4580 5198/6660/4581
f 5194/6658/4577 5198/6660/4581 5195/6658/4578
f 5195/6658/4578 5198/6660/4581 5199/6664/71
f 5195/6658/4578 5199/6664/71 5200/6658/4582
f 5196/6659/4579 5195/6658/4578 5200/6658/4582
f 5196/6659/4579 5200/6658/4582 5201/6656/83
f 5197/6660/4580 5202/6661/4583 5203/6661/4584
f 5197/6660/4580 5203/6661/4584 5198/6660/4581
f 5202/6661/4583 5204/6662/4585 5205/6662/4586
f 5202/6661/4583 5205/6662/4586 5203/6661/4584
f 5203/6661/4584 5205/6662/4586 5206/6648/4587
f 5203/6661/4584 5206/6648/4587 5207/6661/4588
f 5198/6660/4581 5203/6661/4584 5207/6661/4588
f 5198/6660/4581 5207/6661/4588 5199/6664/71
f 5204/6662/4585 5208/6663/4589 5209/6663/4590
f 5204/6662/4585 5209/6663/4590 5205/6662/4586
f 5208/6663/4589 5193/6659/4576 5196/6659/4579
f 5208/6663/4589 5196/6659/4579 5209/6663/4590
f 5209/6663/4590 5196/6659/4579 5201/6656/83
f 5209/6663/4590 5201/6656/83 5210/6663/4591
f 5205/6662/4586 5209/6663/4590 5210/6663/4591
f 5205/6662/4586 5210/6663/4591 5206/6648/4587
f 5186/6659/4569 5185/6658/4568 5211/6658/4592
f 5186/6659/4569 5211/6658/4592 5212/6659/4593
f 5185/6658/4568 5184/6660/4567 5213/6660/4594
f 5185/6658/4568 5213/6660/4594 5211/6658/4592
f 5211/6658/4592 5213/6660/4594 5197/6660/4580
f 5211/6658/4592 5197/6660/4580 5194/6658/4577
f 5212/6659/4593 5211/6658/4592 5194/6658/4577
f 5212/6659/4593 5194/6658/4577 5193/6659/4576
f 5184/6660/4567 5190/6661/4573 5214/6661/4595
f 5184/6660/4567 5214/6661/4595 5213/6660/4594
f 5190/6661/4573 5189/6662/4572 5215/6662/4596
f 5190/6661/4573 5215/6662/4596 5214/6661/4595
f 5214/6661/4595 5215/6662/4596 5204/6662/4585
f 5214/6661/4595 5204/6662/4585 5202/6661/4583
f 5213/6660/4594 5214/6661/4595 5202/6661/4583
f 5213/6660/4594 5202/6661/4583 5197/6660/4580
f 5189/6662/4572 5192/6663/4575 5216/6663/4597
f 5189/6662/4572 5216/6663/4597 5215/6662/4596
f 5192/6663/4575 5186/6659/4569 5212/6659/4593
f 5192/6663/4575 5212/6659/4593 5216/6663/4597
f 5216/6663/4597 5212/6659/4593 5193/6659/4576
f 5216/6663/4597 5193/6659/4576 5208/6663/4589
f 5215/6662/4596 5216/6663/4597 5208/6663/4589
f 5215/6662/4596 5208/6663/4589 5204/6662/4585
s 180
g pasted__polySurface3_pasted__lambert12_0_Material.007
usemtl Material.007
f 5217/6665/4598 5218/6666/4599 5219/6667/4600
f 5217/6665/4598 5219/6667/4600 5220/6668/4601
f 5220/6668/4601 5219/6667/4600 5222/6669/4602
f 5220/6668/4601 5222/6669/4602 5223/6670/4603
s 181
f 5225/6671/4604 5227/6672/4605 5228/6673/4601
f 5225/6671/4604 5228/6673/4601 5226/6674/4606
f 5226/6674/4606 5228/6673/4601 5229/6675/4607
f 5226/6674/4606 5229/6675/4607 5230/6676/4608
s 180
f 5223/6670/4603 5222/6669/4602 5231/6677/4609
f 5223/6670/4603 5231/6677/4609 5232/6678/4610
f 5222/6669/4602 5233/6679/4611 5231/6677/4609
f 5231/6677/4609 5234/6680/4612 5235/6681/4613
f 5232/6678/4610 5231/6677/4609 5235/6681/4613
f 5232/6678/4610 5235/6681/4613 5236/6682/4614
s 181
f 5230/6676/4608 5229/6675/4607 5240/6683/4615
f 5230/6676/4608 5240/6683/4615 5239/6684/4616
f 5239/6684/4616 5240/6683/4615 5241/6685/4614
f 5239/6684/4616 5241/6685/4614 5242/6686/4617
f 5237/6687/4618 5239/6684/4616 5242/6686/4617
f 5237/6687/4618 5242/6686/4617 5238/6688/4619
s 180
f 5236/6682/4614 5235/6681/4613 5243/6689/4620
f 5236/6682/4614 5243/6689/4620 5244/6690/4621
f 5235/6681/4613 5234/6680/4612 5245/6691/4622
f 5235/6681/4613 5245/6691/4622 5243/6689/4620
f 5243/6689/4620 5245/6691/4622 5246/6692/4623
f 5243/6689/4620 5246/6692/4623 5247/6693/4624
f 5244/6690/4621 5243/6689/4620 5247/6693/4624
f 5244/6690/4621 5247/6693/4624 5248/6694/4625
f 5245/6691/4622 5249/6695/4626 5246/6692/4623
s 181
f 5238/6688/4619 5242/6686/4617 5253/6696/4627
f 5238/6688/4619 5253/6696/4627 5251/6697/4628
f 5242/6686/4617 5241/6685/4614 5254/6698/4629
f 5242/6686/4617 5254/6698/4629 5253/6696/4627
f 5253/6696/4627 5254/6698/4629 5255/6699/4625
f 5253/6696/4627 5255/6699/4625 5256/6700/4630
s 180
f 5248/6694/4625 5247/6693/4624 5257/6701/4631
f 5248/6694/4625 5257/6701/4631 5258/6702/4632
f 5247/6693/4624 5246/6692/4623 5259/6703/4633
f 5247/6693/4624 5259/6703/4633 5257/6701/4631
f 5257/6701/4631 5259/6703/4633 5260/6704/4634
f 5257/6701/4631 5260/6704/4634 5261/6705/4635
f 5258/6702/4632 5257/6701/4631 5261/6705/4635
f 5258/6702/4632 5261/6705/4635 5262/6706/4636
f 5246/6692/4623 5249/6695/4626 5263/6707/4637
f 5246/6692/4623 5263/6707/4637 5259/6703/4633
f 5263/6707/4637 5264/6708/4638 5265/6709/4639
f 5259/6703/4633 5263/6707/4637 5265/6709/4639
s 182
f 5250/6710/4640 5252/6711/4641 5267/6712/4642
f 5250/6710/4640 5267/6712/4642 5266/6713/4643
s 181
f 5256/6700/4630 5255/6699/4625 5269/6714/4644
s 183
f 5268/6715/4645 5269/6714/4646 5270/6716/4647
s 180
f 5262/6706/4636 5261/6705/4635 5272/6717/4648
f 5262/6706/4636 5272/6717/4648 5273/6718/4649
f 5273/6718/4649 5272/6717/4648 5275/6719/4650
f 5273/6718/4649 5275/6719/4650 5276/6720/4651
s 184
f 5260/6704/4652 5265/6709/4653 5277/6721/4654
f 5265/6709/4653 5278/6722/4655 5277/6721/4654
f 5277/6721/4654 5278/6722/4655 5279/6723/4656
f 5277/6721/4654 5279/6723/4656 5280/6724/4657
f 5274/6725/4658 5277/6721/4654 5280/6724/4657
s 185
f 5271/6726/4659 5270/6716/4660 5281/6727/4661
s 180
f 5276/6720/4651 5275/6719/4650 5284/6728/4662
f 5276/6720/4651 5284/6728/4662 5285/6729/4663
f 5275/6719/4650 5286/6730/4664 5284/6728/4662
f 5284/6728/4662 5287/6731/4665 5288/6732/4666
f 5285/6729/4663 5284/6728/4662 5288/6732/4666
f 5285/6729/4663 5288/6732/4666 5289/6733/4667
s 184
f 5280/6724/4657 5279/6723/4656 5290/6734/4668
s 186
f 5283/6735/4669 5282/6736/4670 5292/6737/4671
s 187
f 5291/6738/4672 5292/6737/4673 5293/6739/4674
s 180
f 5289/6733/4667 5288/6732/4666 5295/6740/4675
f 5289/6733/4667 5295/6740/4675 5296/6741/4676
f 5288/6732/4666 5287/6731/4665 5297/6742/4677
f 5288/6732/4666 5297/6742/4677 5295/6740/4675
f 5296/6741/4676 5295/6740/4675 5298/6743/4678
f 5296/6741/4676 5298/6743/4678 5299/6744/4679
s 188
f 5294/6745/4680 5293/6739/4681 5301/6746/4682
s 189
f 5300/6747/4683 5301/6746/4684 5302/6748/4679
f 5300/6747/4683 5302/6748/4679 5303/6749/4685
s 180
f 5299/6744/4679 5298/6743/4678 5304/6750/4686
f 5299/6744/4679 5304/6750/4686 5305/6751/4687
f 5298/6743/4678 5306/6752/4688 5304/6750/4686
s 189
f 5303/6749/4685 5302/6748/4679 5307/6753/4689
s 180
f 5221/6754/4690 5218/6666/4599 5308/6755/4691
f 5217/6665/4598 5310/6756/4692 5308/6755/4691
f 5217/6665/4598 5308/6755/4691 5218/6666/4599
f 5311/6757/4693 5309/6758/4694 5308/6755/4691
f 5311/6757/4693 5308/6755/4691 5310/6756/4692
s 190
f 5224/6759/4695 5313/6760/4696 5312/6761/4697
s 191
f 5316/6762/4698 5315/6763/4699 5314/6764/4700
s 181
f 5227/6672/4605 5225/6671/4604 5317/6765/4701
f 5227/6672/4605 5317/6765/4701 5318/6766/4692
f 5320/6767/4702 5318/6766/4692 5317/6765/4701
f 5320/6767/4702 5317/6765/4701 5319/6768/4703
s 192
f 5416/6666/4704 5418/6754/4705 5419/6769/4706
f 5416/6666/4704 5419/6769/4706 5417/6667/4707
f 5417/6667/4707 5419/6769/4706 5420/6770/4708
f 5417/6667/4707 5420/6770/4708 5421/6669/4709
f 5418/6754/4705 5422/6771/4710 5423/6772/4711
f 5418/6754/4705 5423/6772/4711 5419/6769/4706
f 5422/6771/4710 5424/6773/4712 5425/6774/4713
f 5422/6771/4710 5425/6774/4713 5423/6772/4711
f 5423/6772/4711 5425/6774/4713 5426/6775/4714
f 5423/6772/4711 5426/6775/4714 5427/6776/4715
f 5419/6769/4706 5423/6772/4711 5427/6776/4715
f 5419/6769/4706 5427/6776/4715 5420/6770/4708
f 5424/6773/4712 5428/6777/4716 5429/6778/4717
f 5424/6773/4712 5429/6778/4717 5425/6774/4713
f 5428/6777/4716 5430/6779/4718 5431/6780/4719
f 5428/6777/4716 5431/6780/4719 5429/6778/4717
f 5429/6778/4717 5431/6780/4719 5432/6781/4720
f 5429/6778/4717 5432/6781/4720 5433/6782/4721
f 5425/6774/4713 5429/6778/4717 5433/6782/4721
f 5425/6774/4713 5433/6782/4721 5426/6775/4714
f 5430/6779/4718 5434/6783/4722 5435/6784/4723
f 5430/6779/4718 5435/6784/4723 5431/6780/4719
f 5434/6783/4722 5436/6785/4724 5437/6786/4725
f 5434/6783/4722 5437/6786/4725 5435/6784/4723
f 5435/6784/4723 5437/6786/4725 5438/6787/4726
f 5435/6784/4723 5438/6787/4726 5439/6788/4727
f 5431/6780/4719 5435/6784/4723 5439/6788/4727
f 5431/6780/4719 5439/6788/4727 5432/6781/4720
f 5436/6785/4724 5440/6789/4728 5441/6790/4729
f 5436/6785/4724 5441/6790/4729 5437/6786/4725
f 5440/6789/4728 5442/6791/4730 5443/6792/4731
f 5440/6789/4728 5443/6792/4731 5441/6790/4729
f 5441/6790/4729 5443/6792/4731 5444/6793/4732
f 5441/6790/4729 5444/6793/4732 5445/6794/4733
f 5437/6786/4725 5441/6790/4729 5445/6794/4733
f 5437/6786/4725 5445/6794/4733 5438/6787/4726
f 5442/6791/4730 5446/6795/4734 5447/6796/4735
f 5442/6791/4730 5447/6796/4735 5443/6792/4731
f 5446/6795/4734 5448/6759/4736 5449/6797/4737
f 5446/6795/4734 5449/6797/4737 5447/6796/4735
f 5447/6796/4735 5449/6797/4737 5450/6798/4738
f 5447/6796/4735 5450/6798/4738 5451/6799/4739
f 5443/6792/4731 5447/6796/4735 5451/6799/4739
f 5443/6792/4731 5451/6799/4739 5444/6793/4732
f 5448/6759/4736 5452/6800/4740 5453/6801/4741
f 5448/6759/4736 5453/6801/4741 5449/6797/4737
f 5452/6800/4740 5454/6802/4742 5455/6803/4743
f 5452/6800/4740 5455/6803/4743 5453/6801/4741
f 5453/6801/4741 5455/6803/4743 5456/6804/4744
f 5453/6801/4741 5456/6804/4744 5457/6805/4745
f 5449/6797/4737 5453/6801/4741 5457/6805/4745
f 5449/6797/4737 5457/6805/4745 5450/6798/4738
f 5454/6802/4742 5458/6806/4746 5459/6807/4747
f 5454/6802/4742 5459/6807/4747 5455/6803/4743
f 5458/6806/4746 5460/6808/4748 5461/6809/4749
f 5458/6806/4746 5461/6809/4749 5459/6807/4747
f 5459/6807/4747 5461/6809/4749 5462/6810/4750
f 5459/6807/4747 5462/6810/4750 5463/6811/4751
f 5455/6803/4743 5459/6807/4747 5463/6811/4751
f 5455/6803/4743 5463/6811/4751 5456/6804/4744
f 5460/6808/4748 5464/6812/4752 5465/6813/4753
f 5460/6808/4748 5465/6813/4753 5461/6809/4749
f 5464/6812/4752 5466/6814/4754 5467/6815/4755
f 5464/6812/4752 5467/6815/4755 5465/6813/4753
f 5465/6813/4753 5467/6815/4755 5468/6816/4756
f 5465/6813/4753 5468/6816/4756 5469/6817/4757
f 5461/6809/4749 5465/6813/4753 5469/6817/4757
f 5461/6809/4749 5469/6817/4757 5462/6810/4750
f 5466/6814/4754 5470/6671/4758 5471/6674/4759
f 5466/6814/4754 5471/6674/4759 5467/6815/4755
f 5467/6815/4755 5471/6674/4759 5472/6676/4760
f 5467/6815/4755 5472/6676/4760 5468/6816/4756
f 5421/6669/4709 5420/6770/4708 5474/6679/4761
f 5473/6677/4762 5474/6679/4761 5475/6680/4763
f 5420/6770/4708 5427/6776/4715 5476/6818/4764
f 5420/6770/4708 5476/6818/4764 5474/6679/4761
f 5427/6776/4715 5426/6775/4714 5477/6819/4765
f 5427/6776/4715 5477/6819/4765 5476/6818/4764
f 5476/6818/4764 5477/6819/4765 5478/6820/4766
f 5476/6818/4764 5478/6820/4766 5479/6821/4767
f 5474/6679/4761 5476/6818/4764 5479/6821/4767
f 5474/6679/4761 5479/6821/4767 5475/6680/4763
f 5426/6775/4714 5433/6782/4721 5480/6822/4768
f 5426/6775/4714 5480/6822/4768 5477/6819/4765
f 5433/6782/4721 5432/6781/4720 5481/6823/4769
f 5433/6782/4721 5481/6823/4769 5480/6822/4768
f 5480/6822/4768 5481/6823/4769 5482/6824/4770
f 5480/6822/4768 5482/6824/4770 5483/6825/4771
f 5477/6819/4765 5480/6822/4768 5483/6825/4771
f 5477/6819/4765 5483/6825/4771 5478/6820/4766
f 5432/6781/4720 5439/6788/4727 5484/6826/4772
f 5432/6781/4720 5484/6826/4772 5481/6823/4769
f 5439/6788/4727 5438/6787/4726 5485/6827/4773
f 5439/6788/4727 5485/6827/4773 5484/6826/4772
f 5484/6826/4772 5485/6827/4773 5486/6828/4774
f 5484/6826/4772 5486/6828/4774 5487/6829/4775
f 5481/6823/4769 5484/6826/4772 5487/6829/4775
f 5481/6823/4769 5487/6829/4775 5482/6824/4770
f 5438/6787/4726 5445/6794/4733 5488/6830/4776
f 5438/6787/4726 5488/6830/4776 5485/6827/4773
f 5445/6794/4733 5444/6793/4732 5489/6831/4777
f 5445/6794/4733 5489/6831/4777 5488/6830/4776
f 5488/6830/4776 5489/6831/4777 5490/6832/4778
f 5488/6830/4776 5490/6832/4778 5491/6833/4779
f 5485/6827/4773 5488/6830/4776 5491/6833/4779
f 5485/6827/4773 5491/6833/4779 5486/6828/4774
f 5444/6793/4732 5451/6799/4739 5492/6834/4780
f 5444/6793/4732 5492/6834/4780 5489/6831/4777
f 5451/6799/4739 5450/6798/4738 5493/6835/4781
f 5451/6799/4739 5493/6835/4781 5492/6834/4780
f 5492/6834/4780 5493/6835/4781 5494/6836/4782
f 5492/6834/4780 5494/6836/4782 5495/6837/4783
f 5489/6831/4777 5492/6834/4780 5495/6837/4783
f 5489/6831/4777 5495/6837/4783 5490/6832/4778
f 5450/6798/4738 5457/6805/4745 5496/6838/4784
f 5450/6798/4738 5496/6838/4784 5493/6835/4781
f 5457/6805/4745 5456/6804/4744 5497/6839/4785
f 5457/6805/4745 5497/6839/4785 5496/6838/4784
f 5496/6838/4784 5497/6839/4785 5498/6840/4786
f 5496/6838/4784 5498/6840/4786 5499/6841/4787
f 5493/6835/4781 5496/6838/4784 5499/6841/4787
f 5493/6835/4781 5499/6841/4787 5494/6836/4782
f 5456/6804/4744 5463/6811/4751 5500/6649/4788
f 5456/6804/4744 5500/6649/4788 5497/6839/4785
f 5463/6811/4751 5462/6810/4750 5501/6842/4789
f 5463/6811/4751 5501/6842/4789 5500/6649/4788
f 5500/6649/4788 5501/6842/4789 5502/6843/4790
f 5500/6649/4788 5502/6843/4790 5503/6844/4791
f 5497/6839/4785 5500/6649/4788 5503/6844/4791
f 5497/6839/4785 5503/6844/4791 5498/6840/4786
f 5462/6810/4750 5469/6817/4757 5504/6845/4792
f 5462/6810/4750 5504/6845/4792 5501/6842/4789
f 5469/6817/4757 5468/6816/4756 5505/6687/4793
f 5469/6817/4757 5505/6687/4793 5504/6845/4792
f 5504/6845/4792 5505/6687/4793 5506/6688/4794
f 5504/6845/4792 5506/6688/4794 5507/6846/4795
f 5501/6842/4789 5504/6845/4792 5507/6846/4795
f 5501/6842/4789 5507/6846/4795 5502/6843/4790
f 5468/6816/4756 5472/6676/4760 5508/6684/4796
f 5468/6816/4756 5508/6684/4796 5505/6687/4793
f 5475/6680/4763 5479/6821/4767 5510/6847/4797
f 5475/6680/4763 5510/6847/4797 5509/6691/4798
f 5479/6821/4767 5478/6820/4766 5511/6848/4799
f 5479/6821/4767 5511/6848/4799 5510/6847/4797
f 5510/6847/4797 5511/6848/4799 5512/6849/4800
f 5510/6847/4797 5512/6849/4800 5513/6695/4801
f 5509/6691/4798 5510/6847/4797 5513/6695/4801
f 5478/6820/4766 5483/6825/4771 5514/6850/4802
f 5478/6820/4766 5514/6850/4802 5511/6848/4799
f 5483/6825/4771 5482/6824/4770 5515/6851/4803
f 5483/6825/4771 5515/6851/4803 5514/6850/4802
f 5514/6850/4802 5515/6851/4803 5516/6852/4804
f 5514/6850/4802 5516/6852/4804 5517/6853/4805
f 5511/6848/4799 5514/6850/4802 5517/6853/4805
f 5511/6848/4799 5517/6853/4805 5512/6849/4800
f 5482/6824/4770 5487/6829/4775 5518/6854/4806
f 5482/6824/4770 5518/6854/4806 5515/6851/4803
f 5487/6829/4775 5486/6828/4774 5519/6855/4807
f 5487/6829/4775 5519/6855/4807 5518/6854/4806
f 5518/6854/4806 5519/6855/4807 5520/6856/4808
f 5518/6854/4806 5520/6856/4808 5521/6857/4809
f 5515/6851/4803 5518/6854/4806 5521/6857/4809
f 5515/6851/4803 5521/6857/4809 5516/6852/4804
f 5486/6828/4774 5491/6833/4779 5522/6858/4810
f 5486/6828/4774 5522/6858/4810 5519/6855/4807
f 5491/6833/4779 5490/6832/4778 5523/6859/4811
f 5491/6833/4779 5523/6859/4811 5522/6858/4810
f 5522/6858/4810 5523/6859/4811 5524/6860/4812
f 5522/6858/4810 5524/6860/4812 5525/6861/4813
f 5519/6855/4807 5522/6858/4810 5525/6861/4813
f 5519/6855/4807 5525/6861/4813 5520/6856/4808
f 5490/6832/4778 5495/6837/4783 5526/6862/4814
f 5490/6832/4778 5526/6862/4814 5523/6859/4811
f 5495/6837/4783 5494/6836/4782 5527/6863/4815
f 5495/6837/4783 5527/6863/4815 5526/6862/4814
f 5526/6862/4814 5527/6863/4815 5528/6864/4816
f 5526/6862/4814 5528/6864/4816 5529/6865/4817
f 5523/6859/4811 5526/6862/4814 5529/6865/4817
f 5523/6859/4811 5529/6865/4817 5524/6860/4812
f 5494/6836/4782 5499/6841/4787 5530/6866/4818
f 5494/6836/4782 5530/6866/4818 5527/6863/4815
f 5499/6841/4787 5498/6840/4786 5531/6867/4819
f 5499/6841/4787 5531/6867/4819 5530/6866/4818
f 5530/6866/4818 5531/6867/4819 5532/6868/4820
f 5530/6866/4818 5532/6868/4820 5533/6869/4821
f 5527/6863/4815 5530/6866/4818 5533/6869/4821
f 5527/6863/4815 5533/6869/4821 5528/6864/4816
f 5498/6840/4786 5503/6844/4791 5534/6870/4822
f 5498/6840/4786 5534/6870/4822 5531/6867/4819
f 5503/6844/4791 5502/6843/4790 5535/6871/4823
f 5503/6844/4791 5535/6871/4823 5534/6870/4822
f 5534/6870/4822 5535/6871/4823 5536/6710/4824
f 5534/6870/4822 5536/6710/4824 5537/6872/4825
f 5531/6867/4819 5534/6870/4822 5537/6872/4825
f 5531/6867/4819 5537/6872/4825 5532/6868/4820
f 5502/6843/4790 5507/6846/4795 5538/6873/4826
f 5502/6843/4790 5538/6873/4826 5535/6871/4823
f 5507/6846/4795 5506/6688/4794 5539/6697/4827
f 5507/6846/4795 5539/6697/4827 5538/6873/4826
f 5538/6873/4826 5539/6697/4827 5540/6874/4828
f 5538/6873/4826 5540/6874/4828 5541/6711/4829
f 5535/6871/4823 5538/6873/4826 5541/6711/4829
f 5535/6871/4823 5541/6711/4829 5536/6710/4824
f 5539/6697/4827 5542/6696/4830 5543/6700/4831
f 5539/6697/4827 5543/6700/4831 5540/6874/4828
f 5513/6695/4801 5512/6849/4800 5548/6875/4832
f 5513/6695/4801 5548/6875/4832 5547/6707/4833
f 5547/6707/4833 5548/6875/4832 5549/6708/4834
s 193
f 5544/6703/4835 5550/6709/4836 5545/6704/4836
s 192
f 5512/6849/4800 5517/6853/4805 5551/6876/4837
f 5512/6849/4800 5551/6876/4837 5548/6875/4832
f 5517/6853/4805 5516/6852/4804 5552/6877/4838
f 5517/6853/4805 5552/6877/4838 5551/6876/4837
f 5551/6876/4837 5552/6877/4838 5553/6878/4839
f 5551/6876/4837 5553/6878/4839 5554/6879/4840
f 5548/6875/4832 5551/6876/4837 5554/6879/4840
f 5548/6875/4832 5554/6879/4840 5549/6708/4834
f 5516/6852/4804 5521/6857/4809 5555/6880/4841
f 5516/6852/4804 5555/6880/4841 5552/6877/4838
f 5521/6857/4809 5520/6856/4808 5556/6881/4842
f 5521/6857/4809 5556/6881/4842 5555/6880/4841
f 5555/6880/4841 5556/6881/4842 5557/6882/4843
f 5555/6880/4841 5557/6882/4843 5558/6883/4844
f 5552/6877/4838 5555/6880/4841 5558/6883/4844
f 5552/6877/4838 5558/6883/4844 5553/6878/4839
f 5520/6856/4808 5525/6861/4813 5559/6884/4845
f 5520/6856/4808 5559/6884/4845 5556/6881/4842
f 5525/6861/4813 5524/6860/4812 5560/6885/4846
f 5525/6861/4813 5560/6885/4846 5559/6884/4845
f 5559/6884/4845 5560/6885/4846 5561/6664/4847
f 5559/6884/4845 5561/6664/4847 5562/6886/4848
f 5556/6881/4842 5559/6884/4845 5562/6886/4848
f 5556/6881/4842 5562/6886/4848 5557/6882/4843
f 5524/6860/4812 5529/6865/4817 5563/6887/4849
f 5524/6860/4812 5563/6887/4849 5560/6885/4846
f 5529/6865/4817 5528/6864/4816 5564/6888/4850
f 5529/6865/4817 5564/6888/4850 5563/6887/4849
f 5563/6887/4849 5564/6888/4850 5565/6889/4851
f 5563/6887/4849 5565/6889/4851 5566/6890/4852
f 5560/6885/4846 5563/6887/4849 5566/6890/4852
f 5560/6885/4846 5566/6890/4852 5561/6664/4847
f 5528/6864/4816 5533/6869/4821 5567/6891/4853
f 5528/6864/4816 5567/6891/4853 5564/6888/4850
f 5533/6869/4821 5532/6868/4820 5568/6892/4854
f 5533/6869/4821 5568/6892/4854 5567/6891/4853
f 5567/6891/4853 5568/6892/4854 5569/6893/4855
f 5567/6891/4853 5569/6893/4855 5570/6894/4856
f 5564/6888/4850 5567/6891/4853 5570/6894/4856
f 5564/6888/4850 5570/6894/4856 5565/6889/4851
f 5532/6868/4820 5537/6872/4825 5571/6895/4857
f 5532/6868/4820 5571/6895/4857 5568/6892/4854
f 5537/6872/4825 5536/6710/4824 5572/6713/4858
f 5537/6872/4825 5572/6713/4858 5571/6895/4857
f 5571/6895/4857 5572/6713/4858 5573/6896/4859
f 5571/6895/4857 5573/6896/4859 5574/6897/4860
f 5568/6892/4854 5571/6895/4857 5574/6897/4860
f 5568/6892/4854 5574/6897/4860 5569/6893/4855
f 5541/6711/4829 5540/6874/4828 5576/6898/4861
f 5541/6711/4829 5576/6898/4861 5575/6712/4862
f 5575/6712/4862 5576/6898/4861 5577/6899/4863
f 5575/6712/4862 5577/6899/4863 5578/6900/4864
f 5572/6713/4858 5575/6712/4862 5578/6900/4864
f 5572/6713/4858 5578/6900/4864 5573/6896/4859
f 5540/6874/4828 5543/6700/4831 5579/6715/4865
f 5540/6874/4828 5579/6715/4865 5576/6898/4861
f 5543/6700/4831 5580/6714/4866 5579/6715/4865
f 5579/6715/4865 5581/6716/4867 5582/6726/4868
f 5576/6898/4861 5579/6715/4865 5582/6726/4868
f 5576/6898/4861 5582/6726/4868 5577/6899/4863
f 5546/6705/4869 5545/6704/4870 5584/6725/4871
f 5546/6705/4869 5584/6725/4871 5583/6717/4872
f 5583/6717/4872 5584/6725/4871 5585/6901/4873
f 5583/6717/4872 5585/6901/4873 5586/6719/4874
f 5545/6704/4870 5587/6721/4875 5584/6725/4871
f 5550/6709/4876 5549/6708/4834 5588/6722/4877
f 5584/6725/4871 5590/6724/4878 5585/6901/4873
f 5549/6708/4834 5554/6879/4840 5591/6902/4879
f 5549/6708/4834 5591/6902/4879 5588/6722/4877
f 5554/6879/4840 5553/6878/4839 5592/6903/4880
f 5554/6879/4840 5592/6903/4880 5591/6902/4879
f 5591/6902/4879 5592/6903/4880 5593/6904/4881
f 5591/6902/4879 5593/6904/4881 5594/6905/4882
f 5588/6722/4877 5591/6902/4879 5594/6905/4882
f 5588/6722/4877 5594/6905/4882 5589/6723/4883
f 5553/6878/4839 5558/6883/4844 5595/6906/4884
f 5553/6878/4839 5595/6906/4884 5592/6903/4880
f 5558/6883/4844 5557/6882/4843 5596/6907/4885
f 5558/6883/4844 5596/6907/4885 5595/6906/4884
f 5595/6906/4884 5596/6907/4885 5597/6908/4886
f 5595/6906/4884 5597/6908/4886 5598/6909/4887
f 5592/6903/4880 5595/6906/4884 5598/6909/4887
f 5592/6903/4880 5598/6909/4887 5593/6904/4881
f 5557/6882/4843 5562/6886/4848 5599/6910/4888
f 5557/6882/4843 5599/6910/4888 5596/6907/4885
f 5562/6886/4848 5561/6664/4847 5600/6911/4889
f 5562/6886/4848 5600/6911/4889 5599/6910/4888
f 5599/6910/4888 5600/6911/4889 5601/6912/4890
f 5599/6910/4888 5601/6912/4890 5602/6913/4891
f 5596/6907/4885 5599/6910/4888 5602/6913/4891
f 5596/6907/4885 5602/6913/4891 5597/6908/4886
f 5561/6664/4847 5566/6890/4852 5603/6914/4892
f 5561/6664/4847 5603/6914/4892 5600/6911/4889
f 5566/6890/4852 5565/6889/4851 5604/6915/4893
f 5566/6890/4852 5604/6915/4893 5603/6914/4892
f 5603/6914/4892 5604/6915/4893 5605/6916/4894
f 5603/6914/4892 5605/6916/4894 5606/6917/4895
f 5600/6911/4889 5603/6914/4892 5606/6917/4895
f 5600/6911/4889 5606/6917/4895 5601/6912/4890
f 5565/6889/4851 5570/6894/4856 5607/6918/4896
f 5565/6889/4851 5607/6918/4896 5604/6915/4893
f 5570/6894/4856 5569/6893/4855 5608/6919/4897
f 5570/6894/4856 5608/6919/4897 5607/6918/4896
f 5607/6918/4896 5608/6919/4897 5609/6920/4898
f 5607/6918/4896 5609/6920/4898 5610/6921/4899
f 5604/6915/4893 5607/6918/4896 5610/6921/4899
f 5604/6915/4893 5610/6921/4899 5605/6916/4894
f 5569/6893/4855 5574/6897/4860 5611/6922/4900
f 5569/6893/4855 5611/6922/4900 5608/6919/4897
f 5574/6897/4860 5573/6896/4859 5612/6923/4901
f 5574/6897/4860 5612/6923/4901 5611/6922/4900
f 5611/6922/4900 5612/6923/4901 5613/6924/4902
f 5611/6922/4900 5613/6924/4902 5614/6925/4903
f 5608/6919/4897 5611/6922/4900 5614/6925/4903
f 5608/6919/4897 5614/6925/4903 5609/6920/4898
f 5573/6896/4859 5578/6900/4864 5615/6926/4904
f 5573/6896/4859 5615/6926/4904 5612/6923/4901
f 5578/6900/4864 5577/6899/4863 5616/6927/4905
f 5578/6900/4864 5616/6927/4905 5615/6926/4904
f 5615/6926/4904 5616/6927/4905 5617/6928/4906
f 5615/6926/4904 5617/6928/4906 5618/6929/4907
f 5612/6923/4901 5615/6926/4904 5618/6929/4907
f 5612/6923/4901 5618/6929/4907 5613/6924/4902
f 5577/6899/4863 5582/6726/4868 5619/6930/4908
f 5577/6899/4863 5619/6930/4908 5616/6927/4905
f 5582/6726/4868 5620/6727/4909 5619/6930/4908
f 5619/6930/4908 5620/6727/4909 5621/6736/4910
f 5619/6930/4908 5621/6736/4910 5622/6735/4911
f 5616/6927/4905 5619/6930/4908 5622/6735/4911
f 5616/6927/4905 5622/6735/4911 5617/6928/4906
f 5586/6719/4874 5585/6901/4873 5624/6730/4912
f 5623/6728/4913 5624/6730/4912 5625/6731/4914
f 5585/6901/4873 5590/6724/4878 5626/6931/4915
f 5585/6901/4873 5626/6931/4915 5624/6730/4912
f 5590/6724/4878 5627/6734/4916 5626/6931/4915
f 5626/6931/4915 5627/6734/4916 5628/6932/4917
f 5626/6931/4915 5628/6932/4917 5629/6933/4918
f 5624/6730/4912 5626/6931/4915 5629/6933/4918
f 5624/6730/4912 5629/6933/4918 5625/6731/4914
f 5589/6723/4883 5594/6905/4882 5630/6934/4919
f 5589/6723/4883 5630/6934/4919 5627/6734/4916
f 5594/6905/4882 5593/6904/4881 5631/6935/4920
f 5594/6905/4882 5631/6935/4920 5630/6934/4919
f 5630/6934/4919 5631/6935/4920 5632/6936/4921
f 5630/6934/4919 5632/6936/4921 5633/6937/4922
f 5627/6734/4916 5630/6934/4919 5633/6937/4922
f 5627/6734/4916 5633/6937/4922 5628/6932/4917
f 5593/6904/4881 5598/6909/4887 5634/6938/4923
f 5593/6904/4881 5634/6938/4923 5631/6935/4920
f 5598/6909/4887 5597/6908/4886 5635/6939/4924
f 5598/6909/4887 5635/6939/4924 5634/6938/4923
f 5634/6938/4923 5635/6939/4924 5636/6940/4925
f 5634/6938/4923 5636/6940/4925 5637/6941/4926
f 5631/6935/4920 5634/6938/4923 5637/6941/4926
f 5631/6935/4920 5637/6941/4926 5632/6936/4921
f 5597/6908/4886 5602/6913/4891 5638/6942/4927
f 5597/6908/4886 5638/6942/4927 5635/6939/4924
f 5602/6913/4891 5601/6912/4890 5639/6943/4928
f 5602/6913/4891 5639/6943/4928 5638/6942/4927
f 5638/6942/4927 5639/6943/4928 5640/6944/4929
f 5638/6942/4927 5640/6944/4929 5641/6945/4930
f 5635/6939/4924 5638/6942/4927 5641/6945/4930
f 5635/6939/4924 5641/6945/4930 5636/6940/4925
f 5601/6912/4890 5606/6917/4895 5642/6946/4931
f 5601/6912/4890 5642/6946/4931 5639/6943/4928
f 5606/6917/4895 5605/6916/4894 5643/6947/4932
f 5606/6917/4895 5643/6947/4932 5642/6946/4931
f 5642/6946/4931 5643/6947/4932 5644/6948/4933
f 5642/6946/4931 5644/6948/4933 5645/6949/4934
f 5639/6943/4928 5642/6946/4931 5645/6949/4934
f 5639/6943/4928 5645/6949/4934 5640/6944/4929
f 5605/6916/4894 5610/6921/4899 5646/6950/4935
f 5605/6916/4894 5646/6950/4935 5643/6947/4932
f 5610/6921/4899 5609/6920/4898 5647/6951/4936
f 5610/6921/4899 5647/6951/4936 5646/6950/4935
f 5646/6950/4935 5647/6951/4936 5648/6952/4937
f 5646/6950/4935 5648/6952/4937 5649/6953/4938
f 5643/6947/4932 5646/6950/4935 5649/6953/4938
f 5643/6947/4932 5649/6953/4938 5644/6948/4933
f 5609/6920/4898 5614/6925/4903 5650/6954/4939
f 5609/6920/4898 5650/6954/4939 5647/6951/4936
f 5614/6925/4903 5613/6924/4902 5651/6955/4940
f 5614/6925/4903 5651/6955/4940 5650/6954/4939
f 5650/6954/4939 5651/6955/4940 5652/6956/4941
f 5650/6954/4939 5652/6956/4941 5653/6957/4942
f 5647/6951/4936 5650/6954/4939 5653/6957/4942
f 5647/6951/4936 5653/6957/4942 5648/6952/4937
f 5613/6924/4902 5618/6929/4907 5654/6958/4943
f 5613/6924/4902 5654/6958/4943 5651/6955/4940
f 5618/6929/4907 5617/6928/4906 5655/6959/4944
f 5618/6929/4907 5655/6959/4944 5654/6958/4943
f 5654/6958/4943 5655/6959/4944 5656/6960/4945
f 5654/6958/4943 5656/6960/4945 5657/6961/4946
f 5651/6955/4940 5654/6958/4943 5657/6961/4946
f 5651/6955/4940 5657/6961/4946 5652/6956/4941
f 5617/6928/4906 5622/6735/4911 5658/6738/4947
f 5617/6928/4906 5658/6738/4947 5655/6959/4944
f 5622/6735/4911 5659/6737/4948 5658/6738/4947
f 5658/6738/4947 5660/6739/4949 5661/6745/4950
f 5655/6959/4944 5658/6738/4947 5661/6745/4950
f 5655/6959/4944 5661/6745/4950 5656/6960/4945
f 5662/6740/4951 5663/6742/4952 5664/6962/4953
f 5662/6740/4951 5664/6962/4953 5665/6743/4954
f 5625/6731/4914 5629/6933/4918 5666/6963/4955
f 5625/6731/4914 5666/6963/4955 5663/6742/4952
f 5629/6933/4918 5628/6932/4917 5667/6964/4956
f 5629/6933/4918 5667/6964/4956 5666/6963/4955
f 5666/6963/4955 5667/6964/4956 5668/6965/4957
f 5666/6963/4955 5668/6965/4957 5669/6966/4958
f 5663/6742/4952 5666/6963/4955 5669/6966/4958
f 5663/6742/4952 5669/6966/4958 5664/6962/4953
f 5628/6932/4917 5633/6937/4922 5670/6967/4959
f 5628/6932/4917 5670/6967/4959 5667/6964/4956
f 5633/6937/4922 5632/6936/4921 5671/6968/4960
f 5633/6937/4922 5671/6968/4960 5670/6967/4959
f 5670/6967/4959 5671/6968/4960 5672/6969/4961
f 5670/6967/4959 5672/6969/4961 5673/6970/4962
f 5667/6964/4956 5670/6967/4959 5673/6970/4962
f 5667/6964/4956 5673/6970/4962 5668/6965/4957
f 5632/6936/4921 5637/6941/4926 5674/6971/4963
f 5632/6936/4921 5674/6971/4963 5671/6968/4960
f 5637/6941/4926 5636/6940/4925 5675/6972/4964
f 5637/6941/4926 5675/6972/4964 5674/6971/4963
f 5674/6971/4963 5675/6972/4964 5676/6973/4965
f 5674/6971/4963 5676/6973/4965 5677/6974/4966
f 5671/6968/4960 5674/6971/4963 5677/6974/4966
f 5671/6968/4960 5677/6974/4966 5672/6969/4961
f 5636/6940/4925 5641/6945/4930 5678/6975/4967
f 5636/6940/4925 5678/6975/4967 5675/6972/4964
f 5641/6945/4930 5640/6944/4929 5679/6976/4968
f 5641/6945/4930 5679/6976/4968 5678/6975/4967
f 5678/6975/4967 5679/6976/4968 5680/6977/4969
f 5678/6975/4967 5680/6977/4969 5681/6978/4970
f 5675/6972/4964 5678/6975/4967 5681/6978/4970
f 5675/6972/4964 5681/6978/4970 5676/6973/4965
f 5640/6944/4929 5645/6949/4934 5682/6979/4971
f 5640/6944/4929 5682/6979/4971 5679/6976/4968
f 5645/6949/4934 5644/6948/4933 5683/6980/4972
f 5645/6949/4934 5683/6980/4972 5682/6979/4971
f 5682/6979/4971 5683/6980/4972 5684/6981/4973
f 5682/6979/4971 5684/6981/4973 5685/6982/4974
f 5679/6976/4968 5682/6979/4971 5685/6982/4974
f 5679/6976/4968 5685/6982/4974 5680/6977/4969
f 5644/6948/4933 5649/6953/4938 5686/6983/4975
f 5644/6948/4933 5686/6983/4975 5683/6980/4972
f 5649/6953/4938 5648/6952/4937 5687/6984/4976
f 5649/6953/4938 5687/6984/4976 5686/6983/4975
f 5686/6983/4975 5687/6984/4976 5688/6985/4977
f 5686/6983/4975 5688/6985/4977 5689/6986/4978
f 5683/6980/4972 5686/6983/4975 5689/6986/4978
f 5683/6980/4972 5689/6986/4978 5684/6981/4973
f 5648/6952/4937 5653/6957/4942 5690/6987/4979
f 5648/6952/4937 5690/6987/4979 5687/6984/4976
f 5653/6957/4942 5652/6956/4941 5691/6988/4980
f 5653/6957/4942 5691/6988/4980 5690/6987/4979
f 5690/6987/4979 5691/6988/4980 5692/6989/4981
f 5690/6987/4979 5692/6989/4981 5693/6990/4982
f 5687/6984/4976 5690/6987/4979 5693/6990/4982
f 5687/6984/4976 5693/6990/4982 5688/6985/4977
f 5652/6956/4941 5657/6961/4946 5694/6991/4983
f 5652/6956/4941 5694/6991/4983 5691/6988/4980
f 5657/6961/4946 5656/6960/4945 5695/6992/4984
f 5657/6961/4946 5695/6992/4984 5694/6991/4983
f 5694/6991/4983 5695/6992/4984 5696/6993/4985
f 5694/6991/4983 5696/6993/4985 5697/6994/4986
f 5691/6988/4980 5694/6991/4983 5697/6994/4986
f 5691/6988/4980 5697/6994/4986 5692/6989/4981
f 5656/6960/4945 5661/6745/4950 5698/6747/4987
f 5656/6960/4945 5698/6747/4987 5695/6992/4984
f 5661/6745/4950 5699/6746/4988 5698/6747/4987
f 5695/6992/4984 5698/6747/4987 5700/6749/4989
f 5695/6992/4984 5700/6749/4989 5696/6993/4985
f 5665/6743/4954 5664/6962/4953 5703/6752/4990
f 5701/6750/4991 5703/6752/4990 5704/6995/4992
f 5701/6750/4991 5704/6995/4992 5705/6996/4993
f 5702/6751/4994 5701/6750/4991 5705/6996/4993
f 5702/6751/4994 5705/6996/4993 5706/6997/4995
f 5664/6962/4953 5669/6966/4958 5707/6998/4996
f 5664/6962/4953 5707/6998/4996 5703/6752/4990
f 5669/6966/4958 5668/6965/4957 5708/6999/4997
f 5669/6966/4958 5708/6999/4997 5707/6998/4996
f 5707/6998/4996 5708/6999/4997 5709/7000/4998
f 5707/6998/4996 5709/7000/4998 5710/7001/4999
f 5703/6752/4990 5707/6998/4996 5710/7001/4999
f 5703/6752/4990 5710/7001/4999 5704/6995/4992
f 5668/6965/4957 5673/6970/4962 5711/7002/5000
f 5668/6965/4957 5711/7002/5000 5708/6999/4997
f 5673/6970/4962 5672/6969/4961 5712/7003/5001
f 5673/6970/4962 5712/7003/5001 5711/7002/5000
f 5711/7002/5000 5712/7003/5001 5713/7004/5002
f 5711/7002/5000 5713/7004/5002 5714/7005/5003
f 5708/6999/4997 5711/7002/5000 5714/7005/5003
f 5708/6999/4997 5714/7005/5003 5709/7000/4998
f 5672/6969/4961 5677/6974/4966 5715/7006/5004
f 5672/6969/4961 5715/7006/5004 5712/7003/5001
f 5677/6974/4966 5676/6973/4965 5716/7007/5005
f 5677/6974/4966 5716/7007/5005 5715/7006/5004
f 5715/7006/5004 5716/7007/5005 5717/7008/5006
f 5715/7006/5004 5717/7008/5006 5718/7009/5007
f 5712/7003/5001 5715/7006/5004 5718/7009/5007
f 5712/7003/5001 5718/7009/5007 5713/7004/5002
f 5676/6973/4965 5681/6978/4970 5719/7010/5008
f 5676/6973/4965 5719/7010/5008 5716/7007/5005
f 5681/6978/4970 5680/6977/4969 5720/7011/5009
f 5681/6978/4970 5720/7011/5009 5719/7010/5008
f 5719/7010/5008 5720/7011/5009 5721/7012/5010
f 5719/7010/5008 5721/7012/5010 5722/7013/5011
f 5716/7007/5005 5719/7010/5008 5722/7013/5011
f 5716/7007/5005 5722/7013/5011 5717/7008/5006
f 5680/6977/4969 5685/6982/4974 5723/7014/5012
f 5680/6977/4969 5723/7014/5012 5720/7011/5009
f 5685/6982/4974 5684/6981/4973 5724/7015/5013
f 5685/6982/4974 5724/7015/5013 5723/7014/5012
f 5723/7014/5012 5724/7015/5013 5725/7016/5014
f 5723/7014/5012 5725/7016/5014 5726/7017/5015
f 5720/7011/5009 5723/7014/5012 5726/7017/5015
f 5720/7011/5009 5726/7017/5015 5721/7012/5010
f 5684/6981/4973 5689/6986/4978 5727/7018/5016
f 5684/6981/4973 5727/7018/5016 5724/7015/5013
f 5689/6986/4978 5688/6985/4977 5728/7019/5017
f 5689/6986/4978 5728/7019/5017 5727/7018/5016
f 5727/7018/5016 5728/7019/5017 5729/7020/5018
f 5727/7018/5016 5729/7020/5018 5730/7021/5019
f 5724/7015/5013 5727/7018/5016 5730/7021/5019
f 5724/7015/5013 5730/7021/5019 5725/7016/5014
f 5688/6985/4977 5693/6990/4982 5731/7022/5020
f 5688/6985/4977 5731/7022/5020 5728/7019/5017
f 5693/6990/4982 5692/6989/4981 5732/7023/5021
f 5693/6990/4982 5732/7023/5021 5731/7022/5020
f 5731/7022/5020 5732/7023/5021 5733/7024/5022
f 5731/7022/5020 5733/7024/5022 5734/7025/5023
f 5728/7019/5017 5731/7022/5020 5734/7025/5023
f 5728/7019/5017 5734/7025/5023 5729/7020/5018
f 5692/6989/4981 5697/6994/4986 5735/7026/5024
f 5692/6989/4981 5735/7026/5024 5732/7023/5021
f 5697/6994/4986 5696/6993/4985 5736/7027/5025
f 5697/6994/4986 5736/7027/5025 5735/7026/5024
f 5735/7026/5024 5736/7027/5025 5737/7028/5026
f 5735/7026/5024 5737/7028/5026 5738/7029/5027
f 5732/7023/5021 5735/7026/5024 5738/7029/5027
f 5732/7023/5021 5738/7029/5027 5733/7024/5022
f 5696/6993/4985 5700/6749/4989 5739/7030/5028
f 5696/6993/4985 5739/7030/5028 5736/7027/5025
f 5700/6749/4989 5740/6753/5029 5739/7030/5028
f 5739/7030/5028 5740/6753/5029 5741/7031/4995
f 5739/7030/5028 5741/7031/4995 5742/7032/5030
f 5736/7027/5025 5739/7030/5028 5742/7032/5030
f 5736/7027/5025 5742/7032/5030 5737/7028/5026
s 194
f 5418/6754/5031 5743/6755/5032 5744/6758/5033
s 192
f 5424/6773/4712 5422/6771/4710 5745/7033/5034
f 5424/6773/4712 5745/7033/5034 5746/7034/5035
f 5418/6754/4705 5747/7035/5036 5745/7033/5034
f 5418/6754/4705 5745/7033/5034 5422/6771/4710
f 5748/7036/5037 5746/7034/5035 5745/7033/5034
f 5748/7036/5037 5745/7033/5034 5747/7035/5036
f 5430/6779/4718 5428/6777/4716 5749/7037/5038
f 5430/6779/4718 5749/7037/5038 5750/7038/5039
f 5424/6773/4712 5751/7039/5035 5749/7037/5038
f 5424/6773/4712 5749/7037/5038 5428/6777/4716
f 5752/7040/4693 5750/7038/5039 5749/7037/5038
f 5752/7040/4693 5749/7037/5038 5751/7039/5035
f 5436/6785/4724 5434/6783/4722 5753/7041/5040
f 5436/6785/4724 5753/7041/5040 5754/7042/5041
f 5430/6779/4718 5755/7043/5042 5753/7041/5040
f 5430/6779/4718 5753/7041/5040 5434/6783/4722
f 5756/7044/4693 5754/7042/5041 5753/7041/5040
f 5756/7044/4693 5753/7041/5040 5755/7043/5042
f 5442/6791/4730 5440/6789/4728 5757/7045/5043
f 5442/6791/4730 5757/7045/5043 5758/7046/5044
f 5436/6785/4724 5759/7047/5045 5757/7045/5043
f 5436/6785/4724 5757/7045/5043 5440/6789/4728
f 5760/7048/4693 5758/7046/5044 5757/7045/5043
f 5760/7048/4693 5757/7045/5043 5759/7047/5045
f 5448/6759/4736 5446/6795/4734 5761/7049/5046
f 5448/6759/4736 5761/7049/5046 5762/7050/5047
f 5442/6791/4730 5763/7051/5044 5761/7049/5046
f 5442/6791/4730 5761/7049/5046 5446/6795/4734
f 5764/7052/4693 5762/7050/5047 5761/7049/5046
f 5764/7052/4693 5761/7049/5046 5763/7051/5044
f 5454/6802/4742 5452/6800/4740 5765/6761/5048
f 5454/6802/4742 5765/6761/5048 5766/7053/5049
f 5448/6759/4736 5765/6761/5048 5452/6800/4740
f 5768/7054/4693 5766/7053/5049 5765/6761/5048
f 5768/7054/4693 5765/6761/5048 5767/6760/5050
f 5460/6808/4748 5458/6806/4746 5769/7055/5051
f 5460/6808/4748 5769/7055/5051 5770/7056/5052
f 5454/6802/4742 5771/7057/5049 5769/7055/5051
f 5454/6802/4742 5769/7055/5051 5458/6806/4746
f 5772/7058/4693 5770/7056/5052 5769/7055/5051
f 5772/7058/4693 5769/7055/5051 5771/7057/5049
f 5466/6814/4754 5464/6812/4752 5773/6764/5053
f 5466/6814/4754 5773/6764/5053 5774/6763/5054
f 5460/6808/4748 5775/7059/5052 5773/6764/5053
f 5460/6808/4748 5773/6764/5053 5464/6812/4752
f 5776/6762/5055 5773/6764/5053 5775/7059/5052
f 5466/6814/4754 5778/6768/5056 5777/6765/5057
f 5466/6814/4754 5777/6765/5057 5470/6671/4758
f 5706/6997/4995 5705/6996/4993 5779/7060/5058
f 5706/6997/4995 5779/7060/5058 5780/7061/5059
f 5704/6995/4992 5781/7062/5060 5779/7060/5058
f 5704/6995/4992 5779/7060/5058 5705/6996/4993
f 5782/7063/5061 5780/7061/5059 5779/7060/5058
f 5782/7063/5061 5779/7060/5058 5781/7062/5060
f 5704/6995/4992 5710/7001/4999 5783/7064/5062
f 5704/6995/4992 5783/7064/5062 5784/7065/5060
f 5709/7000/4998 5785/7066/5063 5783/7064/5062
f 5709/7000/4998 5783/7064/5062 5710/7001/4999
f 5786/7067/5061 5784/7065/5060 5783/7064/5062
f 5786/7067/5061 5783/7064/5062 5785/7066/5063
f 5709/7000/4998 5714/7005/5003 5787/7068/5064
f 5709/7000/4998 5787/7068/5064 5788/7069/5063
f 5713/7004/5002 5789/7070/5065 5787/7068/5064
f 5713/7004/5002 5787/7068/5064 5714/7005/5003
f 5790/7071/5061 5788/7069/5063 5787/7068/5064
f 5790/7071/5061 5787/7068/5064 5789/7070/5065
f 5713/7004/5002 5718/7009/5007 5791/7072/5066
f 5713/7004/5002 5791/7072/5066 5792/7073/5067
f 5717/7008/5006 5793/7074/5068 5791/7072/5066
f 5717/7008/5006 5791/7072/5066 5718/7009/5007
f 5794/7075/5069 5792/7073/5067 5791/7072/5066
f 5794/7075/5069 5791/7072/5066 5793/7074/5068
f 5717/7008/5006 5722/7013/5011 5795/7076/5070
f 5717/7008/5006 5795/7076/5070 5796/7077/5071
f 5721/7012/5010 5797/7078/5072 5795/7076/5070
f 5721/7012/5010 5795/7076/5070 5722/7013/5011
f 5798/7079/5073 5796/7077/5071 5795/7076/5070
f 5798/7079/5073 5795/7076/5070 5797/7078/5072
f 5721/7012/5010 5726/7017/5015 5799/7080/5074
f 5721/7012/5010 5799/7080/5074 5800/7081/5072
f 5725/7016/5014 5801/7082/5075 5799/7080/5074
f 5725/7016/5014 5799/7080/5074 5726/7017/5015
f 5802/7083/5076 5800/7081/5072 5799/7080/5074
f 5802/7083/5076 5799/7080/5074 5801/7082/5075
f 5725/7016/5014 5730/7021/5019 5803/7084/5077
f 5725/7016/5014 5803/7084/5077 5804/7085/5075
f 5729/7020/5018 5805/7086/5078 5803/7084/5077
f 5729/7020/5018 5803/7084/5077 5730/7021/5019
f 5806/7087/5079 5804/7085/5075 5803/7084/5077
f 5806/7087/5079 5803/7084/5077 5805/7086/5078
f 5729/7020/5018 5734/7025/5023 5807/7088/5080
f 5729/7020/5018 5807/7088/5080 5808/7089/5081
f 5733/7024/5022 5809/7090/5082 5807/7088/5080
f 5733/7024/5022 5807/7088/5080 5734/7025/5023
f 5810/7091/5061 5808/7089/5081 5807/7088/5080
f 5810/7091/5061 5807/7088/5080 5809/7090/5082
f 5733/7024/5022 5738/7029/5027 5811/7092/5083
f 5733/7024/5022 5811/7092/5083 5812/7093/5082
f 5737/7028/5026 5813/7094/5084 5811/7092/5083
f 5737/7028/5026 5811/7092/5083 5738/7029/5027
f 5814/7095/5061 5812/7093/5082 5811/7092/5083
f 5814/7095/5061 5811/7092/5083 5813/7094/5084
f 5737/7028/5026 5742/7032/5030 5815/7096/5085
f 5737/7028/5026 5815/7096/5085 5816/7097/5084
f 5741/7031/4995 5817/7098/5059 5815/7096/5085
f 5741/7031/4995 5815/7096/5085 5742/7032/5030
f 5818/7099/5061 5816/7097/5084 5815/7096/5085
f 5818/7099/5061 5815/7096/5085 5817/7098/5059
s 195
f 5321/7100/5086 5323/7101/5087 5324/7102/5088
s 196
f 5322/7103/5089 5325/7104/5090 5326/7105/5091
s 197
f 5331/7106/5092 5332/7107/5093 5333/7108/5094
f 5331/7106/5092 5333/7108/5094 5334/7109/5095
f 5332/7107/5093 5335/7110/5096 5336/7111/5097
f 5332/7107/5093 5336/7111/5097 5333/7108/5094
f 5333/7108/5094 5336/7111/5097 5337/7112/5098
f 5333/7108/5094 5337/7112/5098 5338/7113/5099
f 5334/7109/5095 5333/7108/5094 5338/7113/5099
f 5334/7109/5095 5338/7113/5099 5339/7114/5100
s 198
f 5343/7040/5101 5344/7115/5102 5342/7116/5103
f 5343/7040/5101 5342/7116/5103 5341/7117/5104
s 197
f 5345/7118/5105 5346/7119/5106 5347/7120/5107
f 5345/7118/5105 5347/7120/5107 5348/7121/5108
f 5328/7122/5109 5329/7123/5110 5347/7120/5107
f 5328/7122/5109 5347/7120/5107 5346/7119/5106
f 5330/7124/5111 5348/7121/5108 5347/7120/5107
f 5330/7124/5111 5347/7120/5107 5329/7123/5110
s 199
f 5351/7125/5112 5352/7126/5113 5350/7127/5114
s 200
f 5355/7128/5115 5356/7129/5116 5357/7130/5117
f 5340/7131/5118 5357/7130/5117 5356/7129/5116
s 197
f 5339/7114/5100 5338/7113/5099 5359/7132/5119
f 5339/7114/5100 5359/7132/5119 5360/7133/5120
f 5337/7112/5098 5359/7132/5119 5338/7113/5099
f 5361/7134/5121 5360/7133/5120 5359/7132/5119
s 201
f 5327/7135/5122 5363/7136/5123 5362/7137/5124
f 5355/7128/5125 5358/7138/5126 5362/7137/5124
f 5355/7128/5125 5362/7137/5124 5363/7136/5123
s 197
f 5364/7139/5127 5366/7140/5128 5367/7141/5129
f 5368/7142/5130 5369/7143/5131 5366/7140/5128
f 5368/7142/5130 5366/7140/5128 5365/7144/5132
f 5370/7145/5133 5367/7141/5129 5366/7140/5128
f 5370/7145/5133 5366/7140/5128 5369/7143/5131
f 5373/7146/5134 5374/7147/5135 5372/7148/5136
f 5375/7149/5137 5372/7148/5136 5374/7147/5135
s 202
f 5376/7150/5138 5377/7151/5139 5378/7152/5140
f 5376/7150/5138 5378/7152/5140 5379/7153/5141
f 5380/6642/5142 5381/6657/5143 5378/7152/5140
f 5380/6642/5142 5378/7152/5140 5377/7151/5139
s 203
f 5384/7154/5144 5385/7155/5145 5386/7156/5146
f 5384/7154/5144 5386/7156/5146 5387/7157/5147
s 197
f 5388/7158/5148 5389/7159/5149 5390/7160/5150
f 5388/7158/5148 5390/7160/5150 5391/7161/5151
f 5389/7159/5149 5382/7162/5152 5392/7163/5153
f 5389/7159/5149 5392/7163/5153 5390/7160/5150
f 5390/7160/5150 5392/7163/5153 5393/7164/5154
f 5390/7160/5150 5393/7164/5154 5394/7165/5155
f 5391/7161/5151 5390/7160/5150 5394/7165/5155
f 5391/7161/5151 5394/7165/5155 5395/7166/5156
s 203
f 5387/7157/5147 5386/7156/5146 5397/7167/5157
f 5387/7157/5147 5397/7167/5157 5396/7168/5158
f 5396/7168/5158 5397/7167/5157 5351/7125/5159
f 5396/7168/5158 5351/7125/5159 5349/7169/5160
s 197
f 5395/7166/5156 5394/7165/5155 5398/7170/5161
f 5395/7166/5156 5398/7170/5161 5399/7171/5162
f 5394/7165/5155 5393/7164/5154 5400/7172/5163
f 5394/7165/5155 5400/7172/5163 5398/7170/5161
f 5398/7170/5161 5400/7172/5163 5328/7122/5109
f 5398/7170/5161 5328/7122/5109 5346/7119/5106
f 5399/7171/5162 5398/7170/5161 5346/7119/5106
f 5399/7171/5162 5346/7119/5106 5345/7118/5105
f 5373/7146/5134 5401/7173/5164 5402/7174/5165
f 5373/7146/5134 5402/7174/5165 5374/7147/5135
f 5403/7175/5166 5404/7176/5167 5402/7174/5165
f 5403/7175/5166 5402/7174/5165 5401/7173/5164
f 5375/7149/5137 5374/7147/5135 5402/7174/5165
f 5375/7149/5137 5402/7174/5165 5404/7176/5167
f 5370/7145/5133 5369/7143/5131 5407/7177/5168
f 5370/7145/5133 5407/7177/5168 5408/7178/5169
f 5368/7142/5130 5383/7179/5170 5407/7177/5168
f 5368/7142/5130 5407/7177/5168 5369/7143/5131
f 5382/7162/5152 5389/7159/5149 5407/7177/5168
f 5382/7162/5152 5407/7177/5168 5383/7179/5170
f 5388/7158/5148 5409/7180/5171 5407/7177/5168
f 5388/7158/5148 5407/7177/5168 5389/7159/5149
f 5335/7110/5096 5332/7107/5093 5407/7177/5168
f 5335/7110/5096 5407/7177/5168 5409/7180/5171
f 5331/7106/5092 5410/7181/5172 5407/7177/5168
f 5331/7106/5092 5407/7177/5168 5332/7107/5093
f 5403/7175/5166 5401/7173/5164 5407/7177/5168
f 5403/7175/5166 5407/7177/5168 5410/7181/5172
f 5373/7146/5134 5411/7182/5173 5407/7177/5168
f 5373/7146/5134 5407/7177/5168 5401/7173/5164
f 5412/7183/5174 5408/7178/5169 5407/7177/5168
f 5412/7183/5174 5407/7177/5168 5411/7182/5173
s 204
f 5405/7184/5175 5414/7185/5172 5413/7186/5176
f 5405/7184/5175 5413/7186/5176 5406/7187/5177
f 5325/7104/5178 5413/7186/5176 5414/7185/5172
s 205
f 5415/7188/5179 5354/7189/5180 5353/7190/5181
s 197
f 5411/7182/5173 5373/7146/5134 5371/7191/5182
s 206
f 5819/7100/5183 5820/7103/5184 5821/7101/5185
f 5820/7103/5184 5824/7105/5186 5821/7101/5185
f 5821/7101/5185 5824/7105/5186 5825/7135/5187
f 5821/7101/5185 5825/7135/5187 5826/7192/5188
f 5822/7102/5189 5821/7101/5185 5826/7192/5188
f 5822/7102/5189 5826/7192/5188 5827/7193/5190
s 207
f 5828/7122/5191 5829/7194/5192 5830/7195/5193
f 5828/7122/5191 5830/7195/5193 5831/7123/5194
f 5832/7196/5195 5833/7197/5196 5830/7195/5193
f 5832/7196/5195 5830/7195/5193 5829/7194/5192
f 5834/7124/5197 5831/7123/5194 5830/7195/5193
f 5834/7124/5197 5830/7195/5193 5833/7197/5196
s 206
f 5827/7193/5190 5835/7198/5198 5836/7199/5199
f 5827/7193/5190 5836/7199/5199 5822/7102/5189
f 5835/7198/5198 5837/7131/5200 5838/7200/5097
f 5835/7198/5198 5838/7200/5097 5836/7199/5199
f 5836/7199/5199 5838/7200/5097 5839/7058/5096
f 5836/7199/5199 5839/7058/5096 5840/7201/5201
f 5822/7102/5189 5836/7199/5199 5840/7201/5201
f 5822/7102/5189 5840/7201/5201 5819/7100/5183
f 5841/7202/5202 5842/7117/5203 5843/7116/5204
f 5841/7202/5202 5843/7116/5204 5844/7203/5205
f 5847/7204/5206 5844/7203/5205 5843/7116/5204
f 5847/7204/5206 5843/7116/5204 5846/7115/5207
f 5848/7205/5208 5849/7169/5209 5850/7127/5210
f 5848/7205/5208 5850/7127/5210 5851/7206/5196
f 5852/7125/5211 5850/7127/5210 5849/7169/5209
f 5854/7207/5212 5851/7206/5196 5850/7127/5210
f 5854/7207/5212 5850/7127/5210 5853/7126/5213
f 5855/7190/5214 5856/7189/5215 5857/7208/5216
f 5855/7190/5214 5857/7208/5216 5858/7209/5217
f 5859/7210/5218 5860/7211/5219 5857/7208/5216
f 5859/7210/5218 5857/7208/5216 5856/7189/5215
f 5861/7212/5220 5858/7209/5217 5857/7208/5216
f 5861/7212/5220 5857/7208/5216 5860/7211/5219
f 5862/7128/5221 5863/7130/5222 5864/7138/5223
f 5837/7131/5200 5835/7198/5198 5863/7130/5222
f 5827/7193/5190 5864/7138/5223 5863/7130/5222
f 5827/7193/5190 5863/7130/5222 5835/7198/5198
f 5827/7193/5190 5826/7192/5188 5865/7137/5224
f 5827/7193/5190 5865/7137/5224 5864/7138/5223
f 5825/7135/5187 5865/7137/5224 5826/7192/5188
s 207
f 5866/7139/5225 5867/7144/5226 5868/7140/5227
f 5870/7213/5206 5871/7214/5228 5872/7215/5229
f 5870/7213/5206 5872/7215/5229 5873/7216/5205
f 5869/7142/5230 5867/7144/5226 5872/7215/5229
f 5869/7142/5230 5872/7215/5229 5871/7214/5228
f 5866/7139/5225 5873/7216/5205 5872/7215/5229
f 5866/7139/5225 5872/7215/5229 5867/7144/5226
s 208
f 5874/7217/5231 5875/7191/5232 5876/7218/5233
f 5874/7217/5231 5876/7218/5233 5877/7219/5219
f 5878/7146/5234 5876/7218/5233 5875/7191/5232
f 5879/7149/5235 5877/7219/5219 5876/7218/5233
s 206
f 5880/7220/5236 5881/7221/5237 5882/7222/5238
f 5880/7220/5236 5882/7222/5238 5883/7223/5239
f 5884/7224/5240 5885/7225/5241 5882/7222/5238
f 5884/7224/5240 5882/7222/5238 5881/7221/5237
f 5886/7226/5242 5883/7223/5239 5882/7222/5238
f 5886/7226/5242 5882/7222/5238 5885/7225/5241
f 5819/7100/5183 5840/7201/5201 5887/7227/5243
f 5819/7100/5183 5887/7227/5243 5888/7228/5244
f 5839/7058/5096 5889/7229/5245 5887/7227/5243
f 5839/7058/5096 5887/7227/5243 5840/7201/5201
f 5890/7230/5148 5891/7231/5246 5887/7227/5243
f 5890/7230/5148 5887/7227/5243 5889/7229/5245
f 5892/7232/5247 5893/7233/5248 5887/7227/5243
f 5892/7232/5247 5887/7227/5243 5891/7231/5246
f 5894/6653/5249 5895/6650/5250 5887/7227/5243
f 5894/6653/5249 5887/7227/5243 5893/7233/5248
f 5896/6649/4519 5897/7234/5251 5887/7227/5243
f 5896/6649/4519 5887/7227/5243 5895/6650/5250
f 5898/7235/5252 5888/7228/5244 5887/7227/5243
f 5898/7235/5252 5887/7227/5243 5897/7234/5251
s 207
f 5905/6656/5253 5906/7236/5248 5901/7152/5254
f 5905/6656/5253 5901/7152/5254 5904/6657/5255
f 5907/7237/5247 5908/7238/5256 5901/7152/5254
f 5907/7237/5247 5901/7152/5254 5906/7236/5248
f 5909/7162/5257 5910/7179/5258 5901/7152/5254
f 5909/7162/5257 5901/7152/5254 5908/7238/5256
f 5869/7142/5230 5871/7214/5228 5901/7152/5254
f 5869/7142/5230 5901/7152/5254 5910/7179/5258
f 5870/7213/5206 5902/7153/5259 5901/7152/5254
f 5870/7213/5206 5901/7152/5254 5871/7214/5228
s 206
f 5911/7239/5260 5912/7240/5261 5913/7241/5262
f 5911/7239/5260 5913/7241/5262 5914/7242/5263
f 5898/7235/5252 5915/7243/5251 5913/7241/5262
f 5898/7235/5252 5913/7241/5262 5912/7240/5261
f 5916/6646/4516 5917/6643/5264 5913/7241/5262
f 5916/6646/4516 5913/7241/5262 5915/7243/5251
f 5903/6642/5265 5900/7151/5266 5913/7241/5262
f 5903/6642/5265 5913/7241/5262 5917/6643/5264
f 5899/7150/5267 5914/7242/5263 5913/7241/5262
f 5899/7150/5267 5913/7241/5262 5900/7151/5266
f 5892/7232/5247 5891/7231/5246 5918/7154/5268
f 5892/7232/5247 5918/7154/5268 5919/7244/5269
f 5891/7231/5246 5890/7230/5148 5920/7155/5270
f 5891/7231/5246 5920/7155/5270 5918/7154/5268
f 5919/7244/5269 5918/7154/5268 5921/7157/5271
f 5919/7244/5269 5921/7157/5271 5922/7245/5272
s 207
f 5909/7162/5257 5908/7238/5256 5925/7246/5273
f 5909/7162/5257 5925/7246/5273 5923/7163/5274
f 5908/7238/5256 5907/7237/5247 5926/7247/5269
f 5908/7238/5256 5926/7247/5269 5925/7246/5273
f 5925/7246/5273 5926/7247/5269 5927/7248/5275
f 5925/7246/5273 5927/7248/5275 5928/7249/5276
f 5923/7163/5274 5925/7246/5273 5928/7249/5276
f 5923/7163/5274 5928/7249/5276 5924/7164/5277
s 206
f 5922/7245/5272 5921/7157/5271 5929/7168/5278
f 5922/7245/5272 5929/7168/5278 5930/7250/5279
f 5930/7250/5279 5929/7168/5278 5849/7169/5209
f 5930/7250/5279 5849/7169/5209 5848/7205/5208
s 207
f 5924/7164/5277 5928/7249/5276 5932/7251/5280
f 5924/7164/5277 5932/7251/5280 5931/7172/5281
f 5928/7249/5276 5927/7248/5275 5933/7252/5282
f 5928/7249/5276 5933/7252/5282 5932/7251/5280
f 5932/7251/5280 5933/7252/5282 5832/7196/5195
f 5932/7251/5280 5832/7196/5195 5829/7194/5192
f 5931/7172/5281 5932/7251/5280 5829/7194/5192
f 5931/7172/5281 5829/7194/5192 5828/7122/5191
s 206
f 5934/7184/5283 5935/7187/5284 5936/7253/5285
f 5934/7184/5283 5936/7253/5285 5937/7254/5286
f 5855/7190/5214 5858/7209/5217 5936/7253/5285
f 5855/7190/5214 5936/7253/5285 5935/7187/5284
f 5861/7212/5220 5937/7254/5286 5936/7253/5285
f 5861/7212/5220 5936/7253/5285 5858/7209/5217
f 5847/7204/5206 5846/7115/5207 5938/7255/5287
f 5847/7204/5206 5938/7255/5287 5939/7256/5288
f 5845/7040/5289 5940/7257/5290 5938/7255/5287
f 5845/7040/5289 5938/7255/5287 5846/7115/5207
f 5884/7224/5240 5881/7221/5237 5938/7255/5287
f 5884/7224/5240 5938/7255/5287 5940/7257/5290
f 5880/7220/5236 5941/7258/5291 5938/7255/5287
f 5880/7220/5236 5938/7255/5287 5881/7221/5237
f 5911/7239/5260 5942/6822/5292 5938/7255/5287
f 5911/7239/5260 5938/7255/5287 5941/7258/5291
f 5943/7259/5293 5939/7256/5288 5938/7255/5287
f 5943/7259/5293 5938/7255/5287 5942/6822/5292
f 5880/7220/5236 5946/7260/5294 5947/7186/5295
f 5880/7220/5236 5947/7186/5295 5941/7258/5291
f 5855/7190/5214 5935/7187/5284 5947/7186/5295
f 5855/7190/5214 5947/7186/5295 5946/7260/5294
f 5823/7104/5296 5820/7103/5184 5947/7186/5295
f 5819/7100/5183 5888/7228/5244 5947/7186/5295
f 5819/7100/5183 5947/7186/5295 5820/7103/5184
f 5898/7235/5252 5912/7240/5261 5947/7186/5295
f 5898/7235/5252 5947/7186/5295 5888/7228/5244
f 5911/7239/5260 5941/7258/5291 5947/7186/5295
f 5911/7239/5260 5947/7186/5295 5912/7240/5261
f 5886/7226/5242 5948/7261/5297 5949/7188/5298
f 5886/7226/5242 5949/7188/5298 5883/7223/5239
f 5948/7261/5297 5859/7210/5218 5856/7189/5215
f 5948/7261/5297 5856/7189/5215 5949/7188/5298
f 5949/7188/5298 5855/7190/5214 5946/7260/5294
f 5883/7223/5239 5949/7188/5298 5946/7260/5294
f 5883/7223/5239 5946/7260/5294 5880/7220/5236
s 208
f 5945/7183/5299 5944/7182/5300 5950/7262/5301
f 5945/7183/5299 5950/7262/5301 5951/7263/5302
f 5944/7182/5300 5875/7191/5232 5950/7262/5301
f 5950/7262/5301 5875/7191/5232 5874/7217/5231
f 5950/7262/5301 5874/7217/5231 5952/7264/5303
f 5951/7263/5302 5950/7262/5301 5952/7264/5303
f 5951/7263/5302 5952/7264/5303 5953/7265/5304
